Index,demand
0,0.043162214
1,0.029954413
2,0.03977767
3,0.044678788
4,0.058290105
5,0.017791352
6,0.044125259
7,0.111160392
8,0.044295241
9,0.054896783
10,0.042031657
11,0.254665098
12,0.2470581
13,0.039129739
14,0.154841603
15,0.088098509
16,0.148126692
17,0.067836564
18,0.111428323
19,0.073642083
20,0.011348759
21,0.027036496
22,0.085015493
23,0.040010939
24,0.523012022
25,0.094285908
26,0.045970536
27,0.0839052
28,0.054700954
29,0.013132961
30,0.033467326
31,0.034946195
32,0.033987399
33,0.135774738
34,0.284360305
35,0.524734886
36,0.047715444
37,0.056072505
38,0.111124829
39,0.127551184
40,0.010677159
41,0.008051456
42,0.020265104
43,0.053946921
44,0.041808029
45,0.063484224
46,0.056780185
47,0.42381382
48,0.098030244
49,0.074320251
50,0.285326496
51,0.096116683
52,0.023684009
53,0.146249963
54,0.017896085
55,0.051038666
56,0.144439064
57,0.047677493
58,0.038294435
59,0.041680069
60,0.066137028
61,0.077931985
62,0.100431224
63,0.078546119
64,0.043809048
65,0.399752383
66,0.032253761
67,0.045214588
68,0.053270799
69,0.061910398
70,0.028486009
71,0.034047463
72,0.005626518
73,0.032252904
74,0.07623281
75,0.023986573
76,0.050556604
77,0.153612255
78,0.166120649
79,0.046090564
80,0.034945836
81,0.018848197
82,0.012825181
83,0.10357264
84,0.096792127
85,0.073493017
86,0.172802549
87,0.458397865
88,0.066012875
89,0.044553551
90,0.021215328
91,0.034877901
92,0.083968564
93,0.148105968
94,0.170936141
95,0.020009385
96,0.031398637
97,0.036802238
98,0.011575857
99,0.009354108
100,0.034353859
101,0.027043358
102,0.044381364
103,0.15122637
104,0.066398843
105,0.050911178
106,0.041205764
107,0.090651801
108,0.48463419
109,0.06585452
110,0.019218178
111,0.023608734
112,0.039786711
113,0.050816339
114,0.027396855
115,0.13631851
116,0.146346279
117,0.101025416
118,0.0876624
119,0.04956093
120,0.030298804
121,0.033358754
122,0.027286356
123,0.03045305
124,0.004204845
125,0.057908772
126,0.049911926
127,0.24785373
128,0.021572487
129,0.046410128
130,0.025997177
131,0.019382705
132,0.017462589
133,0.02238186
134,0.041794054
135,0.026684151
136,0.085463784
137,0.125614582
138,0.261580443
139,0.039496569
140,0.047705395
141,0.082413189
142,0.05477336
143,0.017858191
144,0.070453904
145,0.017059998
146,0.012210608
147,0.028432382
148,0.078678712
149,0.036135855
150,0.025727828
151,0.032957425
152,0.064547558
153,0.062546732
154,0.14506096
155,0.111005969
156,0.242179464
157,0.071764721
158,0.059025255
159,0.021384774
160,0.050326434
161,0.045513302
162,0.09731459
163,0.039240928
164,0.60724586
165,0.109198718
166,0.023540028
167,0.108590128
168,0.048764665
169,0.050399473
170,0.023490238
171,0.020455886
172,0.010947585
173,0.040692263
174,0.01737764
175,0.018458726
176,0.060425988
177,0.05192092
178,0.083681501
179,0.083082677
180,0.103481394
181,0.25176507
182,0.423533625
183,0.066069985
184,0.022527731
185,0.072159666
186,0.018094414
187,0.049367904
188,0.009481761
189,0.071929972
190,0.053252306
191,0.127440429
192,0.05183758
193,0.093084462
194,0.044230471
195,0.063183949
196,0.019519995
197,0.023613476
198,0.104732553
199,0.037618511
200,0.050289288
201,0.029016282
202,0.010566659
203,0.02445472
204,0.050281746
205,0.061544288
206,0.068812158
207,0.11845889
208,0.102449109
209,0.148122421
210,0.13053589
211,0.097481753
212,0.016038834
213,0.089467504
214,0.056335031
215,0.011033617
216,0.04881357
217,0.089276156
218,0.031624523
219,0.026092398
220,0.052556151
221,0.040896922
222,0.014672281
223,0.057310105
224,0.07966047
225,0.031341247
226,0.052647221
227,0.025633052
228,0.034356733
229,0.066067522
230,0.037343106
231,0.087466151
232,0.070658916
233,0.142230967
234,0.29572689
235,0.101792904
236,0.12494311
237,0.056888406
238,0.081128519
239,0.092983262
240,0.078665073
241,0.059397381
242,0.027460402
243,0.253141694
244,0.074037656
245,0.1001216
246,0.060526735
247,0.08062642
248,0.02398245
249,0.025508221
250,0.009065503
251,0.019631727
252,0.022376604
253,0.059583049
254,0.144887208
255,0.064368591
256,0.041461365
257,0.106641108
258,0.471749718
259,0.102798339
260,0.020044883
261,0.244216186
262,0.059520872
263,0.400580318
264,0.149874384
265,0.06576935
266,0.016035289
267,0.046554958
268,0.047361343
269,0.088433744
270,0.266840609
271,0.043397722
272,0.399297665
273,0.088094941
274,0.063708845
275,0.015892274
276,0.015575668
277,0.046090212
278,0.079860127
279,0.018270591
280,0.13964399
281,0.260016496
282,0.148525366
283,0.083172173
284,0.034546337
285,0.119156749
286,0.17358939
287,0.250864406
288,0.051992556
289,0.050785777
290,0.020359129
291,0.056473777
292,0.528723346
293,0.037812828
294,0.095670764
295,0.288802809
296,0.259744892
297,0.011597497
298,0.019594219
299,0.046479805
300,0.053113503
301,0.124551545
302,0.268478021
303,0.13712002
304,0.069400959
305,0.254674138
306,0.243897923
307,0.144654643
308,0.260543267
309,0.410526248
310,0.078117724
311,0.021901226
312,0.048718778
313,0.077686104
314,0.049235911
315,0.174507245
316,0.652267487
317,0.00583814
318,0.067760703
319,0.408510199
320,0.014644818
321,0.047772128
322,0.259852521
323,0.014386349
324,0.050828734
325,0.078969018
326,0.027221704
327,0.041106118
328,0.161084614
329,0.061746112
330,0.116262375
331,0.133325033
332,0.13436803
333,0.249932345
334,0.270796974
335,0.158001527
336,0.033760585
337,0.265484718
338,0.270876221
339,0.127927608
340,0.719375283
341,0.421779498
342,0.268103276
343,0.019336894
344,0.120639103
345,0.054569455
346,0.031269702
347,0.013816
348,0.016822205
349,0.048586488
350,0.008978129
351,0.013315422
352,0.034220271
353,0.051159852
354,0.120818663
355,0.113494991
356,0.140472793
357,0.096313923
358,0.139901878
359,0.102307247
360,0.022988822
361,0.124831933
362,0.267122955
363,0.020502049
364,0.064723924
365,0.654152596
366,0.747998839
367,0.487849934
368,0.006419179
369,0.03695215
370,0.016930112
371,0.061546715
372,0.284565061
373,0.067295496
374,0.018223526
375,0.056505614
376,0.030899387
377,0.054517543
378,0.049890499
379,0.059258217
380,0.015580358
381,0.262666005
382,0.019218187
383,0.05519192
384,0.130653103
385,0.124030957
386,0.052539728
387,0.049880775
388,0.102473697
389,0.094283061
390,0.021486133
391,0.140153728
392,0.094892775
393,0.12548943
394,0.649786016
395,0.831693615
396,0.504703455
397,0.063468242
398,0.024928588
399,0.146066046
400,0.096885369
401,0.254870821
402,0.050752464
403,0.076962566
404,0.023402639
405,0.072951022
406,0.11025955
407,0.247443289
408,0.092186215
409,0.544802349
410,0.267947643
411,0.156323159
412,0.158359441
413,0.0976969
414,0.063050555
415,0.135309078
416,0.042431787
417,0.03019535
418,0.026780414
419,0.104455484
420,0.109078071
421,0.052881881
422,0.095586355
423,0.023753867
424,0.683928259
425,0.961482509
426,0.771440657
427,0.121158248
428,0.035365454
429,0.249181131
430,0.140122533
431,0.030130778
432,0.010663903
433,0.017690331
434,0.01595672
435,0.067148912
436,0.114900506
437,0.055915097
438,0.407872138
439,0.518995618
440,0.083875569
441,0.133606472
442,0.118020364
443,0.276604431
444,0.07735569
445,0.251284488
446,0.098920813
447,0.031884211
448,0.066959368
449,0.102600344
450,0.112414914
451,0.044495172
452,0.021186473
453,0.302750214
454,0.390849666
455,0.128306582
456,0.070361836
457,0.025490421
458,0.244028817
459,0.06669755
460,0.267269516
461,0.038950411
462,0.042304928
463,0.044940215
464,0.016300515
465,0.023869288
466,0.060215121
467,0.043212241
468,0.260946285
469,0.763826333
470,0.415668743
471,0.409116928
472,0.102371813
473,0.154051544
474,0.256052588
475,0.502808867
476,0.077832007
477,0.034552419
478,0.042278584
479,0.031440857
480,0.251413874
481,0.141222337
482,0.100943269
483,0.274024022
484,0.262579118
485,0.258352849
486,0.853995764
487,0.103126024
488,0.021282172
489,0.1415376
490,0.256777826
491,0.026280952
492,0.053963072
493,0.46102742
494,0.005431
495,0.057156367
496,0.040874358
497,0.043262184
498,0.062019954
499,0.243321887
500,0.40002665
501,0.400022361
502,0.475342364
503,0.410072866
504,0.146874524
505,0.141851286
506,0.259699342
507,0.012456347
508,0.022676719
509,0.156350809
510,0.077522719
511,0.044167447
512,0.148775642
513,0.147015846
514,0.539894719
515,0.146286525
516,0.0067807
517,0.072997359
518,0.113808908
519,0.078196835
520,0.051780056
521,0.009553928
522,0.007971369
523,0.012343751
524,0.032404026
525,0.058483796
526,0.090177929
527,0.095910156
528,0.136539691
529,0.393880691
530,0.711775336
531,0.392341614
532,0.409902106
533,0.582738536
534,0.101787188
535,0.021241459
536,0.060831296
537,0.059878874
538,0.142034337
539,0.167050693
540,0.063012215
541,0.040661085
542,0.04927942
543,0.128570316
544,0.019173755
545,0.002931242
546,0.052119235
547,0.15320685
548,0.02268515
549,0.018126639
550,0.044734495
551,0.028166575
552,0.01339654
553,0.036473904
554,0.112481748
555,0.056625187
556,0.075870963
557,0.265511866
558,0.408540743
559,0.393788878
560,0.772026034
561,0.680826067
562,0.395151422
563,0.101269904
564,0.049594237
565,0.015601663
566,0.055385926
567,0.1196251
568,0.017996098
569,0.029786597
570,0.474576689
571,0.04055197
572,0.02008081
573,0.062963469
574,0.040755063
575,0.079053101
576,0.034603938
577,0.051545361
578,0.020792796
579,0.04428267
580,0.012488328
581,0.018123241
582,0.043570815
583,0.097135619
584,0.141766711
585,0.543139421
586,0.402566503
587,0.243133159
588,0.743290624
589,0.399581124
590,0.487173572
591,0.137294139
592,0.040309969
593,0.033048287
594,0.045164114
595,0.049323947
596,0.057174231
597,0.042345748
598,0.048244992
599,0.424166439
600,0.113665947
601,0.265629768
602,0.035554579
603,0.081063435
604,0.145505801
605,0.133039901
606,0.261621403
607,0.043711853
608,0.034868265
609,0.043906115
610,0.149803008
611,0.508637745
612,0.406136933
613,0.283820105
614,0.143000117
615,0.405295761
616,0.15635979
617,0.07808079
618,0.028518504
619,0.050870383
620,0.035868762
621,0.129368279
622,0.250277799
623,0.080068699
624,0.267397154
625,0.030707817
626,0.060853926
627,0.164227038
628,0.066890142
629,0.018986204
630,0.11396559
631,0.128980277
632,0.047229047
633,0.243222795
634,0.260205142
635,0.081618511
636,0.098992322
637,0.033435013
638,0.089663247
639,0.08898574
640,0.055950254
641,0.124291273
642,0.249985533
643,0.049749444
644,0.025629587
645,0.013129677
646,0.108217445
647,0.010501392
648,0.012887403
649,0.083904101
650,0.049529963
651,0.037032201
652,0.120541672
653,0.04498679
654,0.076389662
655,0.007995949
656,0.053155315
657,0.134956363
658,0.406816475
659,0.508641928
660,0.061462711
661,0.020269303
662,0.023088954
663,0.034342403
664,0.064846521
665,0.019063891
666,0.056297282
667,0.141961144
668,0.014634433
669,0.030098419
670,0.016807867
671,0.020219812
672,0.067763561
673,0.102576449
674,0.283421091
675,0.01337119
676,0.023938903
677,0.055374825
678,0.07496827
679,0.097247145
680,0.284525042
681,0.06697671
682,0.012074208
683,0.012339369
684,0.106826753
685,0.036136848
686,0.018324252
687,0.069532291
688,0.126617815
689,0.0486861
690,0.020267485
691,0.010807791
692,0.269796909
693,0.016328939
694,0.025442219
695,0.254224325
696,0.068509541
697,0.048399228
698,0.019485554
699,0.040252223
700,0.069311103
701,0.389193414
702,0.033343723
703,0.020093533
704,0.026082022
705,0.042254054
706,0.069219324
707,0.137977139
708,0.054766528
709,0.143081444
710,0.097823549
711,0.026647406
712,0.045633928
713,0.045525082
714,0.038198441
715,0.146226941
716,0.019957844
717,0.016483785
718,0.11092195
719,0.018604719
720,0.109622454
721,0.04214092
722,0.017443678
723,0.278793653
724,0.611185141
725,0.246993525
726,0.059838335
727,0.086755779
728,0.037533543
729,0.080514991
730,0.058229246
731,0.091406949
732,0.745298925
733,0.082264641
734,0.016371792
735,0.082048853
736,0.091969965
737,0.041602937
738,0.160379389
739,0.464784872
740,0.070591368
741,0.133130967
742,0.033488933
743,0.045632741
744,0.020811291
745,0.094994465
746,0.022521457
747,0.005723289
748,0.017988849
749,0.055614415
750,0.048982241
751,0.021809406
752,0.054841763
753,0.019393984
754,0.100098831
755,0.028352485
756,0.04415077
757,0.020947585
758,0.032511012
759,0.083597024
760,0.106122786
761,0.027735051
762,0.056827393
763,0.479874616
764,0.048461868
765,0.081012879
766,0.045878839
767,0.039869982
768,0.038814428
769,0.138734724
770,0.037014888
771,0.015507349
772,0.0109862
773,0.046133225
774,0.090087921
775,0.023420424
776,0.252362171
777,0.045734253
778,0.030737457
779,0.047635507
780,0.262621586
781,0.028334682
782,0.020886577
783,0.032239632
784,0.047860246
785,0.043148094
786,0.262189959
787,0.065091381
788,0.005959009
789,0.01567565
790,0.055919145
791,0.112252707
792,0.11145367
793,0.079312851
794,0.077409167
795,0.03269825
796,0.05181537
797,0.048221257
798,0.259063588
799,0.120344952
800,0.011654866
801,0.031122387
802,0.014995356
803,0.014255533
804,0.018688173
805,0.012485194
806,0.027714835
807,0.007518734
808,0.017312863
809,0.013193457
810,0.012369359
811,0.021947053
812,0.055180324
813,0.042622296
814,0.104758262
815,0.006486261
816,0.009738507
817,0.116781138
818,0.153974913
819,0.127485455
820,0.028252231
821,0.010507118
822,0.025977682
823,0.0249869
824,0.007886085
825,0.016544672
826,0.00418293
827,0.0136004
828,0.010866846
829,0.008707069
830,0.058979984
831,0.044369112
832,0.013917494
833,0.011216891
834,0.010784943
835,0.010442149
836,0.011234901
837,0.082829151
838,0.028548418
839,0.044855915
840,0.00882725
841,0.033214285
842,0.012371241
843,0.07673538
844,0.014844218
845,0.011028623
846,0.014047823
847,0.131161703
848,0.055154455
849,0.049845087
850,0.050944418
851,0.006766055
852,0.076330749
853,0.01779635
854,0.011747235
855,0.062187755
856,0.081077238
857,0.108005499
858,0.041006562
859,0.037537288
860,0.037576874
861,0.023568367
862,0.013263403
863,0.012229144
864,0.011819579
865,0.011722357
866,0.031835522
867,0.012317384
868,0.060243884
869,0.048739388
870,0.02899712
871,0.115086221
872,0.019308562
873,0.021678308
874,0.013462857
875,0.013366337
876,0.019336515
877,0.045830717
878,0.021564268
879,0.013784187
880,0.026509047
881,0.0112761
882,0.012200332
883,0.10385769
884,0.115325108
885,0.022763384
886,0.072746713
887,0.018075034
888,0.061096151
889,0.03249331
890,0.052622663
891,0.026745696
892,0.067132341
893,0.015433701
894,0.030920119
895,0.038956025
896,0.046355538
897,0.106063729
898,0.040201686
899,0.061243844
900,0.050684637
901,0.123604791
902,0.244017277
903,0.02441307
904,0.037450841
905,0.165482519
906,0.061716227
907,0.394076537
908,0.05541394
909,0.119826287
910,0.058017737
911,0.008914266
912,0.016926919
913,0.259473588
914,0.040522797
915,0.538303781
916,0.087273892
917,0.050341814
918,0.082895081
919,0.055702695
920,0.031261626
921,0.052992513
922,0.019083577
923,0.014178513
924,0.137172238
925,0.098212196
926,0.142688957
927,0.467260338
928,0.041135773
929,0.050802918
930,0.026856492
931,0.118271074
932,0.133353063
933,0.020075995
934,0.055828551
935,0.039799306
936,0.059849695
937,0.049426933
938,0.411483756
939,0.122594139
940,0.090837345
941,0.291913878
942,0.095641074
943,0.597949509
944,0.018698773
945,0.058979329
946,0.147759806
947,0.045801816
948,0.041831525
949,0.044941715
950,0.061497589
951,0.082756509
952,0.113384324
953,0.073439624
954,0.041270727
955,0.051129578
956,0.306790302
957,0.041298096
958,0.031375338
959,0.050349139
960,0.055927887
961,0.066623357
962,0.034035311
963,0.039939007
964,0.069168004
965,0.071452356
966,0.028249955
967,0.05192824
968,0.146789692
969,0.173668554
970,0.011264708
971,0.002992553
972,0.014492965
973,0.118022907
974,0.257497333
975,0.014946411
976,0.074894022
977,0.189929941
978,0.261069029
979,0.067328364
980,0.045578292
981,0.022897099
982,0.018381841
983,0.006445312
984,0.049515343
985,0.011025084
986,0.079178871
987,0.266516036
988,0.28242476
989,0.028349372
990,0.05179361
991,0.008550957
992,0.010321832
993,0.028690607
994,0.040855288
995,0.145459606
996,0.021510114
997,0.045212946
998,0.043774619
999,0.030570755
1000,0.084664624
1001,0.533057835
1002,0.007866125
1003,0.044899201
1004,0.022166315
1005,0.026651367
1006,0.048421477
1007,0.069426691
1008,0.022744065
1009,0.120035717
1010,0.157650513
1011,0.098507084
1012,0.08002186
1013,0.05392285
1014,0.010415106
1015,0.03248105
1016,0.03037486
1017,0.029213274
1018,0.004504897
1019,0.064099488
1020,0.053965678
1021,0.2386112
1022,0.016474369
1023,0.044619493
1024,0.037839039
1025,0.019288466
1026,0.016409911
1027,0.02108151
1028,0.047265697
1029,0.026571366
1030,0.092040089
1031,0.151216112
1032,0.183541607
1033,0.059746168
1034,0.04486068
1035,0.040781561
1036,0.072880895
1037,0.056250111
1038,0.017170493
1039,0.064637436
1040,0.020047773
1041,0.021658846
1042,0.087857208
1043,0.028687681
1044,0.022162177
1045,0.032325418
1046,0.064521087
1047,0.059563799
1048,0.241003265
1049,0.234051537
1050,0.244530724
1051,0.073153794
1052,0.065209051
1053,0.020198572
1054,0.057002222
1055,0.042319296
1056,0.107907941
1057,0.050199873
1058,0.559848442
1059,0.12515096
1060,0.013279871
1061,0.100459538
1062,0.045603559
1063,0.049465854
1064,0.017413091
1065,0.021353127
1066,0.009458482
1067,0.056520275
1068,0.031172659
1069,0.011285938
1070,0.018300017
1071,0.022247568
1072,0.052503074
1073,0.06714975
1074,0.090202712
1075,0.073977656
1076,0.103311428
1077,0.130964245
1078,0.392839261
1079,0.063787291
1080,0.025241996
1081,0.076201824
1082,0.018525128
1083,0.040936419
1084,0.030370353
1085,0.071859018
1086,0.048240098
1087,0.151789172
1088,0.049132362
1089,0.086852173
1090,0.041343865
1091,0.069672027
1092,0.034822625
1093,0.026841753
1094,0.017675401
1095,0.110815346
1096,0.009537261
1097,0.040043624
1098,0.052695222
1099,0.030925223
1100,0.015246357
1101,0.009926127
1102,0.023581551
1103,0.035773815
1104,0.060937428
1105,0.070505011
1106,0.129856611
1107,0.104453237
1108,0.159004857
1109,0.106628621
1110,0.108297562
1111,0.01194457
1112,0.093978166
1113,0.011013353
1114,0.057741155
1115,0.008817643
1116,0.04552015
1117,0.087785956
1118,0.031185027
1119,0.02359895
1120,0.049757652
1121,0.040434086
1122,0.011305243
1123,0.051455281
1124,0.079584373
1125,0.033558923
1126,0.062176241
1127,0.023223764
1128,0.032565043
1129,0.057266068
1130,0.014086945
1131,0.033012122
1132,0.085572792
1133,0.074905221
1134,0.141175471
1135,0.491840078
1136,0.096857918
1137,0.126115478
1138,0.066189526
1139,0.080256704
1140,0.099509362
1141,0.079094805
1142,0.049910474
1143,0.011199451
1144,0.023654339
1145,0.269795912
1146,0.082734661
1147,0.087818945
1148,0.05846018
1149,0.084807934
1150,0.026171612
1151,0.02509637
1152,0.008698383
1153,0.02446021
1154,0.044172229
1155,0.114752003
1156,0.055969871
1157,0.043692016
1158,0.110670195
1159,0.536775299
1160,0.095453759
1161,0.024085752
1162,0.244845164
1163,0.060489274
1164,0.256866041
1165,0.26457189
1166,0.06661311
1167,0.044307868
1168,0.047290753
1169,0.085631953
1170,0.249323868
1171,0.042897822
1172,0.250841864
1173,0.093889877
1174,0.066592465
1175,0.014278087
1176,0.009801093
1177,0.018557924
1178,0.020848815
1179,0.051192797
1180,0.08092708
1181,0.016014679
1182,0.13219539
1183,0.162528694
1184,0.133939097
1185,0.088797629
1186,0.035204288
1187,0.118737022
1188,0.250102911
1189,0.255717536
1190,0.054730365
1191,0.009655741
1192,0.049029121
1193,0.028415889
1194,0.066346894
1195,0.552319816
1196,0.039419666
1197,0.083521959
1198,0.274131665
1199,0.260414315
1200,0.017504926
1201,0.00877905
1202,0.038034855
1203,0.05446944
1204,0.128121636
1205,0.156294733
1206,0.12567346
1207,0.075638234
1208,0.267233941
1209,0.247871519
1210,0.151721022
1211,0.254155847
1212,0.391812011
1213,0.071642571
1214,0.02404287
1215,0.044190829
1216,0.085721447
1217,0.052631655
1218,0.14752915
1219,0.724157667
1220,0.007503334
1221,0.067190249
1222,0.39095355
1223,0.017692818
1224,0.061085404
1225,0.258637156
1226,0.018668432
1227,0.015008968
1228,0.048914372
1229,0.068639715
1230,0.023999645
1231,0.042881911
1232,0.004577846
1233,0.159449755
1234,0.071767574
1235,0.112275029
1236,0.136256961
1237,0.137507069
1238,0.251680542
1239,0.430375679
1240,0.269593882
1241,0.035060776
1242,0.255900738
1243,0.245547977
1244,0.133445903
1245,0.706648046
1246,0.425316994
1247,0.272863829
1248,0.005848139
1249,0.025335585
1250,0.129463487
1251,0.072252223
1252,0.050289315
1253,0.023916981
1254,0.015076924
1255,0.054291449
1256,0.011780395
1257,0.031191193
1258,0.064098373
1259,0.12460011
1260,0.106836653
1261,0.128332267
1262,0.094241906
1263,0.138549998
1264,0.11020524
1265,0.024131183
1266,0.108827534
1267,0.261677953
1268,0.022501855
1269,0.058925992
1270,0.709002548
1271,0.782074138
1272,0.470233519
1273,0.005333157
1274,0.02897965
1275,0.019552009
1276,0.062510099
1277,0.275866876
1278,0.07190313
1279,0.020311815
1280,0.067017466
1281,0.010034557
1282,0.061914287
1283,0.050488873
1284,0.049297939
1285,0.012797045
1286,0.258624998
1287,0.01897967
1288,0.045342065
1289,0.138988603
1290,0.120598961
1291,0.053162292
1292,0.043862574
1293,0.105769263
1294,0.107722415
1295,0.032746041
1296,0.125839135
1297,0.071214091
1298,0.134869294
1299,0.766746439
1300,0.822528988
1301,0.477224615
1302,0.017183184
1303,0.081154427
1304,0.032564347
1305,0.285269623
1306,0.099567935
1307,0.176450167
1308,0.060021946
1309,0.073338201
1310,0.020434333
1311,0.073609029
1312,0.106745613
1313,0.241835617
1314,0.083955282
1315,0.528669606
1316,0.267882564
1317,0.155835033
1318,0.165067548
1319,0.091181906
1320,0.059962895
1321,0.143972405
1322,0.048376866
1323,0.030828771
1324,0.023601453
1325,0.107598385
1326,0.10923088
1327,0.045527987
1328,0.094026891
1329,0.024301623
1330,0.693294113
1331,0.972841846
1332,0.770136469
1333,0.037846864
1334,0.236500201
1335,0.291565924
1336,0.032223492
1337,0.022919786
1338,0.021263231
1339,0.066840339
1340,0.105547317
1341,0.057775274
1342,0.403661872
1343,0.513831634
1344,0.092471925
1345,0.128005286
1346,0.112952541
1347,0.142009927
1348,0.070644265
1349,0.393610618
1350,0.103124239
1351,0.033465807
1352,0.07082351
1353,0.099825392
1354,0.10792719
1355,0.047940978
1356,0.437246494
1357,0.388956632
1358,0.160295667
1359,0.0758201
1360,0.04481571
1361,0.139253263
1362,0.016047722
1363,0.0670281
1364,0.149679252
1365,0.028309479
1366,0.042973251
1367,0.044694956
1368,0.018056343
1369,0.016978855
1370,0.063849718
1371,0.049502748
1372,0.39832259
1373,0.807510822
1374,0.407751232
1375,0.270490317
1376,0.114894694
1377,0.152753063
1378,0.239570496
1379,0.492883986
1380,0.078191329
1381,0.030164442
1382,0.047186915
1383,0.032306893
1384,0.126668557
1385,0.25425602
1386,0.107698408
1387,0.27640088
1388,0.260301577
1389,0.244096423
1390,0.899821979
1391,0.103697749
1392,0.027941495
1393,0.133404812
1394,0.15728242
1395,0.023960654
1396,0.055930597
1397,0.461517219
1398,0.066589095
1399,0.041752124
1400,0.042583554
1401,0.053053131
1402,0.159647643
1403,0.400516624
1404,0.263774962
1405,0.472118935
1406,0.413964718
1407,0.167542019
1408,0.239568681
1409,0.273384813
1410,0.022934655
1411,0.157159527
1412,0.085511956
1413,0.05162347
1414,0.281571721
1415,0.256692253
1416,0.064073721
1417,0.541663311
1418,0.253766015
1419,0.007243817
1420,0.083056786
1421,0.105655395
1422,0.092335843
1423,0.051426502
1424,0.009207841
1425,0.008560565
1426,0.012702768
1427,0.029726975
1428,0.054632395
1429,0.097790168
1430,0.094125438
1431,0.139377753
1432,0.411081388
1433,0.690212167
1434,0.406767712
1435,0.414256275
1436,0.574987291
1437,0.090684424
1438,0.018463375
1439,0.044289553
1440,0.061665615
1441,0.126075681
1442,0.176358329
1443,0.062796018
1444,0.046026031
1445,0.047790685
1446,0.125519322
1447,0.025817929
1448,0.043233417
1449,0.128941824
1450,0.015626806
1451,0.044811863
1452,0.019612539
1453,0.021711
1454,0.014274987
1455,0.037123847
1456,0.113115699
1457,0.064606846
1458,0.087208567
1459,0.256215672
1460,0.261664561
1461,0.401000691
1462,0.826732451
1463,0.693535411
1464,0.416263
1465,0.10621143
1466,0.048337488
1467,0.018230314
1468,0.048510542
1469,0.123712026
1470,0.01727898
1471,0.035072561
1472,0.455351815
1473,0.046710244
1474,0.021322717
1475,0.063663696
1476,0.051633256
1477,0.071721475
1478,0.05298256
1479,0.046304175
1480,0.019112732
1481,0.039434239
1482,0.03478949
1483,0.10040236
1484,0.138801232
1485,0.546120275
1486,0.409368785
1487,0.25831853
1488,0.724078781
1489,0.407578447
1490,0.496669423
1491,0.13227673
1492,0.04321465
1493,0.029303775
1494,0.043785216
1495,0.041994992
1496,0.060455143
1497,0.042344712
1498,0.052500085
1499,0.438254705
1500,0.09906441
1501,0.412233104
1502,0.033209842
1503,0.087393743
1504,0.112213926
1505,0.13587557
1506,0.162794249
1507,0.034916499
1508,0.042513031
1509,0.243703863
1510,0.520454276
1511,0.414155332
1512,0.533907012
1513,0.147551864
1514,0.417346091
1515,0.142604431
1516,0.082108667
1517,0.024368445
1518,0.071770941
1519,0.033932752
1520,0.13074511
1521,0.246798748
1522,0.076732212
1523,0.267336004
1524,0.030898524
1525,0.064883575
1526,0.162017992
1527,0.057178712
1528,0.017127971
1529,0.123918665
1530,0.153471389
1531,0.047389735
1532,0.2335963
1533,0.157136451
1534,0.09005837
1535,0.105701141
1536,0.03401368
1537,0.073511965
1538,0.076778988
1539,0.053532124
1540,0.120664767
1541,0.239864936
1542,0.055036041
1543,0.038350811
1544,0.116099249
1545,0.013859476
1546,0.015505438
1547,0.080018468
1548,0.039021255
1549,0.038283686
1550,0.131021915
1551,0.057412211
1552,0.069476978
1553,0.008394812
1554,0.058574236
1555,0.151752091
1556,0.390229236
1557,0.274383136
1558,0.058217626
1559,0.022382273
1560,0.067692627
1561,0.018490313
1562,0.062144381
1563,0.146816092
1564,0.019403054
1565,0.029537444
1566,0.017483883
1567,0.030782719
1568,0.035196169
1569,0.066467609
1570,0.10314438
1571,0.284640238
1572,0.017827286
1573,0.020936377
1574,0.05379827
1575,0.076614928
1576,0.096320726
1577,0.270708508
1578,0.055923435
1579,0.012720715
1580,0.00974364
1581,0.10656548
1582,0.028203122
1583,0.017069166
1584,0.059234661
1585,0.109455617
1586,0.047894363
1587,0.012870188
1588,0.016893962
1589,0.162104982
1590,0.013583321
1591,0.019602509
1592,0.03135568
1593,0.158286177
1594,0.066529775
1595,0.049366789
1596,0.022353739
1597,0.0323381
1598,0.07259319
1599,0.289502461
1600,0.031027613
1601,0.018999775
1602,0.021571445
1603,0.049550339
1604,0.077026135
1605,0.144439549
1606,0.060283456
1607,0.14470718
1608,0.099516731
1609,0.030619544
1610,0.020770604
1611,0.049556777
1612,0.039819922
1613,0.262183326
1614,0.022043616
1615,0.020005737
1616,0.116931274
1617,0.022133138
1618,0.112033837
1619,0.044449688
1620,0.0088556
1621,0.01608254
1622,0.271260996
1623,0.613344341
1624,0.102914462
1625,0.060093662
1626,0.074661492
1627,0.045544549
1628,0.035429817
1629,0.086220392
1630,0.057671205
1631,0.083891766
1632,0.678114661
1633,0.079566008
1634,0.018653246
1635,0.085761069
1636,0.083168473
1637,0.053365334
1638,0.153130763
1639,0.524368852
1640,0.075426945
1641,0.143049245
1642,0.025312886
1643,0.016785292
1644,0.038043603
1645,0.023564578
1646,0.081069216
1647,0.03969647
1648,0.02415519
1649,0.054723123
1650,0.048926315
1651,0.030025467
1652,0.046960506
1653,0.014233074
1654,0.016545598
1655,0.105261064
1656,0.037823006
1657,0.01614275
1658,0.031817644
1659,0.086981577
1660,0.114131041
1661,0.024450769
1662,0.063130687
1663,0.454790623
1664,0.049656188
1665,0.081397092
1666,0.053543633
1667,0.043092956
1668,0.048371839
1669,0.014357934
1670,0.020031655
1671,0.276489552
1672,0.029029373
1673,0.019334721
1674,0.046314829
1675,0.085401477
1676,0.027300995
1677,0.012397626
1678,0.262601962
1679,0.051597353
1680,0.031664382
1681,0.045040361
1682,0.402467243
1683,0.019789224
1684,0.008383243
1685,0.020542217
1686,0.011249872
1687,0.053082123
1688,0.008420533
1689,0.039637184
1690,0.111782989
1691,0.069330201
1692,0.004909387
1693,0.013334402
1694,0.01964849
1695,0.054320822
1696,0.246192454
1697,0.095825908
1698,0.065656972
1699,0.080164738
1700,0.025129412
1701,0.055913186
1702,0.023375073
1703,0.055952029
1704,0.258216366
1705,0.117819672
1706,0.010417601
1707,0.032189143
1708,0.01713472
1709,0.011311249
1710,0.02122348
1711,0.011804242
1712,0.01747705
1713,0.007401833
1714,0.016891851
1715,0.020778471
1716,0.056658651
1717,0.04854358
1718,0.104188519
1719,0.007635834
1720,0.010091542
1721,0.124570423
1722,0.009485974
1723,0.140178424
1724,0.008892064
1725,0.028217478
1726,0.023180089
1727,0.024304675
1728,0.005536747
1729,0.017124068
1730,0.01799925
1731,0.009724328
1732,0.008092261
1733,0.061205401
1734,0.049124645
1735,0.012473889
1736,0.062724271
1737,0.015875959
1738,0.006346433
1739,0.011692972
1740,0.010540815
1741,0.085245074
1742,0.033131692
1743,0.069142902
1744,0.007736665
1745,0.015230932
1746,0.030775042
1747,0.008528568
1748,0.011241895
1749,0.017090935
1750,0.0805321
1751,0.010126133
1752,0.014504772
1753,0.014811323
1754,0.1114056
1755,0.056611488
1756,0.054846181
1757,0.052244343
1758,0.004804014
1759,0.101803823
1760,0.022508123
1761,0.009656466
1762,0.071883148
1763,0.0174562
1764,0.067488406
1765,0.100793214
1766,0.020975169
1767,0.03670714
1768,0.03480272
1769,0.031144178
1770,0.029359104
1771,0.007073147
1772,0.016413842
1773,0.014648326
1774,0.007396568
1775,0.015930537
1776,0.029979237
1777,0.009126762
1778,0.013532452
1779,0.061103926
1780,0.049479644
1781,0.03554862
1782,0.006891272
1783,0.121673131
1784,0.028331233
1785,0.017787076
1786,0.030709405
1787,0.004879586
1788,0.02097027
1789,0.047276588
1790,0.024062521
1791,0.013432707
1792,0.03254767
1793,0.036508761
1794,0.007766159
1795,0.028636054
1796,0.09480365
1797,0.133773506
1798,0.007112388
1799,0.018097049
1800,0.081495122
1801,0.025764864
1802,0.050510581
1803,0.032562495
1804,0.02765981
1805,0.048123711
1806,0.063576675
1807,0.017862765
1808,0.031948166
1809,0.04524875
1810,0.039348946
1811,0.094564607
1812,0.044157545
1813,0.03290312
1814,0.048716832
1815,0.039905233
1816,0.256152139
1817,0.261004574
1818,0.161287953
1819,0.068551245
1820,0.154949488
1821,0.069968284
1822,0.106865288
1823,0.064179871
1824,0.028045659
1825,0.038409188
1826,0.082552158
1827,0.031298896
1828,0.533747469
1829,0.07133413
1830,0.044157166
1831,0.090361715
1832,0.055849556
1833,0.004015825
1834,0.006734396
1835,0.024768213
1836,0.039839237
1837,0.032078429
1838,0.01676183
1839,0.015226994
1840,0.104790909
1841,0.110989989
1842,0.269767352
1843,0.539975151
1844,0.05368213
1845,0.101976698
1846,0.114246277
1847,0.011648008
1848,0.00736198
1849,0.054472377
1850,0.054115246
1851,0.048293016
1852,0.408807648
1853,0.092730754
1854,0.10082839
1855,0.506812541
1856,0.087712195
1857,0.502113312
1858,0.017893769
1859,0.05680449
1860,0.119864353
1861,0.034784175
1862,0.041464609
1863,0.03930193
1864,0.068698703
1865,0.029417023
1866,0.083494289
1867,0.08728572
1868,0.086900935
1869,0.054546591
1870,0.290368259
1871,0.033686257
1872,0.054380881
1873,0.046276763
1874,0.05447677
1875,0.025562191
1876,0.04370881
1877,0.04569501
1878,0.030661505
1879,0.152461865
1880,0.037460478
1881,0.159522973
1882,0.101501852
1883,0.038342045
1884,0.012461083
1885,0.133503406
1886,0.098433907
1887,0.07017124
1888,0.178378253
1889,0.439726415
1890,0.006193095
1891,0.069372646
1892,0.044324576
1893,0.029425546
1894,0.016121542
1895,0.04431075
1896,0.004947686
1897,0.068314803
1898,0.085637707
1899,0.145542884
1900,0.281546
1901,0.022438012
1902,0.035921283
1903,0.041134757
1904,0.036354909
1905,0.03534799
1906,0.14845087
1907,0.019747139
1908,0.045561355
1909,0.050991926
1910,0.0425921
1911,0.091479586
1912,0.487350378
1913,0.06036395
1914,0.026465772
1915,0.02364363
1916,0.050408571
1917,0.051917329
1918,0.024226535
1919,0.119010889
1920,0.158267824
1921,0.096315127
1922,0.085232642
1923,0.050645046
1924,0.00477244
1925,0.031828221
1926,0.0292729
1927,0.026179073
1928,0.055853169
1929,0.056075893
1930,0.254957148
1931,0.019359084
1932,0.052898522
1933,0.034514709
1934,0.016713729
1935,0.021491924
1936,0.022644684
1937,0.051017554
1938,0.024488866
1939,0.089211637
1940,0.137136443
1941,0.417360025
1942,0.040374753
1943,0.051904522
1944,0.051293435
1945,0.085921898
1946,0.051005282
1947,0.015062384
1948,0.062869873
1949,0.020161616
1950,0.023064506
1951,0.113966329
1952,0.028983935
1953,0.024925403
1954,0.030024904
1955,0.065245462
1956,0.055430921
1957,0.242163614
1958,0.120272986
1959,0.123056338
1960,0.057447275
1961,0.056633759
1962,0.020619083
1963,0.064009808
1964,0.045569626
1965,0.105747694
1966,0.044845238
1967,0.573318854
1968,0.251329696
1969,0.026091606
1970,0.107651493
1971,0.044411081
1972,0.054068979
1973,0.017611679
1974,0.018992604
1975,0.009064335
1976,0.06292206
1977,0.033990647
1978,0.021694284
1979,0.021055084
1980,0.05833212
1981,0.035585959
1982,0.084985635
1983,0.069725375
1984,0.106200005
1985,0.239195227
1986,0.274473578
1987,0.094461634
1988,0.028091781
1989,0.079292541
1990,0.016721832
1991,0.008525039
1992,0.027914508
1993,0.071410386
1994,0.056285184
1995,0.121132707
1996,0.04198078
1997,0.079138715
1998,0.05551399
1999,0.064412469
2000,0.032846062
2001,0.024287736
2002,0.021359451
2003,0.104649641
2004,0.006419009
2005,0.052043074
2006,0.031759535
2007,0.011496217
2008,0.022009139
2009,0.040286656
2010,0.058844938
2011,0.060675059
2012,0.133776577
2013,0.107167558
2014,0.272015965
2015,0.111395003
2016,0.102035692
2017,0.014081888
2018,0.08640653
2019,0.009926866
2020,0.054125711
2021,0.043037695
2022,0.091093699
2023,0.029097534
2024,0.026915744
2025,0.052899631
2026,0.045293262
2027,0.014291626
2028,0.04963289
2029,0.086370821
2030,0.031592716
2031,0.053099511
2032,0.024177998
2033,0.027945513
2034,0.054804174
2035,0.013389125
2036,0.045633052
2037,0.074744758
2038,0.07875022
2039,0.141837042
2040,0.564865794
2041,0.114145783
2042,0.128642155
2043,0.06573574
2044,0.060913328
2045,0.092526592
2046,0.068623614
2047,0.064027408
2048,0.00782297
2049,0.01415166
2050,0.413520138
2051,0.078082413
2052,0.082046815
2053,0.061750979
2054,0.083368093
2055,0.022261025
2056,0.027553802
2057,0.025790993
2058,0.051114332
2059,0.138986787
2060,0.052805174
2061,0.042867969
2062,0.10244012
2063,0.512385385
2064,0.103005545
2065,0.019262256
2066,0.139190893
2067,0.057849549
2068,0.26681337
2069,0.280635548
2070,0.055963143
2071,0.041689392
2072,0.047359412
2073,0.087398408
2074,0.141474002
2075,0.039878678
2076,0.268202472
2077,0.086780696
2078,0.070361985
2079,0.020663622
2080,0.023103122
2081,0.018953331
2082,0.045575254
2083,0.082650932
2084,0.016286017
2085,0.139573259
2086,0.150833954
2087,0.135102222
2088,0.084068202
2089,0.032156235
2090,0.111805343
2091,0.167896671
2092,0.268998656
2093,0.06122401
2094,0.009010384
2095,0.052834942
2096,0.023609631
2097,0.052791155
2098,0.580507343
2099,0.04308982
2100,0.070033357
2101,0.274577688
2102,0.270132537
2103,0.021129488
2104,0.01332478
2105,0.00914826
2106,0.046232125
2107,0.053427502
2108,0.126183086
2109,0.153200942
2110,0.117778334
2111,0.071104605
2112,0.259158046
2113,0.12988836
2114,0.151563557
2115,0.151623129
2116,0.26703707
2117,0.072368764
2118,0.052114836
2119,0.085645418
2120,0.058393806
2121,0.158025196
2122,0.718479545
2123,0.008202721
2124,0.005727583
2125,0.067956505
2126,0.400587652
2127,0.045439548
2128,0.266014318
2129,0.015716832
2130,0.049389558
2131,0.082725169
2132,0.024022361
2133,0.037393663
2134,0.131611314
2135,0.066386897
2136,0.10020303
2137,0.265761941
2138,0.144749493
2139,0.165159692
2140,0.428081186
2141,0.167549093
2142,0.027485194
2143,0.263728283
2144,0.114529253
2145,0.118925231
2146,0.724331001
2147,0.42706455
2148,0.285423362
2149,0.005317356
2150,0.025411703
2151,0.118455145
2152,0.020475674
2153,0.070406181
2154,0.032613548
2155,0.017139404
2156,0.013521691
2157,0.061313776
2158,0.007236564
2159,0.017185349
2160,0.025090278
2161,0.05306582
2162,0.1134156
2163,0.095633386
2164,0.118992339
2165,0.090410783
2166,0.243833533
2167,0.243145668
2168,0.026330208
2169,0.112950113
2170,0.256229048
2171,0.019920197
2172,0.053901505
2173,0.647331673
2174,0.795252108
2175,0.462432354
2176,0.005694647
2177,0.028464189
2178,0.018802541
2179,0.052082992
2180,0.270174232
2181,0.075784814
2182,0.022966139
2183,0.009595128
2184,0.058536734
2185,0.051243495
2186,0.047958733
2187,0.017210896
2188,0.259162073
2189,0.0190535
2190,0.046802995
2191,0.126229417
2192,0.118006713
2193,0.047576981
2194,0.052802582
2195,0.10013684
2196,0.104664049
2197,0.028603601
2198,0.13871772
2199,0.070883382
2200,0.135122431
2201,0.682189496
2202,0.84562709
2203,0.445225968
2204,0.016601227
2205,0.085298815
2206,0.023561756
2207,0.008593042
2208,0.10579609
2209,0.084033207
2210,0.162435857
2211,0.041667623
2212,0.068750037
2213,0.020678689
2214,0.080684495
2215,0.097704949
2216,0.251935582
2217,0.1165635
2218,0.547442724
2219,0.284888695
2220,0.266029593
2221,0.150891416
2222,0.086002107
2223,0.060326038
2224,0.136299273
2225,0.039782675
2226,0.034443559
2227,0.021016935
2228,0.113143436
2229,0.111062316
2230,0.047862783
2231,0.092384601
2232,0.02066921
2233,0.688524088
2234,0.969321787
2235,0.752994562
2236,0.100279651
2237,0.033709777
2238,0.26610187
2239,0.162635229
2240,0.031918182
2241,0.010453797
2242,0.018123449
2243,0.016601777
2244,0.066002722
2245,0.10956386
2246,0.051022831
2247,0.407415583
2248,0.500766348
2249,0.083752344
2250,0.126398882
2251,0.106105977
2252,0.166616805
2253,0.076439762
2254,0.426525251
2255,0.103678433
2256,0.029492505
2257,0.081581041
2258,0.099692801
2259,0.111267563
2260,0.047289286
2261,0.020745221
2262,0.295636124
2263,0.402889607
2264,0.263124847
2265,0.060735392
2266,0.032770934
2267,0.149092902
2268,0.017111022
2269,0.062363499
2270,0.165927125
2271,0.046379586
2272,0.03845583
2273,0.046242045
2274,0.018314987
2275,0.024392332
2276,0.069775562
2277,0.041995041
2278,0.253871123
2279,0.831068308
2280,0.263724743
2281,0.269549413
2282,0.117279335
2283,0.263395445
2284,0.16160822
2285,0.532356762
2286,0.082629121
2287,0.032184648
2288,0.052122701
2289,0.032005932
2290,0.145743195
2291,0.138472207
2292,0.101444894
2293,0.143958335
2294,0.422613567
2295,0.249641476
2296,0.930960141
2297,0.121720105
2298,0.019619012
2299,0.119397922
2300,0.144885753
2301,0.052202262
2302,0.465038304
2303,0.067733302
2304,0.03878704
2305,0.045025142
2306,0.06535346
2307,0.154375154
2308,0.414582627
2309,0.407202054
2310,0.486679657
2311,0.40962412
2312,0.166856704
2313,0.133323269
2314,0.264490426
2315,0.023741041
2316,0.139037587
2317,0.07406246
2318,0.046453376
2319,0.271191036
2320,0.262340087
2321,0.059441674
2322,0.353946481
2323,0.260573
2324,0.076693384
2325,0.119222882
2326,0.088098403
2327,0.052533264
2328,0.008222696
2329,0.009183377
2330,0.014815608
2331,0.041990337
2332,0.060194
2333,0.093104371
2334,0.108746632
2335,0.144836532
2336,0.40262387
2337,0.783080348
2338,0.425605908
2339,0.268125014
2340,0.604234424
2341,0.090343801
2342,0.052924102
2343,0.054345989
2344,0.136584095
2345,0.166056056
2346,0.051325396
2347,0.0270319
2348,0.003677219
2349,0.047320125
2350,0.146113164
2351,0.043077174
2352,0.127514452
2353,0.016674539
2354,0.04307045
2355,0.022375886
2356,0.022745139
2357,0.009640081
2358,0.031838849
2359,0.113344037
2360,0.057914425
2361,0.077147978
2362,0.269246631
2363,0.264134516
2364,0.422846027
2365,0.838985567
2366,0.674154675
2367,0.392274402
2368,0.101760524
2369,0.044615979
2370,0.027416735
2371,0.047866373
2372,0.103303384
2373,0.020856248
2374,0.011439232
2375,0.036053548
2376,0.44341252
2377,0.043143923
2378,0.01844295
2379,0.076065995
2380,0.038220976
2381,0.076908799
2382,0.057834547
2383,0.057367436
2384,0.050050564
2385,0.017093648
2386,0.019124433
2387,0.027984625
2388,0.09053264
2389,0.135932362
2390,0.508427767
2391,0.41380846
2392,0.159313849
2393,0.70495089
2394,0.416005475
2395,0.547694906
2396,0.125767515
2397,0.034973893
2398,0.036502165
2399,0.067785512
2400,0.060794875
2401,0.048676745
2402,0.436813291
2403,0.097081732
2404,0.272977014
2405,0.037462238
2406,0.07633889
2407,0.12838263
2408,0.131302187
2409,0.15927746
2410,0.035352481
2411,0.031622195
2412,0.043118426
2413,0.144986684
2414,0.493268253
2415,0.428579642
2416,0.502948216
2417,0.260768021
2418,0.417881578
2419,0.140233642
2420,0.078939219
2421,0.033155909
2422,0.017345899
2423,0.027740018
2424,0.015858846
2425,0.052296007
2426,0.05176604
2427,0.139378539
2428,0.141313064
2429,0.074186747
2430,0.272689072
2431,0.026779736
2432,0.063428071
2433,0.260786058
2434,0.068893694
2435,0.008634012
2436,0.01278304
2437,0.114886171
2438,0.132645621
2439,0.050583486
2440,0.248185491
2441,0.147025833
2442,0.081352113
2443,0.103185273
2444,0.090265069
2445,0.063597142
2446,0.057073744
2447,0.132437956
2448,0.132898222
2449,0.053493176
2450,0.036990966
2451,0.011698472
2452,0.115466683
2453,0.015682005
2454,0.014299951
2455,0.07517136
2456,0.008659029
2457,0.054820281
2458,0.043184469
2459,0.140335535
2460,0.047327372
2461,0.074078389
2462,0.007368301
2463,0.069599994
2464,0.14022758
2465,0.396671311
2466,0.505871943
2467,0.060272828
2468,0.070889842
2469,0.017629172
2470,0.06303892
2471,0.130156423
2472,0.015030291
2473,0.024928364
2474,0.021278615
2475,0.029983475
2476,0.017544349
2477,0.014070309
2478,0.031768251
2479,0.070359031
2480,0.09546532
2481,0.403431918
2482,0.01490949
2483,0.051624108
2484,0.076610573
2485,0.09643313
2486,0.27699592
2487,0.066562088
2488,0.014656842
2489,0.104562072
2490,0.018018277
2491,0.069334123
2492,0.24013213
2493,0.045696964
2494,0.01271524
2495,0.020256462
2496,0.014075351
2497,0.278515263
2498,0.032585847
2499,0.020511872
2500,0.029140442
2501,0.160830344
2502,0.070751149
2503,0.051020582
2504,0.017534122
2505,0.031970245
2506,0.072164424
2507,0.16806776
2508,0.032354238
2509,0.020876179
2510,0.023762356
2511,0.047058399
2512,0.069407078
2513,0.150866189
2514,0.067030678
2515,0.254131044
2516,0.094657374
2517,0.027054241
2518,0.044748058
2519,0.037379552
2520,0.034006626
2521,0.150485484
2522,0.023698363
2523,0.016586617
2524,0.111293126
2525,0.021939489
2526,0.11328305
2527,0.038243192
2528,0.018299766
2529,0.279746706
2530,0.576103948
2531,0.114530258
2532,0.050064013
2533,0.01414197
2534,0.085950987
2535,0.035848471
2536,0.036232993
2537,0.080119498
2538,0.058617412
2539,0.080749352
2540,0.740961889
2541,0.07435807
2542,0.015265485
2543,0.085016808
2544,0.072244678
2545,0.01650037
2546,0.04037222
2547,0.162680966
2548,0.524607565
2549,0.072183324
2550,0.131959727
2551,0.031285013
2552,0.038551591
2553,0.022883163
2554,0.086268728
2555,0.030921584
2556,0.023639112
2557,0.001331956
2558,0.056031031
2559,0.043964267
2560,0.05739087
2561,0.014724935
2562,0.093501602
2563,0.025013244
2564,0.04190815
2565,0.018210233
2566,0.033246251
2567,0.081696653
2568,0.09812411
2569,0.023672862
2570,0.062632456
2571,0.436452839
2572,0.054350993
2573,0.089278762
2574,0.044448534
2575,0.045533898
2576,0.044105455
2577,0.05972204
2578,0.013719558
2579,0.017367061
2580,0.215698679
2581,0.034436358
2582,0.016433231
2583,0.050633576
2584,0.070433767
2585,0.016616675
2586,0.013669096
2587,0.124481413
2588,0.05223485
2589,0.025615522
2590,0.049737362
2591,0.408309232
2592,0.021801035
2593,0.008473908
2594,0.019278218
2595,0.014936273
2596,0.050623932
2597,0.009641495
2598,0.039756962
2599,0.111031101
2600,0.059632877
2601,0.014652862
2602,0.054565445
2603,0.120294385
2604,0.094788372
2605,0.06507848
2606,0.071357933
2607,0.051161118
2608,0.019521825
2609,0.047414481
2610,0.275745044
2611,0.122065314
2612,0.009197665
2613,0.031024473
2614,0.012256197
2615,0.011888748
2616,0.018508909
2617,0.012792057
2618,0.023164379
2619,0.008098396
2620,0.016287718
2621,0.021443926
2622,0.022559826
2623,0.056735373
2624,0.053412702
2625,0.127236383
2626,0.008564476
2627,0.00853824
2628,0.12512916
2629,0.009662064
2630,0.166182587
2631,0.027036895
2632,0.009191944
2633,0.020056326
2634,0.02257515
2635,0.022714534
2636,0.00711943
2637,0.02458373
2638,0.015051144
2639,0.014836317
2640,0.006298767
2641,0.059334892
2642,0.02736961
2643,0.046771753
2644,0.016087681
2645,0.042621706
2646,0.013021637
2647,0.014391581
2648,0.011580536
2649,0.078423267
2650,0.034794545
2651,0.075819714
2652,0.008375663
2653,0.011232061
2654,0.034496919
2655,0.071504651
2656,0.013843732
2657,0.013980266
2658,0.136325446
2659,0.057452444
2660,0.047427021
2661,0.018014892
2662,0.00654347
2663,0.076149259
2664,0.025178556
2665,0.009632024
2666,0.088756138
2667,0.020843447
2668,0.065431682
2669,0.112323845
2670,0.022925828
2671,0.030309941
2672,0.026662089
2673,0.031231547
2674,0.029379977
2675,0.027574903
2676,0.009266852
2677,0.010189298
2678,0.012176089
2679,0.010290397
2680,0.013367937
2681,0.027953399
2682,0.013413453
2683,0.011665004
2684,0.04983716
2685,0.121779223
2686,0.014570264
2687,0.044207484
2688,0.020870526
2689,0.01239637
2690,0.033788775
2691,0.026644574
2692,0.016180591
2693,0.029847616
2694,0.081430045
2695,0.111657356
2696,0.023060718
2697,0.08857055
2698,0.060654006
2699,0.034782725
2700,0.034266071
2701,0.047406678
2702,0.063116777
2703,0.046549256
2704,0.122894984
2705,0.04581656
2706,0.063627165
2707,0.04501211
2708,0.048205934
2709,0.144431393
2710,0.430715279
2711,0.028035008
2712,0.023521331
2713,0.040784428
2714,0.186548094
2715,0.138193196
2716,0.064699015
2717,0.096353714
2718,0.055898169
2719,0.029483984
2720,0.085037595
2721,0.012387416
2722,0.008001359
2723,0.26676355
2724,0.032168569
2725,0.533521491
2726,0.106193726
2727,0.042275088
2728,0.260023633
2729,0.049422622
2730,0.003732921
2731,0.025471073
2732,0.058372805
2733,0.02911382
2734,0.019158579
2735,0.012664476
2736,0.101897835
2737,0.10398346
2738,0.520923767
2739,0.531694758
2740,0.046167925
2741,0.059774892
2742,0.123876977
2743,0.133008925
2744,0.006402884
2745,0.060779286
2746,0.035703538
2747,0.06107929
2748,0.033998908
2749,0.276762625
2750,0.100907489
2751,0.422565757
2752,0.516143503
2753,0.083080276
2754,0.272285205
2755,0.008791328
2756,0.019729403
2757,0.074913955
2758,0.162384432
2759,0.049345961
2760,0.04046475
2761,0.041120419
2762,0.059820232
2763,0.010339421
2764,0.078356838
2765,0.098824704
2766,0.086477332
2767,0.050057312
2768,0.056006853
2769,0.40404767
2770,0.040417337
2771,0.023232749
2772,0.06268388
2773,0.055667636
2774,0.049103942
2775,0.044779861
2776,0.071039361
2777,0.179855587
2778,0.054182691
2779,0.287239402
2780,0.04337273
2781,0.024743995
2782,0.008250541
2783,0.530894808
2784,0.107661071
2785,0.07357276
2786,0.275498145
2787,0.268493978
2788,0.070531756
2789,0.044551119
2790,0.013215677
2791,0.020146682
2792,0.025510088
2793,0.018143525
2794,0.008226865
2795,0.035095495
2796,0.006018915
2797,0.054384136
2798,0.078053865
2799,0.076805627
2800,0.26770177
2801,0.279026194
2802,0.029477864
2803,0.040919879
2804,0.025741266
2805,0.043474962
2806,0.166252767
2807,0.076665529
2808,0.052830962
2809,0.053180277
2810,0.099884834
2811,0.489729267
2812,0.058282759
2813,0.026649694
2814,0.02548029
2815,0.045972012
2816,0.069107575
2817,0.021710921
2818,0.009062949
2819,0.126391608
2820,0.140540796
2821,0.097823328
2822,0.089011974
2823,0.046165678
2824,0.034327936
2825,0.024718442
2826,0.031342979
2827,0.052436986
2828,0.058025844
2829,0.102187176
2830,0.025076712
2831,0.043085213
2832,0.028056434
2833,0.01890272
2834,0.019501872
2835,0.022663897
2836,0.053756585
2837,0.027354761
2838,0.084907711
2839,0.276395744
2840,0.262524965
2841,0.063579754
2842,0.064164446
2843,0.042885283
2844,0.073722226
2845,0.047759296
2846,0.017387592
2847,0.071265556
2848,0.01398833
2849,0.029019956
2850,0.100712216
2851,0.035998095
2852,0.023440439
2853,0.024674234
2854,0.006792304
2855,0.071390722
2856,0.059461665
2857,0.267157738
2858,0.108553434
2859,0.250115282
2860,0.056258077
2861,0.049795736
2862,0.02009844
2863,0.05777595
2864,0.048092943
2865,0.10357202
2866,0.050928742
2867,0.570487411
2868,0.126601693
2869,0.012545662
2870,0.108534642
2871,0.050977338
2872,0.042753247
2873,0.023582895
2874,0.064218125
2875,0.029879791
2876,0.008820355
2877,0.019796832
2878,0.020147293
2879,0.053243289
2880,0.057948057
2881,0.070339389
2882,0.069334392
2883,0.10026794
2884,0.23675083
2885,0.395003215
2886,0.088895731
2887,0.026530735
2888,0.079760522
2889,0.014814008
2890,0.054787424
2891,0.007103263
2892,0.028724448
2893,0.064963942
2894,0.067246644
2895,0.129771476
2896,0.048098736
2897,0.095149206
2898,0.062527394
2899,0.063175002
2900,0.04535109
2901,0.024772143
2902,0.019517539
2903,0.10593125
2904,0.009629492
2905,0.031146535
2906,0.056913212
2907,0.022957124
2908,0.010718203
2909,0.020338417
2910,0.043830106
2911,0.063991415
2912,0.067578212
2913,0.125211965
2914,0.097082603
2915,0.260434201
2916,0.135708256
2917,0.103652684
2918,0.012431888
2919,0.081595916
2920,0.051374391
2921,0.050284299
2922,0.088634322
2923,0.038279034
2924,0.05336253
2925,0.056544265
2926,0.050726928
2927,0.062177491
2928,0.025140543
2929,0.060183237
2930,0.022260804
2931,0.029115443
2932,0.02378312
2933,0.059911526
2934,0.015143983
2935,0.043092018
2936,0.079970877
2937,0.07460993
2938,0.151347908
2939,0.552003037
2940,0.091962919
2941,0.252076186
2942,0.07675446
2943,0.068279529
2944,0.091967625
2945,0.07650946
2946,0.055601726
2947,0.011675732
2948,0.011089409
2949,0.024785842
2950,0.280061259
2951,0.08051707
2952,0.067238311
2953,0.063693082
2954,0.080661784
2955,0.021933559
2956,0.028143583
2957,0.010640259
2958,0.0246314
2959,0.041908683
2960,0.150812251
2961,0.0511848
2962,0.041595655
2963,0.105656831
2964,0.50715092
2965,0.092297888
2966,0.01655336
2967,0.120528385
2968,0.061311293
2969,0.262075531
2970,0.177407963
2971,0.056857373
2972,0.024427653
2973,0.052098267
2974,0.095472645
2975,0.243710272
2976,0.044999381
2977,0.254653106
2978,0.089666457
2979,0.071008457
2980,0.017779264
2981,0.008920784
2982,0.014359028
2983,0.019575245
2984,0.049295191
2985,0.068472276
2986,0.013516889
2987,0.13158741
2988,0.243355274
2989,0.130040754
2990,0.078579594
2991,0.035435719
2992,0.104088452
2993,0.156237819
2994,0.255554642
2995,0.052886516
2996,0.011458566
2997,0.053103281
2998,0.021095858
2999,0.066339969
3000,0.513572855
3001,0.038741752
3002,0.071601002
3003,0.418862934
3004,0.259084642
3005,0.011045181
3006,0.013144303
3007,0.010027072
3008,0.040080191
3009,0.059176116
3010,0.130851415
3011,0.259577481
3012,0.118237523
3013,0.087779619
3014,0.252529793
3015,0.234852722
3016,0.149660571
3017,0.183461851
3018,0.408501961
3019,0.07494659
3020,0.003632226
3021,0.023992083
3022,0.047017356
3023,0.078484124
3024,0.047700514
3025,0.159628183
3026,0.775502038
3027,0.006589483
3028,0.065945219
3029,0.414804221
3030,0.025712684
3031,0.049204348
3032,0.269280948
3033,0.013254202
3034,0.04065795
3035,0.067507693
3036,0.019270857
3037,0.054070884
3038,0.168015904
3039,0.071690054
3040,0.09639498
3041,0.152078295
3042,0.133703421
3043,0.160901271
3044,0.400193652
3045,0.178673677
3046,0.03066085
3047,0.257359682
3048,0.240824446
3049,0.150024735
3050,0.726444962
3051,0.429868625
3052,0.256947926
3053,0.008948716
3054,0.024474968
3055,0.124638738
3056,0.01630013
3057,0.075156221
3058,0.026736787
3059,0.008944124
3060,0.058076243
3061,0.004975976
3062,0.011951382
3063,0.028409371
3064,0.065877655
3065,0.113784791
3066,0.091780184
3067,0.126354211
3068,0.087825174
3069,0.238987092
3070,0.100430255
3071,0.030653942
3072,0.116663316
3073,0.133788113
3074,0.022002739
3075,0.063529281
3076,0.711514547
3077,0.848353407
3078,0.520159038
3079,0.006802451
3080,0.028281904
3081,0.049189977
3082,0.269779877
3083,0.070843671
3084,0.059557021
3085,0.012122697
3086,0.05540235
3087,0.058470296
3088,0.053696206
3089,0.015141739
3090,0.253544363
3091,0.025714899
3092,0.050070632
3093,0.13225792
3094,0.115744832
3095,0.056281232
3096,0.049419672
3097,0.109016716
3098,0.244615003
3099,0.033164372
3100,0.128852966
3101,0.088332539
3102,0.118658766
3103,0.779199852
3104,0.811425908
3105,0.51419538
3106,0.013956738
3107,0.249906762
3108,0.009069294
3109,0.162147333
3110,0.086474011
3111,0.254719195
3112,0.050486631
3113,0.101825783
3114,0.023943925
3115,0.068519219
3116,0.10008235
3117,0.239614644
3118,0.125416441
3119,0.528333027
3120,0.255850628
3121,0.159061894
3122,0.15130504
3123,0.093139959
3124,0.064979256
3125,0.139227649
3126,0.053421382
3127,0.02629161
3128,0.106925332
3129,0.10594838
3130,0.051037819
3131,0.092939994
3132,0.723590744
3133,0.985807382
3134,0.84544784
3135,0.096037377
3136,0.052316483
3137,0.11753654
3138,0.010247467
3139,0.165071705
3140,0.036507209
3141,0.018342508
3142,0.023707425
3143,0.066900323
3144,0.103761831
3145,0.049592169
3146,0.408641336
3147,0.48876774
3148,0.081114294
3149,0.11891816
3150,0.112879507
3151,0.136305514
3152,0.07528753
3153,0.242893102
3154,0.097015194
3155,0.026344247
3156,0.061637806
3157,0.091691057
3158,0.105006419
3159,0.067683959
3160,0.282069333
3161,0.417677234
3162,0.251144299
3163,0.062202131
3164,0.027260916
3165,0.14403301
3166,0.012967699
3167,0.067453759
3168,0.174134693
3169,0.048930742
3170,0.052124449
3171,0.052768513
3172,0.012287661
3173,0.020790595
3174,0.051894836
3175,0.049982227
3176,0.254434553
3177,0.752427462
3178,0.271397919
3179,0.281168854
3180,0.117367891
3181,0.12960943
3182,0.148972071
3183,0.535026481
3184,0.0840784
3185,0.029775775
3186,0.042408688
3187,0.030549878
3188,0.144815928
3189,0.152878113
3190,0.100434963
3191,0.165228343
3192,0.406076855
3193,0.2450477
3194,0.91465912
3195,0.237471418
3196,0.019281424
3197,0.120331502
3198,0.138407033
3199,0.023266044
3200,0.051216377
3201,0.290123376
3202,0.072343762
3203,0.048171209
3204,0.041228676
3205,0.064713396
3206,0.239357396
3207,0.397005309
3208,0.287247109
3209,0.457786984
3210,0.293181827
3211,0.152315343
3212,0.127772461
3213,0.289049309
3214,0.010824994
3215,0.021409353
3216,0.135015938
3217,0.084869487
3218,0.052820256
3219,0.177021289
3220,0.277426535
3221,0.059576067
3222,0.493892667
3223,0.265572972
3224,0.077845612
3225,0.104671537
3226,0.084469164
3227,0.056237935
3228,0.011778298
3229,0.02625807
3230,0.054840672
3231,0.083593615
3232,0.078938535
3233,0.137246912
3234,0.294042239
3235,0.696465153
3236,0.409708791
3237,0.402297192
3238,0.572898542
3239,0.095134771
3240,0.053463873
3241,0.068601172
3242,0.136458317
3243,0.263136814
3244,0.072438006
3245,0.025957417
3246,0.058428785
3247,0.142633076
3248,0.139075644
3249,0.027795747
3250,0.014738041
3251,0.041993937
3252,0.01905858
3253,0.025666388
3254,0.010514481
3255,0.029286551
3256,0.107105631
3257,0.056191976
3258,0.077343556
3259,0.127598129
3260,0.269058962
3261,0.426030429
3262,0.824545216
3263,0.674697322
3264,0.294728066
3265,0.113281445
3266,0.039619734
3267,0.020305935
3268,0.054806396
3269,0.121245031
3270,0.015692057
3271,0.01130699
3272,0.026618457
3273,0.470829785
3274,0.046939073
3275,0.017075361
3276,0.073857605
3277,0.039767428
3278,0.087319981
3279,0.046741559
3280,0.056867716
3281,0.020595723
3282,0.061516218
3283,0.020518201
3284,0.017836879
3285,0.026719107
3286,0.095388341
3287,0.138666815
3288,0.515961079
3289,0.40462179
3290,0.152127084
3291,0.719392802
3292,0.398173711
3293,0.473908579
3294,0.117963896
3295,0.049292182
3296,0.040078485
3297,0.051884715
3298,0.060824033
3299,0.036044813
3300,0.048152187
3301,0.432417266
3302,0.093053345
3303,0.254996193
3304,0.033473347
3305,0.08207877
3306,0.128873316
3307,0.139603212
3308,0.148456574
3309,0.04831854
3310,0.03349475
3311,0.00735498
3312,0.049017439
3313,0.142622151
3314,0.487665409
3315,0.418079066
3316,0.511286755
3317,0.135463221
3318,0.401992595
3319,0.140701887
3320,0.082384161
3321,0.052511692
3322,0.011386602
3323,0.022769968
3324,0.008351438
3325,0.050076671
3326,0.128345993
3327,0.134187098
3328,0.071425648
3329,0.167508792
3330,0.029342188
3331,0.063022417
3332,0.250819534
3333,0.063035519
3334,0.010177985
3335,0.015058988
3336,0.115764262
3337,0.145816599
3338,0.046602054
3339,0.129660192
3340,0.258379922
3341,0.076792638
3342,0.096089203
3343,0.029879763
3344,0.073950176
3345,0.067735961
3346,0.048410978
3347,0.126425053
3348,0.13373423
3349,0.046828809
3350,0.037567724
3351,0.010831528
3352,0.121220815
3353,0.01160767
3354,0.073170477
3355,0.049920917
3356,0.029373715
3357,0.238601933
3358,0.041367035
3359,0.070118645
3360,0.060835396
3361,0.148106066
3362,0.396540229
3363,0.48545198
3364,0.06061133
3365,0.009581584
3366,0.019446212
3367,0.029825412
3368,0.064593388
3369,0.065179357
3370,0.123285245
3371,0.010543838
3372,0.031939555
3373,0.019908061
3374,0.024439209
3375,0.020779203
3376,0.030086645
3377,0.061484695
3378,0.09056739
3379,0.403463695
3380,0.01323358
3381,0.017173337
3382,0.058695896
3383,0.070005645
3384,0.095353217
3385,0.267309206
3386,0.059809627
3387,0.012522993
3388,0.010561051
3389,0.111127469
3390,0.024804128
3391,0.018424174
3392,0.063236894
3393,0.133398494
3394,0.045318402
3395,0.014652825
3396,0.012024368
3397,0.279835201
3398,0.018674728
3399,0.028919208
3400,0.160083273
3401,0.09615185
3402,0.049186446
3403,0.017657816
3404,0.026712926
3405,0.078138674
3406,0.283101415
3407,0.029048663
3408,0.023384261
3409,0.022048248
3410,0.045291954
3411,0.070323266
3412,0.123958314
3413,0.066716951
3414,0.157462413
3415,0.096907635
3416,0.029973898
3417,0.020067584
3418,0.06017752
3419,0.038889707
3420,0.028252595
3421,0.131965729
3422,0.018352632
3423,0.12425028
3424,0.018748969
3425,0.110139934
3426,0.049807899
3427,0.01233318
3428,0.01540572
3429,0.268210363
3430,0.54898894
3431,0.237697639
3432,0.048801411
3433,0.080220632
3434,0.043456087
3435,0.029450341
3436,0.085694864
3437,0.062003077
3438,0.079322976
3439,0.717264994
3440,0.081995496
3441,0.083330888
3442,0.079511546
3443,0.039939736
3444,0.143601225
3445,0.523850863
3446,0.07287754
3447,0.132535631
3448,0.032168806
3449,0.024973197
3450,0.082363477
3451,0.02237222
3452,0.02216817
3453,0.000964371
3454,0.050022177
3455,0.051463157
3456,0.051699643
3457,0.009776749
3458,0.016040468
3459,0.096263074
3460,0.032185633
3461,0.042836191
3462,0.040026846
3463,0.084237347
3464,0.112748843
3465,0.033047814
3466,0.056354536
3467,0.429722237
3468,0.054476825
3469,0.082639473
3470,0.040031985
3471,0.0499899
3472,0.056899983
3473,0.052580475
3474,0.012992488
3475,0.275354473
3476,0.033205625
3477,0.006711646
3478,0.009506636
3479,0.014716942
3480,0.048467495
3481,0.09040002
3482,0.026913409
3483,0.093823205
3484,0.047809849
3485,0.044746913
3486,0.271189697
3487,0.020013565
3488,0.030610935
3489,0.047279202
3490,0.009060227
3491,0.030741191
3492,0.111750606
3493,0.06852445
3494,0.00804043
3495,0.015737013
3496,0.018405166
3497,0.009191725
3498,0.056453914
3499,0.119309615
3500,0.09380963
3501,0.075391043
3502,0.096477139
3503,0.025698242
3504,0.046725553
3505,0.017067244
3506,0.064816415
3507,0.159726669
3508,0.112115282
3509,0.01267047
3510,0.031731417
3511,0.013873609
3512,0.019646289
3513,0.012829182
3514,0.0210912
3515,0.007462009
3516,0.013065923
3517,0.012719742
3518,0.017410575
3519,0.020677715
3520,0.046239207
3521,0.054073258
3522,0.117782985
3523,0.126694143
3524,0.158000455
3525,0.009738652
3526,0.025611956
3527,0.009670202
3528,0.014703732
3529,0.023854388
3530,0.008666417
3531,0.019099268
3532,0.026106312
3533,0.008594142
3534,0.013022368
3535,0.071810229
3536,0.027301301
3537,0.040037017
3538,0.044119091
3539,0.016757887
3540,0.009482682
3541,0.08907402
3542,0.030168029
3543,0.044366341
3544,0.016115575
3545,0.025021751
3546,0.012677033
3547,0.014448993
3548,0.091115289
3549,0.010793173
3550,0.004219035
3551,0.011271679
3552,0.150223598
3553,0.057713872
3554,0.04903859
3555,0.055309283
3556,0.01675881
3557,0.088805869
3558,0.023735301
3559,0.010079353
3560,0.003617333
3561,0.059053652
3562,0.017082558
3563,0.07685722
3564,0.019185192
3565,0.11551162
3566,0.015556849
3567,0.03472922
3568,0.025828142
3569,0.028170731
3570,0.010746569
3571,0.011201828
3572,0.011457008
3573,0.00621763
3574,0.012316274
3575,0.028042093
3576,0.010173064
3577,0.068547756
3578,0.053999069
3579,0.123483891
3580,0.019189345
3581,0.030829639
3582,0.013322862
3583,0.013675072
3584,0.05044166
3585,0.022572565
3586,0.011196952
3587,0.031366436
3588,0.015912826
3589,0.04030414
3590,0.102456228
3591,0.11851397
3592,0.021481998
3593,0.07753264
3594,0.009228561
3595,0.043995942
3596,0.032515513
3597,0.05706723
3598,0.055044846
3599,0.036794137
3600,0.051345465
3601,0.03687415
3602,0.116295029
3603,0.04600111
3604,0.005912857
3605,0.049336442
3606,0.073792393
3607,0.043415408
3608,0.057717908
3609,0.398005899
3610,0.401436646
3611,0.021786164
3612,0.040656862
3613,0.401288561
3614,0.063458389
3615,0.29918845
3616,0.071239797
3617,0.249523769
3618,0.066513565
3619,0.023338314
3620,0.082005329
3621,0.017144859
3622,0.008776658
3623,0.26226679
3624,0.046728563
3625,0.497050378
3626,0.092009827
3627,0.095658166
3628,0.057462138
3629,0.022324315
3630,0.044281516
3631,0.034305871
3632,0.016208094
3633,0.015500591
3634,0.10793795
3635,0.106255989
3636,0.509509325
3637,0.531799368
3638,0.050786697
3639,0.07710022
3640,0.105364899
3641,0.262080277
3642,0.006318386
3643,0.071097113
3644,0.056807241
3645,0.052406305
3646,0.062324998
3647,0.422021376
3648,0.100232322
3649,0.401327976
3650,0.508441702
3651,0.108975722
3652,0.563293647
3653,0.00855801
3654,0.067136775
3655,0.260440582
3656,0.048538106
3657,0.038776409
3658,0.044393563
3659,0.054510108
3660,0.032305362
3661,0.078451355
3662,0.116105452
3663,0.086865664
3664,0.035593262
3665,0.056877878
3666,0.280293017
3667,0.036996122
3668,0.024056325
3669,0.062738782
3670,0.053801191
3671,0.062301099
3672,0.035158025
3673,0.032410894
3674,0.066225214
3675,0.074417822
3676,0.028245637
3677,0.056249731
3678,0.159142719
3679,0.053712178
3680,0.253124605
3681,0.039298337
3682,0.008762562
3683,0.015481896
3684,0.016197406
3685,0.521619378
3686,0.106484974
3687,0.074489249
3688,0.16751426
3689,0.435422818
3690,0.005118606
3691,0.058325252
3692,0.048468088
3693,0.015062424
3694,0.019790578
3695,0.025454334
3696,0.017290822
3697,0.006123608
3698,0.054166193
3699,0.005383924
3700,0.059114487
3701,0.078876438
3702,0.088024699
3703,0.252541851
3704,0.270547796
3705,0.027325159
3706,0.050330395
3707,0.027154193
3708,0.022381957
3709,0.047214078
3710,0.174845265
3711,0.019590946
3712,0.047661296
3713,0.049620345
3714,0.105059041
3715,0.483780236
3716,0.060179681
3717,0.026183292
3718,0.05712072
3719,0.101520526
3720,0.026004222
3721,0.098991225
3722,0.158989784
3723,0.096915468
3724,0.08736954
3725,0.054240195
3726,0.030666601
3727,0.032248949
3728,0.029514597
3729,0.038708061
3730,0.055614706
3731,0.054264081
3732,0.250394102
3733,0.022733366
3734,0.060528389
3735,0.034243623
3736,0.023696945
3737,0.020600762
3738,0.030741722
3739,0.050672494
3740,0.022047336
3741,0.080165059
3742,0.1710327
3743,0.263108684
3744,0.045269056
3745,0.057036548
3746,0.047032911
3747,0.096562817
3748,0.054673489
3749,0.018341072
3750,0.069529384
3751,0.020344345
3752,0.026055394
3753,0.125823826
3754,0.037734151
3755,0.02118338
3756,0.028019056
3757,0.073346999
3758,0.055743316
3759,0.127094378
3760,0.115315555
3761,0.133441245
3762,0.078382281
3763,0.058630583
3764,0.021134942
3765,0.058137709
3766,0.03831762
3767,0.108575753
3768,0.05450038
3769,0.56338611
3770,0.11461718
3771,0.022468314
3772,0.014737293
3773,0.095030935
3774,0.051572616
3775,0.048669976
3776,0.020018656
3777,0.01404353
3778,0.061059063
3779,0.009869945
3780,0.018467116
3781,0.0234608
3782,0.058639042
3783,0.046440673
3784,0.078245604
3785,0.074122559
3786,0.095606611
3787,0.248454829
3788,0.387605683
3789,0.073569687
3790,0.025860965
3791,0.077062657
3792,0.013533845
3793,0.0522794
3794,0.066987232
3795,0.054277367
3796,0.14169527
3797,0.045768417
3798,0.094057112
3799,0.054362083
3800,0.059162674
3801,0.01894087
3802,0.016126562
3803,0.115847008
3804,0.008287154
3805,0.027798704
3806,0.058141302
3807,0.012768381
3808,0.023640471
3809,0.042988184
3810,0.066157997
3811,0.069280972
3812,0.121031924
3813,0.105387434
3814,0.253262734
3815,0.120953895
3816,0.109405348
3817,0.011279016
3818,0.096208169
3819,0.049966023
3820,0.054373547
3821,0.090925906
3822,0.035763344
3823,0.024245486
3824,0.049667823
3825,0.053057784
3826,0.013685448
3827,0.05930681
3828,0.063594343
3829,0.03513592
3830,0.059509156
3831,0.027419432
3832,0.033656548
3833,0.053746524
3834,0.014903757
3835,0.039108282
3836,0.097411712
3837,0.070041017
3838,0.137052732
3839,0.474449552
3840,0.101180399
3841,0.125760881
3842,0.065646757
3843,0.069625988
3844,0.087092813
3845,0.066172239
3846,0.054836939
3847,0.008181893
3848,0.010506064
3849,0.018575461
3850,0.253049025
3851,0.077882783
3852,0.07122937
3853,0.066225068
3854,0.080228218
3855,0.023757684
3856,0.01955486
3857,0.010820404
3858,0.022179817
3859,0.046659085
3860,0.165423035
3861,0.06044043
3862,0.059962804
3863,0.105486366
3864,0.495528229
3865,0.096894465
3866,0.018055139
3867,0.253120774
3868,0.061786685
3869,0.162363588
3870,0.197620707
3871,0.070382036
3872,0.027450581
3873,0.047891307
3874,0.049472707
3875,0.093172948
3876,0.158745199
3877,0.041861851
3878,0.25181293
3879,0.085964012
3880,0.064621484
3881,0.015588563
3882,0.009917307
3883,0.018616974
3884,0.046603288
3885,0.071450562
3886,0.013438679
3887,0.106975753
3888,0.154682492
3889,0.139356091
3890,0.077395846
3891,0.033146578
3892,0.110806891
3893,0.155737141
3894,0.262593069
3895,0.053799982
3896,0.044685759
3897,0.066775912
3898,0.50877256
3899,0.03994263
3900,0.076854604
3901,0.279867132
3902,0.255647233
3903,0.011931652
3904,0.019950037
3905,0.014138721
3906,0.049769121
3907,0.059690067
3908,0.12101545
3909,0.256982734
3910,0.121069773
3911,0.081601768
3912,0.264793874
3913,0.137695886
3914,0.152564672
3915,0.190001483
3916,0.400027133
3917,0.085747583
3918,0.020911559
3919,0.046638832
3920,0.081532131
3921,0.051241893
3922,0.273251356
3923,0.778208667
3924,0.004548149
3925,0.07773825
3926,0.402369189
3927,0.017867171
3928,0.044535656
3929,0.265255414
3930,0.014804372
3931,0.049169065
3932,0.075751752
3933,0.023750751
3934,0.043307011
3935,0.006119123
3936,0.289518102
3937,0.064980081
3938,0.104834713
3939,0.150126872
3940,0.137608197
3941,0.257342611
3942,0.404547647
3943,0.171094336
3944,0.033650941
3945,0.250554797
3946,0.128949771
3947,0.131698776
3948,0.748962071
3949,0.429225253
3950,0.291128741
3951,0.006581399
3952,0.018750492
3953,0.133919594
3954,0.073999374
3955,0.031292999
3956,0.010905218
3957,0.020169717
3958,0.006996512
3959,0.058255545
3960,0.010504789
3961,0.028201804
3962,0.057543748
3963,0.1158936
3964,0.093351548
3965,0.126979246
3966,0.090185415
3967,0.246815491
3968,0.252915219
3969,0.03173138
3970,0.113163228
3971,0.256247809
3972,0.020832674
3973,0.069224788
3974,0.74896616
3975,0.815441862
3976,0.512069851
3977,0.029915601
3978,0.056725544
3979,0.291050955
3980,0.068674636
3981,0.073858055
3982,0.008264001
3983,0.061349624
3984,0.059109103
3985,0.049457575
3986,0.012454165
3987,0.260716718
3988,0.016781249
3989,0.049022762
3990,0.140287713
3991,0.118839576
3992,0.048183501
3993,0.048902184
3994,0.104926282
3995,0.255031993
3996,0.026112116
3997,0.1357587
3998,0.07993212
3999,0.117275043
4000,0.772995329
4001,0.802244754
4002,0.473742175
4003,0.019265565
4004,0.260836844
4005,0.025844076
4006,0.161610582
4007,0.099662764
4008,0.25326427
4009,0.05985361
4010,0.083456351
4011,0.021868686
4012,0.072831601
4013,0.116944182
4014,0.247188866
4015,0.107372417
4016,0.523538665
4017,0.275173697
4018,0.1638486
4019,0.158692773
4020,0.082733403
4021,0.060107799
4022,0.134846973
4023,0.043062587
4024,0.034744896
4025,0.020215115
4026,0.116654032
4027,0.249676672
4028,0.061164051
4029,0.09076334
4030,0.021805273
4031,0.794595003
4032,0.979340503
4033,0.899390458
4034,0.097539869
4035,0.043792821
4036,0.105854861
4037,0.012032521
4038,0.163902459
4039,0.030090615
4040,0.018206083
4041,0.01653565
4042,0.07385755
4043,0.102741797
4044,0.04747953
4045,0.398003176
4046,0.503598758
4047,0.081020675
4048,0.13742199
4049,0.10096807
4050,0.255929724
4051,0.057319119
4052,0.257265041
4053,0.105289235
4054,0.029314157
4055,0.082324176
4056,0.101444895
4057,0.103033293
4058,0.050500903
4059,0.419871271
4060,0.399334159
4061,0.150341617
4062,0.070739833
4063,0.031763556
4064,0.138665067
4065,0.066921788
4066,0.161489131
4067,0.034664391
4068,0.042380423
4069,0.046895689
4070,0.020585661
4071,0.069405934
4072,0.043804067
4073,0.256530659
4074,0.805270837
4075,0.251892827
4076,0.271343714
4077,0.114821949
4078,0.155287922
4079,0.248359262
4080,0.566125018
4081,0.08777545
4082,0.026833239
4083,0.039261912
4084,0.035169893
4085,0.131793071
4086,0.133771441
4087,0.099268073
4088,0.285892237
4089,0.262241794
4090,0.163754907
4091,0.900436577
4092,0.117726019
4093,0.022992542
4094,0.135663553
4095,0.148911903
4096,0.029256769
4097,0.055101129
4098,0.157063422
4099,0.07643445
4100,0.056563188
4101,0.044596405
4102,0.056086079
4103,0.162991566
4104,0.400704435
4105,0.258767891
4106,0.454689731
4107,0.404206453
4108,0.161521908
4109,0.127688621
4110,0.39261813
4111,0.013911041
4112,0.024904644
4113,0.16693413
4114,0.089908502
4115,0.054318708
4116,0.283916562
4117,0.257885453
4118,0.057960972
4119,0.503163852
4120,0.263920773
4121,0.06926395
4122,0.111004055
4123,0.082126107
4124,0.050669182
4125,0.010402928
4126,0.007189889
4127,0.016173597
4128,0.034526334
4129,0.051459399
4130,0.092707968
4131,0.108969024
4132,0.125978773
4133,0.403285642
4134,0.726772163
4135,0.393416646
4136,0.255594049
4137,0.56660149
4138,0.107083314
4139,0.061669299
4140,0.058864691
4141,0.140427684
4142,0.17983823
4143,0.089139987
4144,0.032322837
4145,0.059009033
4146,0.147514118
4147,0.017263706
4148,0.051546638
4149,0.119919955
4150,0.02423074
4151,0.048207464
4152,0.025122212
4153,0.008395833
4154,0.031141209
4155,0.103411469
4156,0.053261002
4157,0.084637387
4158,0.141451126
4159,0.165163199
4160,0.41794275
4161,0.836706748
4162,0.67583481
4163,0.397329947
4164,0.110791789
4165,0.009192034
4166,0.040631697
4167,0.017664715
4168,0.04675774
4169,0.114807805
4170,0.009248834
4171,0.029328883
4172,0.471131964
4173,0.053283479
4174,0.018803733
4175,0.07153985
4176,0.039880806
4177,0.089582494
4178,0.04598835
4179,0.056860056
4180,0.010266834
4181,0.030734306
4182,0.089632352
4183,0.132276545
4184,0.539946336
4185,0.401617721
4186,0.147275426
4187,0.757827313
4188,0.397811166
4189,0.480441626
4190,0.111919608
4191,0.045970502
4192,0.03625764
4193,0.046208788
4194,0.039469476
4195,0.060914879
4196,0.039293733
4197,0.053600047
4198,0.432248754
4199,0.098316509
4200,0.400565402
4201,0.052588359
4202,0.086659865
4203,0.120659159
4204,0.129243726
4205,0.150052457
4206,0.037018271
4207,0.030704482
4208,0.006121259
4209,0.048592273
4210,0.137033485
4211,0.511186189
4212,0.400669475
4213,0.499459238
4214,0.13464993
4215,0.390267167
4216,0.14730165
4217,0.081083417
4218,0.050422863
4219,0.01056188
4220,0.024885676
4221,0.012999717
4222,0.052657763
4223,0.137507025
4224,0.12546957
4225,0.070900125
4226,0.154577048
4227,0.040351137
4228,0.066657824
4229,0.252579384
4230,0.068921968
4231,0.010356964
4232,0.018422903
4233,0.10528071
4234,0.152298449
4235,0.049219849
4236,0.133307654
4237,0.248721587
4238,0.081718064
4239,0.100090233
4240,0.032145091
4241,0.094192594
4242,0.08314221
4243,0.055968713
4244,0.13068991
4245,0.126649917
4246,0.05724895
4247,0.030393135
4248,0.009907295
4249,0.117660529
4250,0.010763886
4251,0.071282843
4252,0.052479373
4253,0.038565479
4254,0.136028192
4255,0.04695943
4256,0.073866934
4257,0.008814924
4258,0.053444694
4259,0.144884748
4260,0.399508583
4261,0.49894424
4262,0.057834782
4263,0.010766705
4264,0.019120573
4265,0.019599082
4266,0.032155921
4267,0.065316131
4268,0.014259171
4269,0.06361694
4270,0.134152531
4271,0.013571362
4272,0.025340785
4273,0.014716152
4274,0.033448588
4275,0.023412932
4276,0.064591569
4277,0.094116328
4278,0.290122693
4279,0.01439778
4280,0.015586186
4281,0.048982145
4282,0.07178584
4283,0.096094139
4284,0.270638336
4285,0.071033666
4286,0.013966037
4287,0.11491135
4288,0.035147889
4289,0.01517765
4290,0.075614217
4291,0.119557253
4292,0.04371078
4293,0.014946413
4294,0.019779379
4295,0.010023352
4296,0.251486371
4297,0.023756305
4298,0.163696438
4299,0.073156044
4300,0.051844739
4301,0.018043114
4302,0.030411094
4303,0.087568304
4304,0.277119203
4305,0.033332322
4306,0.02351787
4307,0.026156705
4308,0.052643093
4309,0.069162253
4310,0.252647336
4311,0.094242291
4312,0.269895285
4313,0.083586826
4314,0.03072258
4315,0.060985232
4316,0.044453594
4317,0.031871117
4318,0.263484474
4319,0.018358367
4320,0.129668478
4321,0.019453672
4322,0.109084029
4323,0.045554453
4324,0.012571165
4325,0.282085624
4326,0.311276367
4327,0.102751904
4328,0.054110902
4329,0.090056836
4330,0.04330825
4331,0.035870461
4332,0.085377833
4333,0.061926805
4334,0.073815466
4335,0.705726729
4336,0.075449911
4337,0.082558615
4338,0.075335693
4339,0.040195455
4340,0.143413295
4341,0.489146299
4342,0.075156327
4343,0.12970416
4344,0.023550231
4345,0.035986556
4346,0.010554591
4347,0.025446647
4348,0.085327436
4349,0.027875552
4350,0.020030582
4351,0.054083303
4352,0.041673279
4353,0.0195156
4354,0.055736299
4355,0.014845075
4356,0.110197908
4357,0.035136711
4358,0.040172125
4359,0.077686163
4360,0.11403382
4361,0.023200945
4362,0.048967678
4363,0.465085796
4364,0.055481164
4365,0.08538982
4366,0.038177501
4367,0.047852042
4368,0.070526708
4369,0.038045459
4370,0.013825803
4371,0.417736932
4372,0.028736127
4373,0.006661596
4374,0.017827915
4375,0.046910948
4376,0.085410633
4377,0.019727932
4378,0.130910018
4379,0.057796511
4380,0.032220869
4381,0.00706779
4382,0.043105094
4383,0.393604498
4384,0.031497301
4385,0.017410109
4386,0.010072808
4387,0.020605466
4388,0.059673718
4389,0.009111516
4390,0.03399911
4391,0.127764132
4392,0.083192493
4393,0.014090025
4394,0.014306601
4395,0.016562387
4396,0.059597779
4397,0.117954467
4398,0.098421373
4399,0.074220034
4400,0.076607747
4401,0.021836827
4402,0.044206533
4403,0.019045108
4404,0.069180819
4405,0.171782605
4406,0.124053845
4407,0.007173764
4408,0.009103029
4409,0.030699419
4410,0.013169677
4411,0.015673571
4412,0.018308051
4413,0.005833538
4414,0.011096636
4415,0.015621369
4416,0.013847231
4417,0.021144298
4418,0.061339276
4419,0.052391407
4420,0.116702581
4421,0.121841395
4422,0.167044517
4423,0.009432333
4424,0.028151149
4425,0.00822044
4426,0.017177364
4427,0.024218929
4428,0.017727943
4429,0.011554992
4430,0.013008431
4431,0.007795131
4432,0.080740623
4433,0.04537163
4434,0.062762911
4435,0.015277486
4436,0.013852196
4437,0.010808664
4438,0.088666952
4439,0.028826295
4440,0.067822112
4441,0.008388393
4442,0.011331245
4443,0.031384064
4444,0.020636135
4445,0.080870315
4446,0.008803724
4447,0.015701141
4448,0.142848984
4449,0.069806485
4450,0.075324882
4451,0.062558103
4452,0.083075783
4453,0.020491357
4454,0.010024754
4455,0.004743598
4456,0.073083958
4457,0.020618035
4458,0.079481652
4459,0.007947212
4460,0.110562196
4461,0.015896276
4462,0.02713734
4463,0.022247833
4464,0.008543038
4465,0.01170921
4466,0.029191408
4467,0.013828648
4468,0.010906705
4469,0.072963167
4470,0.053212142
4471,0.033512301
4472,0.13130967
4473,0.018658971
4474,0.025723387
4475,0.004091468
4476,0.01628359
4477,0.048787715
4478,0.019936883
4479,0.01134156
4480,0.027906646
4481,0.031941813
4482,0.009589345
4483,0.009371337
4484,0.018069939
4485,0.037321423
4486,0.085351029
4487,0.126481749
4488,0.020345069
4489,0.084183618
4490,0.025837419
4491,0.020312898
4492,0.059370331
4493,0.049595675
4494,0.031126615
4495,0.049405502
4496,0.065864345
4497,0.014537068
4498,0.032652777
4499,0.051995303
4500,0.053743756
4501,0.103652838
4502,0.056756649
4503,0.047749228
4504,0.043526831
4505,0.070178746
4506,0.05067066
4507,0.25474896
4508,0.402662638
4509,0.028757178
4510,0.052539346
4511,0.255614403
4512,0.060245349
4513,0.176999713
4514,0.067584521
4515,0.38801797
4516,0.062959775
4517,0.087232656
4518,0.01627642
4519,0.036374556
4520,0.262895638
4521,0.036215264
4522,0.493849596
4523,0.113616444
4524,0.119069938
4525,0.053782953
4526,0.022966723
4527,0.035019135
4528,0.024449406
4529,0.020814701
4530,0.016307745
4531,0.236636533
4532,0.106076372
4533,0.565869752
4534,0.483604537
4535,0.046115631
4536,0.077549436
4537,0.131004164
4538,0.154592344
4539,0.060879569
4540,0.046777867
4541,0.060117964
4542,0.063316245
4543,0.40791321
4544,0.261110936
4545,0.15114316
4546,0.548465168
4547,0.23744214
4548,0.565272005
4549,0.080113283
4550,0.275327476
4551,0.047998328
4552,0.05555133
4553,0.044395748
4554,0.057852258
4555,0.027077606
4556,0.239814937
4557,0.115420792
4558,0.078586398
4559,0.050791016
4560,0.063383068
4561,0.185530521
4562,0.032011987
4563,0.055152124
4564,0.065149222
4565,0.061906189
4566,0.031960394
4567,0.041373236
4568,0.062570422
4569,0.073976893
4570,0.031089337
4571,0.064532311
4572,0.266865757
4573,0.051922603
4574,0.275495378
4575,0.063256599
4576,0.022004738
4577,0.00249026
4578,0.020853616
4579,0.494228761
4580,0.098774458
4581,0.014378405
4582,0.080541412
4583,0.181252929
4584,0.436119363
4585,0.004584317
4586,0.069276344
4587,0.049302954
4588,0.016275218
4589,0.019796389
4590,0.041560502
4591,0.005654561
4592,0.063601546
4593,0.076311276
4594,0.081240698
4595,0.260220645
4596,0.439899034
4597,0.018788651
4598,0.041361665
4599,0.056596323
4600,0.009069228
4601,0.007447471
4602,0.02673995
4603,0.039208511
4604,0.175013904
4605,0.018486923
4606,0.064785331
4607,0.055347922
4608,0.045215278
4609,0.121295809
4610,0.55179267
4611,0.051507487
4612,0.019463671
4613,0.030383217
4614,0.062297459
4615,0.07294767
4616,0.024672779
4617,0.024513893
4618,0.010060397
4619,0.107325306
4620,0.250627501
4621,0.093197002
4622,0.085408905
4623,0.060372895
4624,0.033432106
4625,0.030770525
4626,0.030684942
4627,0.029516116
4628,0.061773624
4629,0.059482837
4630,0.26524568
4631,0.027340741
4632,0.055040997
4633,0.033775286
4634,0.02163247
4635,0.018444942
4636,0.020720829
4637,0.052621867
4638,0.028004941
4639,0.089712361
4640,0.174721151
4641,0.257959823
4642,0.037748716
4643,0.051412314
4644,0.041164117
4645,0.093761137
4646,0.065044805
4647,0.020755084
4648,0.071968506
4649,0.024206873
4650,0.023580814
4651,0.012929406
4652,0.121084367
4653,0.028183997
4654,0.025870106
4655,0.030009462
4656,0.065859429
4657,0.066810656
4658,0.240390089
4659,0.108004009
4660,0.240350323
4661,0.080262844
4662,0.057376516
4663,0.020990996
4664,0.0549586
4665,0.043748587
4666,0.117440098
4667,0.057140016
4668,0.624825117
4669,0.240232981
4670,0.026883028
4671,0.106335673
4672,0.049698122
4673,0.048767408
4674,0.027178213
4675,0.019530082
4676,0.006891663
4677,0.07800615
4678,0.011243585
4679,0.015736955
4680,0.020416753
4681,0.076612371
4682,0.040545239
4683,0.08383787
4684,0.072223198
4685,0.097910597
4686,0.233869569
4687,0.387662922
4688,0.072847674
4689,0.030930805
4690,0.075906912
4691,0.019401512
4692,0.049475089
4693,0.068677928
4694,0.064249001
4695,0.138188525
4696,0.056208947
4697,0.085033447
4698,0.051730611
4699,0.059688093
4700,0.02641052
4701,0.021218388
4702,0.130473214
4703,0.009137505
4704,0.026209762
4705,0.053501977
4706,0.030754927
4707,0.010766215
4708,0.028155872
4709,0.040124752
4710,0.06342773
4711,0.075904327
4712,0.1115805
4713,0.088257237
4714,0.252074458
4715,0.124630444
4716,0.120686234
4717,0.010511439
4718,0.087348869
4719,0.011552592
4720,0.053872969
4721,0.050021801
4722,0.092682582
4723,0.037436939
4724,0.027270983
4725,0.054768274
4726,0.05098436
4727,0.011234063
4728,0.051019523
4729,0.085164354
4730,0.033845708
4731,0.070300508
4732,0.007901278
4733,0.026102844
4734,0.031390684
4735,0.060050831
4736,0.01781456
4737,0.03827717
4738,0.088465555
4739,0.075847823
4740,0.135144969
4741,0.507094981
4742,0.107277481
4743,0.125205065
4744,0.073086401
4745,0.07129353
4746,0.084939852
4747,0.082808263
4748,0.057332979
4749,0.009759643
4750,0.025247038
4751,0.26492862
4752,0.081210547
4753,0.083788579
4754,0.066911966
4755,0.081205759
4756,0.020692377
4757,0.026967415
4758,0.010445852
4759,0.022051364
4760,0.022506497
4761,0.054757645
4762,0.17101309
4763,0.062499224
4764,0.063204165
4765,0.105480711
4766,0.484815954
4767,0.094262137
4768,0.243079758
4769,0.065026865
4770,0.256430785
4771,0.184483865
4772,0.068753368
4773,0.041698188
4774,0.045058057
4775,0.089978243
4776,0.246595258
4777,0.048306524
4778,0.159783101
4779,0.095174214
4780,0.064236139
4781,0.024650429
4782,0.021266769
4783,0.048047012
4784,0.065414951
4785,0.017231227
4786,0.128829055
4787,0.15190761
4788,0.129811716
4789,0.077868593
4790,0.031743768
4791,0.102944627
4792,0.171953167
4793,0.260026124
4794,0.060735165
4795,0.051280148
4796,0.0246447
4797,0.010759131
4798,0.072967211
4799,0.537387258
4800,0.044422359
4801,0.066587392
4802,0.416196935
4803,0.256360661
4804,0.01286013
4805,0.01954509
4806,0.050023345
4807,0.055528199
4808,0.133530436
4809,0.246999204
4810,0.112696967
4811,0.082484677
4812,0.248079559
4813,0.134476447
4814,0.138532999
4815,0.184588514
4816,0.278947444
4817,0.077103778
4818,0.047162416
4819,0.076137335
4820,0.058226206
4821,0.276858377
4822,0.799314674
4823,0.005114543
4824,0.082445088
4825,0.390154091
4826,0.016466555
4827,0.047548071
4828,0.264321333
4829,0.017808455
4830,0.013707165
4831,0.045456507
4832,0.070996493
4833,0.022733902
4834,0.052348219
4835,0.304461396
4836,0.068796235
4837,0.09721583
4838,0.166997147
4839,0.147858303
4840,0.168039888
4841,0.392568904
4842,0.261888401
4843,0.152792951
4844,0.261579498
4845,0.126696657
4846,0.71638242
4847,0.448531312
4848,0.279623396
4849,0.007807489
4850,0.025976644
4851,0.133398671
4852,0.065969062
4853,0.008778044
4854,0.014814476
4855,0.008007336
4856,0.054348514
4857,0.011430646
4858,0.025542996
4859,0.065894902
4860,0.103714445
4861,0.089890249
4862,0.1124326
4863,0.082284192
4864,0.254395495
4865,0.103670799
4866,0.022526595
4867,0.118926
4868,0.153714111
4869,0.021796679
4870,0.07046013
4871,0.874251741
4872,0.903045663
4873,0.470882423
4874,0.006319199
4875,0.028510132
4876,0.068411003
4877,0.290930567
4878,0.088706783
4879,0.061268075
4880,0.009316129
4881,0.057997154
4882,0.07757307
4883,0.045642237
4884,0.018056364
4885,0.255035394
4886,0.023178098
4887,0.046157413
4888,0.137400804
4889,0.112853471
4890,0.055243443
4891,0.054498256
4892,0.10342418
4893,0.247226595
4894,0.028140045
4895,0.134646734
4896,0.086810356
4897,0.12132391
4898,0.889235965
4899,0.872102239
4900,0.495378061
4901,0.017211553
4902,0.082936795
4903,0.02409185
4904,0.008262406
4905,0.166894999
4906,0.084009541
4907,0.256230435
4908,0.05941097
4909,0.067257143
4910,0.019824373
4911,0.083062928
4912,0.118427688
4913,0.149128872
4914,0.140959307
4915,0.55863971
4916,0.25305226
4917,0.152822317
4918,0.142151137
4919,0.08438363
4920,0.060478468
4921,0.121281371
4922,0.048020597
4923,0.029020627
4924,0.114067516
4925,0.120790277
4926,0.058673588
4927,0.088815661
4928,0.026343416
4929,0.834658056
4930,0.971504501
4931,0.924607831
4932,0.105248045
4933,0.041509543
4934,0.237804603
4935,0.16536106
4936,0.026487685
4937,0.019450475
4938,0.021979022
4939,0.072668964
4940,0.10182693
4941,0.046748999
4942,0.397930423
4943,0.498097811
4944,0.077911222
4945,0.124643489
4946,0.089758255
4947,0.161304248
4948,0.061735166
4949,0.24164543
4950,0.246674014
4951,0.033571835
4952,0.084152518
4953,0.090142005
4954,0.117758345
4955,0.04982689
4956,0.029441835
4957,0.433234854
4958,0.4063229
4959,0.249635396
4960,0.066727355
4961,0.033693688
4962,0.138113276
4963,0.014336281
4964,0.075233541
4965,0.171599063
4966,0.050501221
4967,0.046823781
4968,0.054171952
4969,0.021087894
4970,0.017267942
4971,0.049862442
4972,0.053882638
4973,0.39079386
4974,0.811026116
4975,0.260896721
4976,0.26710265
4977,0.106539731
4978,0.161882502
4979,0.157062946
4980,0.552449076
4981,0.095660822
4982,0.022509641
4983,0.041035304
4984,0.03891712
4985,0.118711484
4986,0.252531633
4987,0.112856802
4988,0.167472077
4989,0.254953196
4990,0.162685377
4991,0.914320542
4992,0.104723261
4993,0.02287918
4994,0.123707869
4995,0.166614397
4996,0.034236499
4997,0.0613458
4998,0.157199819
4999,0.078216333
5000,0.036734557
5001,0.045266463
5002,0.045597388
5003,0.155712025
5004,0.393717189
5005,0.274114644
5006,0.460162898
5007,0.288840208
5008,0.15179259
5009,0.130552581
5010,0.254319281
5011,0.023835263
5012,0.148699527
5013,0.09023449
5014,0.053789513
5015,0.251850288
5016,0.262612419
5017,0.06567371
5018,0.550270843
5019,0.267152999
5020,0.079624099
5021,0.110880037
5022,0.09273232
5023,0.055127156
5024,0.009994322
5025,0.014575844
5026,0.031718772
5027,0.058203368
5028,0.089617355
5029,0.074051053
5030,0.133481844
5031,0.221017907
5032,0.74957785
5033,0.431830811
5034,0.253058115
5035,0.611369007
5036,0.101241096
5037,0.020397662
5038,0.059739775
5039,0.068055181
5040,0.265258696
5041,0.150173279
5042,0.07189959
5043,0.025174781
5044,0.068450061
5045,0.130365627
5046,0.019227004
5047,0.057657737
5048,0.136250617
5049,0.0262085
5050,0.047365017
5051,0.027234937
5052,0.01183032
5053,0.029183852
5054,0.096389345
5055,0.059208285
5056,0.07974698
5057,0.258905292
5058,0.167151023
5059,0.397956938
5060,0.827986883
5061,0.697202659
5062,0.396866358
5063,0.102309443
5064,0.006518624
5065,0.038103201
5066,0.018958239
5067,0.048964743
5068,0.113363622
5069,0.010246411
5070,0.024424683
5071,0.470005859
5072,0.043969253
5073,0.019620328
5074,0.083880218
5075,0.042236102
5076,0.082616679
5077,0.041877244
5078,0.051870278
5079,0.019687496
5080,0.015329364
5081,0.018876852
5082,0.044164745
5083,0.082119113
5084,0.136874839
5085,0.528206245
5086,0.39888189
5087,0.146376302
5088,0.754360959
5089,0.379277142
5090,0.506508124
5091,0.118550153
5092,0.033531863
5093,0.042723931
5094,0.059052967
5095,0.060896596
5096,0.065821411
5097,0.440664015
5098,0.238599383
5099,0.266311775
5100,0.039142475
5101,0.07944351
5102,0.108019561
5103,0.12204075
5104,0.162520207
5105,0.048260328
5106,0.02881994
5107,0.008136498
5108,0.042380826
5109,0.150864358
5110,0.488810875
5111,0.398481819
5112,0.550565489
5113,0.255926315
5114,0.260088209
5115,0.152427684
5116,0.065805333
5117,0.034713844
5118,0.011741981
5119,0.028963234
5120,0.077733523
5121,0.051321754
5122,0.132149554
5123,0.132084776
5124,0.085711393
5125,0.174548001
5126,0.031167081
5127,0.06194013
5128,0.396559034
5129,0.061222527
5130,0.011157266
5131,0.016804468
5132,0.106328091
5133,0.137816132
5134,0.049914646
5135,0.240700665
5136,0.150607155
5137,0.085227341
5138,0.110266756
5139,0.039472652
5140,0.091902384
5141,0.08204171
5142,0.042783218
5143,0.138250336
5144,0.127143232
5145,0.041591157
5146,0.032371467
5147,0.010456693
5148,0.234271058
5149,0.009625583
5150,0.023043489
5151,0.069720336
5152,0.040513317
5153,0.036516064
5154,0.115935962
5155,0.04636992
5156,0.066818418
5157,0.009943558
5158,0.065787175
5159,0.138318974
5160,0.263104775
5161,0.505119112
5162,0.061255125
5163,0.023362514
5164,0.070184605
5165,0.065684192
5166,0.138023632
5167,0.018969948
5168,0.03298716
5169,0.014348076
5170,0.033311044
5171,0.024584735
5172,0.014185875
5173,0.073488229
5174,0.092753821
5175,0.391926117
5176,0.014631736
5177,0.018090241
5178,0.054802096
5179,0.059438863
5180,0.09423385
5181,0.387367364
5182,0.069941436
5183,0.00744321
5184,0.116124466
5185,0.032180357
5186,0.017858604
5187,0.075437096
5188,0.121564749
5189,0.050742852
5190,0.025112543
5191,0.174771832
5192,0.026468052
5193,0.019214465
5194,0.026793357
5195,0.158596458
5196,0.093882126
5197,0.043209534
5198,0.020643178
5199,0.026526013
5200,0.079522781
5201,0.286546193
5202,0.033600019
5203,0.021835155
5204,0.028012692
5205,0.051267435
5206,0.07574625
5207,0.251539405
5208,0.070230262
5209,0.166449771
5210,0.093701317
5211,0.027435921
5212,0.043128031
5213,0.045805276
5214,0.0250379
5215,0.15492986
5216,0.024820273
5217,0.021558451
5218,0.12814456
5219,0.020866953
5220,0.098127527
5221,0.044901559
5222,0.007497692
5223,0.016785047
5224,0.269443433
5225,0.529966673
5226,0.104947072
5227,0.053636882
5228,0.013059581
5229,0.084746223
5230,0.042995349
5231,0.042652844
5232,0.100528927
5233,0.079304646
5234,0.083482553
5235,0.67633513
5236,0.025242739
5237,0.077281877
5238,0.020068472
5239,0.086691694
5240,0.078688916
5241,0.019150896
5242,0.049476912
5243,0.148793958
5244,0.556378536
5245,0.076579943
5246,0.136248663
5247,0.016880628
5248,0.055513817
5249,0.022717963
5250,0.084863717
5251,0.032822384
5252,0.027305342
5253,0.054579244
5254,0.056228022
5255,0.027185996
5256,0.023361896
5257,0.058915321
5258,0.018595146
5259,0.101573542
5260,0.021523903
5261,0.017668254
5262,0.036294865
5263,0.090608542
5264,0.100370512
5265,0.026922978
5266,0.061977251
5267,0.480178435
5268,0.063477709
5269,0.092032816
5270,0.052408669
5271,0.041704802
5272,0.01750583
5273,0.427133276
5274,0.028927062
5275,0.016300795
5276,0.046041056
5277,0.078700715
5278,0.028088571
5279,0.108479474
5280,0.056871269
5281,0.034726784
5282,0.051031569
5283,0.396083527
5284,0.02234208
5285,0.004295383
5286,0.021876347
5287,0.014074533
5288,0.061492299
5289,0.011746224
5290,0.04086136
5291,0.152262997
5292,0.075329362
5293,0.01658411
5294,0.021023107
5295,0.065817911
5296,0.126678376
5297,0.087250534
5298,0.077585427
5299,0.068366668
5300,0.025473521
5301,0.05000113
5302,0.022108389
5303,0.068263504
5304,0.265372001
5305,0.127530772
5306,0.009295435
5307,0.032934018
5308,0.015009029
5309,0.013341954
5310,0.018129758
5311,0.012115165
5312,0.019329256
5313,0.006534434
5314,0.011060803
5315,0.018183476
5316,0.017592895
5317,0.024012528
5318,0.064576918
5319,0.053439972
5320,0.116157087
5321,0.006594995
5322,0.008767685
5323,0.009344837
5324,0.136509414
5325,0.008786229
5326,0.171790906
5327,0.008749292
5328,0.019278159
5329,0.028526346
5330,0.010883132
5331,0.011182711
5332,0.018450231
5333,0.021265174
5334,0.02310647
5335,0.013725458
5336,0.017522549
5337,0.074714278
5338,0.025010455
5339,0.048315301
5340,0.054955715
5341,0.011810029
5342,0.008678862
5343,0.093011932
5344,0.026569769
5345,0.065692667
5346,0.030251493
5347,0.015864746
5348,0.085955209
5349,0.014829109
5350,0.013736368
5351,0.159320565
5352,0.05844886
5353,0.066314955
5354,0.063534161
5355,0.019677809
5356,0.075882261
5357,0.025846801
5358,0.009453565
5359,0.066899232
5360,0.018624602
5361,0.087550527
5362,0.12797497
5363,0.01871373
5364,0.033468422
5365,0.03166793
5366,0.029702503
5367,0.027486318
5368,0.010394589
5369,0.011501307
5370,0.009344106
5371,0.031799741
5372,0.008448014
5373,0.012315734
5374,0.0680601
5375,0.062192897
5376,0.029321925
5377,0.009527318
5378,0.006252865
5379,0.124213637
5380,0.022183538
5381,0.014045392
5382,0.020682159
5383,0.047361709
5384,0.026101701
5385,0.011341808
5386,0.03107948
5387,0.020172909
5388,0.024220604
5389,0.007272056
5390,0.01823337
5391,0.038505567
5392,0.102711926
5393,0.127937408
5394,0.020364645
5395,0.088890691
5396,0.011999852
5397,0.024036182
5398,0.010760891
5399,0.049553134
5400,0.066184133
5401,0.029048365
5402,0.038068045
5403,0.066625974
5404,0.018534464
5405,0.034117167
5406,0.053510934
5407,0.055966706
5408,0.124077592
5409,0.055944584
5410,0.061836043
5411,0.049721659
5412,0.076789983
5413,0.427657409
5414,0.424637213
5415,0.02841186
5416,0.053373046
5417,0.28030572
5418,0.062701439
5419,0.303669891
5420,0.073129606
5421,0.149069536
5422,0.057595002
5423,0.082574615
5424,0.017538279
5425,0.024798746
5426,0.019952281
5427,0.012284662
5428,0.26406759
5429,0.037352379
5430,0.482579094
5431,0.12708184
5432,0.045719158
5433,0.261628468
5434,0.055514885
5435,0.026124455
5436,0.020952221
5437,0.040100569
5438,0.029863269
5439,0.019521751
5440,0.256212094
5441,0.090080616
5442,0.541802753
5443,0.564448455
5444,0.077792094
5445,0.113972801
5446,0.149155051
5447,0.014301248
5448,0.006345779
5449,0.084059244
5450,0.059283037
5451,0.04399934
5452,0.055923567
5453,0.405773261
5454,0.110847475
5455,0.268078125
5456,0.577039032
5457,0.249751169
5458,0.02593095
5459,0.486261303
5460,0.065962447
5461,0.268091065
5462,0.048822191
5463,0.043663316
5464,0.038463389
5465,0.058281862
5466,0.088130775
5467,0.108729857
5468,0.05581317
5469,0.065428822
5470,0.390039196
5471,0.036686873
5472,0.030598564
5473,0.063058448
5474,0.04414458
5475,0.067164577
5476,0.02815374
5477,0.044147363
5478,0.058765438
5479,0.076920776
5480,0.029858115
5481,0.078855666
5482,0.261401107
5483,0.058907892
5484,0.262157465
5485,0.056594392
5486,0.041391513
5487,0.022408275
5488,0.021076686
5489,0.015091425
5490,0.507468724
5491,0.072983949
5492,0.147705484
5493,0.274930323
5494,0.006491396
5495,0.061179797
5496,0.054657081
5497,0.02675018
5498,0.017325998
5499,0.008235188
5500,0.043190093
5501,0.004491009
5502,0.061594811
5503,0.077863655
5504,0.08126516
5505,0.266170588
5506,0.271416774
5507,0.019618569
5508,0.048413905
5509,0.067249434
5510,0.01475536
5511,0.021677233
5512,0.027293021
5513,0.036703583
5514,0.26025961
5515,0.029193449
5516,0.039400871
5517,0.012631293
5518,0.050316972
5519,0.046368217
5520,0.26522972
5521,0.552363141
5522,0.064281601
5523,0.029773303
5524,0.029576879
5525,0.061413048
5526,0.092439763
5527,0.023818446
5528,0.028457727
5529,0.010162382
5530,0.114697541
5531,0.256272242
5532,0.097350259
5533,0.091575025
5534,0.058473073
5535,0.031306
5536,0.029517115
5537,0.03615685
5538,0.030682205
5539,0.062561446
5540,0.063770601
5541,0.242495346
5542,0.028008685
5543,0.042168296
5544,0.029936763
5545,0.024481177
5546,0.017811328
5547,0.026103964
5548,0.042695002
5549,0.02427759
5550,0.02224258
5551,0.082952136
5552,0.131073518
5553,0.141347977
5554,0.042975134
5555,0.049325246
5556,0.036293013
5557,0.09596708
5558,0.054513104
5559,0.013855478
5560,0.069077458
5561,0.021153464
5562,0.009844721
5563,0.105891988
5564,0.026188591
5565,0.024918598
5566,0.02673761
5567,0.070111257
5568,0.059295217
5569,0.137650735
5570,0.103221895
5571,0.270902538
5572,0.071898916
5573,0.063950153
5574,0.020530949
5575,0.059928306
5576,0.060297501
5577,0.118303616
5578,0.051310336
5579,0.593688117
5580,0.126860573
5581,0.095965101
5582,0.053607662
5583,0.052267834
5584,0.022596634
5585,0.021587395
5586,0.011580204
5587,0.011017878
5588,0.057898769
5589,0.025739412
5590,0.010703584
5591,0.018906615
5592,0.025719721
5593,0.068146759
5594,0.04280544
5595,0.077986742
5596,0.06924116
5597,0.103848796
5598,0.237939449
5599,0.413305139
5600,0.088856508
5601,0.025136462
5602,0.082488781
5603,0.018899071
5604,0.05239451
5605,0.086333714
5606,0.066867628
5607,0.121063977
5608,0.055260773
5609,0.087157999
5610,0.055941228
5611,0.066724943
5612,0.036681043
5613,0.023987884
5614,0.118824995
5615,0.008696459
5616,0.026308327
5617,0.061040228
5618,0.032019884
5619,0.00777291
5620,0.019914345
5621,0.043880027
5622,0.065500302
5623,0.062407528
5624,0.126433903
5625,0.092903493
5626,0.252094466
5627,0.10700404
5628,0.125888477
5629,0.013304676
5630,0.091858353
5631,0.008827222
5632,0.049770274
5633,0.057113875
5634,0.095273147
5635,0.029636022
5636,0.029061507
5637,0.055628489
5638,0.051586329
5639,0.048627664
5640,0.077439509
5641,0.065765933
5642,0.007879388
5643,0.02409565
5644,0.035131401
5645,0.059984006
5646,0.048737875
5647,0.077930364
5648,0.072456437
5649,0.137292545
5650,0.567886998
5651,0.109786328
5652,0.128620151
5653,0.076758265
5654,0.242633123
5655,0.085507099
5656,0.069521473
5657,0.057626522
5658,0.008896598
5659,0.02573607
5660,0.289464551
5661,0.080393693
5662,0.078016389
5663,0.065117772
5664,0.08431363
5665,0.022107517
5666,0.029041349
5667,0.010430933
5668,0.020673131
5669,0.029794326
5670,0.044475847
5671,0.172770499
5672,0.065371837
5673,0.045280648
5674,0.101152341
5675,0.445118302
5676,0.08857388
5677,0.022384423
5678,0.240118126
5679,0.0586948
5680,0.258091513
5681,0.137260065
5682,0.067624882
5683,0.020017253
5684,0.044118113
5685,0.092448465
5686,0.150229919
5687,0.045117866
5688,0.166770014
5689,0.092842751
5690,0.074318867
5691,0.01824235
5692,0.021489457
5693,0.048760271
5694,0.055266889
5695,0.014465127
5696,0.126077064
5697,0.146401346
5698,0.130769043
5699,0.080958066
5700,0.028640554
5701,0.106919285
5702,0.158813957
5703,0.255774133
5704,0.059636661
5705,0.050450129
5706,0.022857761
5707,0.055892537
5708,0.562906678
5709,0.053479493
5710,0.072907069
5711,0.406826311
5712,0.247015928
5713,0.012064556
5714,0.008249441
5715,0.044759636
5716,0.056301606
5717,0.128386335
5718,0.250940303
5719,0.114217195
5720,0.081120604
5721,0.264905545
5722,0.124433878
5723,0.147494702
5724,0.165334183
5725,0.269105348
5726,0.085189138
5727,0.043816705
5728,0.092286133
5729,0.04852608
5730,0.289071719
5731,0.791846586
5732,0.00654409
5733,0.07297387
5734,0.393141245
5735,0.02273955
5736,0.045065256
5737,0.263001038
5738,0.022635018
5739,0.053489581
5740,0.065813573
5741,0.020333548
5742,0.05275885
5743,0.003708723
5744,0.297825888
5745,0.059469745
5746,0.09523208
5747,0.163389015
5748,0.135283458
5749,0.169602588
5750,0.403424199
5751,0.275401491
5752,0.033145566
5753,0.263959385
5754,0.424412225
5755,0.240891438
5756,0.803087746
5757,0.442771533
5758,0.405498947
5759,0.0232176
5760,0.127300094
5761,0.071660161
5762,0.020590213
5763,0.008043967
5764,0.013420573
5765,0.018642421
5766,0.009508391
5767,0.060738327
5768,0.007341673
5769,0.015079826
5770,0.030449936
5771,0.066520775
5772,0.096794605
5773,0.095375959
5774,0.129210781
5775,0.08733387
5776,0.270463015
5777,0.105304046
5778,0.027514579
5779,0.120985673
5780,0.247151415
5781,0.253168929
5782,0.886856022
5783,0.903352956
5784,0.487899209
5785,0.006488473
5786,0.027881639
5787,0.023576729
5788,0.060430976
5789,0.260586866
5790,0.091631309
5791,0.067011987
5792,0.014463726
5793,0.05478383
5794,0.064122274
5795,0.043275784
5796,0.016579166
5797,0.25852624
5798,0.020430573
5799,0.04422755
5800,0.117231436
5801,0.106999411
5802,0.050504848
5803,0.050806749
5804,0.112149589
5805,0.09008723
5806,0.024284876
5807,0.136679732
5808,0.075897053
5809,0.122971585
5810,0.874388817
5811,0.85998181
5812,0.473641803
5813,0.015178582
5814,0.267981709
5815,0.022412421
5816,0.170539422
5817,0.090251994
5818,0.252555411
5819,0.086317972
5820,0.022258467
5821,0.076039735
5822,0.110787406
5823,0.262079278
5824,0.119429422
5825,0.521996104
5826,0.251353668
5827,0.157517443
5828,0.14066111
5829,0.094037689
5830,0.063016118
5831,0.12707362
5832,0.058379443
5833,0.033203279
5834,0.104503777
5835,0.116435559
5836,0.054423566
5837,0.103527194
5838,0.027863632
5839,0.826233907
5840,0.975376899
5841,0.925954767
5842,0.109253582
5843,0.038324851
5844,0.429718411
5845,0.156830911
5846,0.033797839
5847,0.019446233
5848,0.018759033
5849,0.074058466
5850,0.099662692
5851,0.053310669
5852,0.4076604
5853,0.493891383
5854,0.074999605
5855,0.118983471
5856,0.105456699
5857,0.147223902
5858,0.064055836
5859,0.241016315
5860,0.098508331
5861,0.027340293
5862,0.084343221
5863,0.08543943
5864,0.092077179
5865,0.071338807
5866,0.427637923
5867,0.399840377
5868,0.268557111
5869,0.073142645
5870,0.028809742
5871,0.138836892
5872,0.069322589
5873,0.196671278
5874,0.030383969
5875,0.046130233
5876,0.049846416
5877,0.020772005
5878,0.02190295
5879,0.063351191
5880,0.048148192
5881,0.264325673
5882,0.832442907
5883,0.417409199
5884,0.271098812
5885,0.114791634
5886,0.158368851
5887,0.245244735
5888,0.529384682
5889,0.249345693
5890,0.024707801
5891,0.042242903
5892,0.036186894
5893,0.122783902
5894,0.259691175
5895,0.119666327
5896,0.17144936
5897,0.264739588
5898,0.159003671
5899,0.938107261
5900,0.136471
5901,0.022630604
5902,0.137114397
5903,0.147501249
5904,0.032975904
5905,0.05157089
5906,0.10999249
5907,0.094043557
5908,0.035952434
5909,0.046677656
5910,0.064409242
5911,0.153625404
5912,0.397318754
5913,0.273587186
5914,0.437600131
5915,0.397798507
5916,0.156485244
5917,0.131569351
5918,0.256190236
5919,0.150568998
5920,0.077495472
5921,0.04996505
5922,0.42516487
5923,0.408084873
5924,0.059572036
5925,0.57754446
5926,0.410224174
5927,0.077306502
5928,0.108895159
5929,0.090399519
5930,0.057503695
5931,0.009543931
5932,0.017925166
5933,0.029290148
5934,0.066173843
5935,0.093611005
5936,0.076852128
5937,0.117878361
5938,0.297476076
5939,0.796072332
5940,0.402721207
5941,0.408425287
5942,0.608968875
5943,0.091333164
5944,0.065604546
5945,0.074023261
5946,0.134008275
5947,0.255939628
5948,0.07667188
5949,0.030130583
5950,0.004963245
5951,0.066055442
5952,0.131251721
5953,0.022609105
5954,0.039377688
5955,0.13090765
5956,0.031918667
5957,0.055208147
5958,0.023241245
5959,0.012598477
5960,0.034227302
5961,0.091902543
5962,0.051266421
5963,0.084506736
5964,0.256780243
5965,0.261706146
5966,0.431576887
5967,0.806645704
5968,0.675955336
5969,0.29902663
5970,0.108710404
5971,0.007143846
5972,0.056826552
5973,0.021918821
5974,0.051366626
5975,0.113144838
5976,0.014131923
5977,0.025868571
5978,0.488869029
5979,0.251838784
5980,0.015923484
5981,0.064365701
5982,0.043785712
5983,0.083120292
5984,0.05672112
5985,0.054640643
5986,0.017181294
5987,0.060835151
5988,0.016817136
5989,0.016015762
5990,0.022907909
5991,0.088884574
5992,0.1310456
5993,0.544272983
5994,0.400273921
5995,0.130147174
5996,0.78327736
5997,0.383784653
5998,0.486572919
5999,0.238572621
6000,0.051768647
6001,0.028066375
6002,0.045837454
6003,0.043462369
6004,0.054422975
6005,0.034455937
6006,0.060060163
6007,0.422271703
6008,0.241150568
6009,0.267105642
6010,0.035211787
6011,0.083922866
6012,0.126936409
6013,0.114675413
6014,0.140943607
6015,0.044950256
6016,0.03325503
6017,0.048816724
6018,0.137893871
6019,0.474010423
6020,0.420946764
6021,0.546994044
6022,0.13702407
6023,0.266152962
6024,0.152697673
6025,0.086142948
6026,0.046109049
6027,0.032826026
6028,0.140282001
6029,0.133737304
6030,0.081456444
6031,0.267577022
6032,0.027325052
6033,0.064198961
6034,0.256185736
6035,0.063409864
6036,0.017090482
6037,0.108578369
6038,0.138911163
6039,0.045306064
6040,0.003461717
6041,0.252557117
6042,0.15083174
6043,0.085826197
6044,0.094755739
6045,0.034473912
6046,0.074793851
6047,0.080283374
6048,0.056829376
6049,0.122907905
6050,0.138373938
6051,0.054435563
6052,0.036067406
6053,0.012412211
6054,0.421328241
6055,0.012702015
6056,0.017396731
6057,0.072322285
6058,0.046961703
6059,0.038062069
6060,0.1206207
6061,0.046386419
6062,0.079603676
6063,0.008183735
6064,0.074445212
6065,0.142255065
6066,0.404773682
6067,0.553379343
6068,0.065534966
6069,0.018962453
6070,0.036624397
6071,0.065565112
6072,0.019142533
6073,0.059417651
6074,0.123957106
6075,0.015935922
6076,0.032700472
6077,0.017874096
6078,0.026194736
6079,0.020903746
6080,0.06635776
6081,0.092941173
6082,0.392885806
6083,0.015033647
6084,0.022194429
6085,0.046037143
6086,0.06051256
6087,0.089580091
6088,0.391051431
6089,0.066246507
6090,0.110858633
6091,0.026552014
6092,0.018832419
6093,0.073310741
6094,0.136460822
6095,0.052729402
6096,0.023611091
6097,0.009190943
6098,0.271867951
6099,0.029819295
6100,0.020427405
6101,0.033132288
6102,0.154735738
6103,0.07807595
6104,0.042848706
6105,0.019904996
6106,0.027163389
6107,0.08067178
6108,0.388490234
6109,0.034992435
6110,0.003693144
6111,0.020528714
6112,0.023869505
6113,0.058569907
6114,0.06977756
6115,0.260885005
6116,0.069270605
6117,0.251427041
6118,0.101988105
6119,0.027393917
6120,0.057021756
6121,0.043049381
6122,0.028268085
6123,0.263852427
6124,0.08938807
6125,0.021285783
6126,0.0910271
6127,0.041596056
6128,0.011278198
6129,0.014386097
6130,0.280663284
6131,0.517915984
6132,0.134172962
6133,0.049231755
6134,0.085550001
6135,0.039588829
6136,0.05184815
6137,0.084727988
6138,0.069585554
6139,0.082966037
6140,0.760017143
6141,0.079799264
6142,0.020333018
6143,0.07433739
6144,0.076759338
6145,0.018089825
6146,0.046300267
6147,0.142997171
6148,0.548498766
6149,0.076153739
6150,0.123044122
6151,0.045403942
6152,0.012895585
6153,0.024988193
6154,0.08523831
6155,0.033592188
6156,0.027268425
6157,0.053115975
6158,0.054648795
6159,0.030647997
6160,0.019962783
6161,0.053111819
6162,0.015952339
6163,0.104775853
6164,0.030025583
6165,0.047126207
6166,0.017656024
6167,0.045336062
6168,0.092182548
6169,0.11563548
6170,0.027815453
6171,0.052571002
6172,0.452733435
6173,0.065320928
6174,0.091326906
6175,0.061868316
6176,0.06073596
6177,0.018201867
6178,0.439208511
6179,0.028446194
6180,0.008058344
6181,0.008881768
6182,0.008654586
6183,0.049509539
6184,0.090371374
6185,0.020666878
6186,0.011611721
6187,0.131723994
6188,0.050364204
6189,0.05378987
6190,0.396363376
6191,0.01954111
6192,0.025831218
6193,0.023793551
6194,0.014709509
6195,0.06124377
6196,0.010072674
6197,0.039793511
6198,0.152311363
6199,0.091933691
6200,0.019238694
6201,0.017618305
6202,0.072238049
6203,0.1178858
6204,0.08686109
6205,0.069122577
6206,0.079776542
6207,0.023782706
6208,0.052852456
6209,0.017890303
6210,0.076318382
6211,0.259508991
6212,0.128362606
6213,0.030983557
6214,0.016994793
6215,0.011070529
6216,0.018135102
6217,0.011991337
6218,0.025059565
6219,0.007513615
6220,0.012539806
6221,0.009204934
6222,0.017370372
6223,0.022776931
6224,0.048562853
6225,0.049248202
6226,0.112743251
6227,0.005100071
6228,0.009151312
6229,0.122461613
6230,0.010457393
6231,0.17073598
6232,0.008917757
6233,0.027724286
6234,0.009486623
6235,0.012283299
6236,0.024360624
6237,0.022731342
6238,0.019382792
6239,0.025485826
6240,0.018270515
6241,0.061524132
6242,0.023059546
6243,0.051579538
6244,0.015632089
6245,0.066807133
6246,0.013816442
6247,0.011831837
6248,0.01168873
6249,0.090861002
6250,0.031700641
6251,0.064844944
6252,0.009298568
6253,0.003991717
6254,0.011447814
6255,0.037208374
6256,0.010395432
6257,0.014073971
6258,0.018202111
6259,0.09193164
6260,0.013761157
6261,0.009380992
6262,0.158351634
6263,0.053731463
6264,0.066341946
6265,0.061626621
6266,0.02760594
6267,0.089477378
6268,0.023382072
6269,0.006897385
6270,0.088668048
6271,0.019915208
6272,0.070141695
6273,0.129238712
6274,0.021815743
6275,0.01078141
6276,0.027593521
6277,0.03313365
6278,0.028826872
6279,0.025840591
6280,0.011770626
6281,0.008158423
6282,0.011002707
6283,0.010946538
6284,0.007772241
6285,0.009637971
6286,0.027612839
6287,0.011036891
6288,0.071527137
6289,0.059905602
6290,0.128346123
6291,0.028721833
6292,0.029379994
6293,0.01839394
6294,0.04983546
6295,0.021914079
6296,0.017903985
6297,0.030264449
6298,0.018145233
6299,0.028226885
6300,0.012012421
6301,0.007324202
6302,0.037348483
6303,0.097516153
6304,0.118181699
6305,0.023673426
6306,0.088981798
6307,0.021096797
6308,0.038100642
6309,0.064217908
6310,0.046110879
6311,0.062308853
6312,0.017035444
6313,0.032015588
6314,0.051684262
6315,0.062970709
6316,0.058363153
6317,0.110011251
6318,0.059253136
6319,0.010772027
6320,0.09579074
6321,0.047175829
6322,0.083958201
6323,0.056646886
6324,0.429803783
6325,0.424211552
6326,0.071120246
6327,0.390299597
6328,0.064749892
6329,0.289542274
6330,0.247991513
6331,0.156040047
6332,0.060405355
6333,0.102966992
6334,0.008543494
6335,0.029781353
6336,0.012375259
6337,0.267603707
6338,0.039089086
6339,0.612799725
6340,0.155651027
6341,0.116714261
6342,0.054246857
6343,0.024913336
6344,0.019807192
6345,0.050549267
6346,0.012946679
6347,0.036960997
6348,0.147272942
6349,0.146846746
6350,0.558949089
6351,0.512455909
6352,0.047698148
6353,0.079496346
6354,0.13101427
6355,0.157399481
6356,0.01127545
6357,0.006251719
6358,0.030734057
6359,0.075568581
6360,0.033567803
6361,0.052361333
6362,0.087713508
6363,0.022842844
6364,0.407282848
6365,0.121344203
6366,0.265693782
6367,0.586812669
6368,0.127756739
6369,0.023064689
6370,0.532070844
6371,0.017703824
6372,0.066689603
6373,0.289748513
6374,0.056268084
6375,0.062445348
6376,0.03920696
6377,0.047827572
6378,0.037317728
6379,0.247486072
6380,0.123180875
6381,0.036092869
6382,0.064346045
6383,0.411436022
6384,0.048429217
6385,0.028418758
6386,0.082450087
6387,0.059676251
6388,0.074751098
6389,0.029729253
6390,0.063270506
6391,0.090957615
6392,0.022628219
6393,0.06813273
6394,0.165560448
6395,0.391489067
6396,0.061831535
6397,0.046779726
6398,0.010352323
6399,0.017365833
6400,0.005367041
6401,0.011560587
6402,0.528943386
6403,0.115639799
6404,0.079583829
6405,0.30622452
6406,0.435029444
6407,0.070097711
6408,0.057860334
6409,0.029233425
6410,0.013805759
6411,0.007464333
6412,0.038006563
6413,0.010792804
6414,0.075497391
6415,0.062185568
6416,0.085239142
6417,0.391996899
6418,0.415745088
6419,0.018507306
6420,0.419428978
6421,0.051351711
6422,0.010080246
6423,0.029048983
6424,0.044431291
6425,0.262835978
6426,0.023606504
6427,0.052731411
6428,0.01264031
6429,0.046470257
6430,0.029736925
6431,0.158219489
6432,0.560291805
6433,0.006954507
6434,0.052269833
6435,0.074118294
6436,0.055448588
6437,0.070076757
6438,0.026999562
6439,0.008514811
6440,0.110067458
6441,0.149791206
6442,0.097756383
6443,0.098402814
6444,0.072158269
6445,0.027421515
6446,0.030632481
6447,0.033978822
6448,0.026502111
6449,0.076233429
6450,0.069962814
6451,0.242270676
6452,0.027012933
6453,0.050508172
6454,0.029481752
6455,0.019470575
6456,0.014823829
6457,0.021041343
6458,0.043197547
6459,0.005360558
6460,0.123058497
6461,0.024012953
6462,0.025546406
6463,0.079717469
6464,0.178321656
6465,0.163490778
6466,0.053715605
6467,0.062487845
6468,0.038503465
6469,0.097463637
6470,0.055651078
6471,0.015961496
6472,0.068364395
6473,0.015396881
6474,0.017639121
6475,0.019962821
6476,0.163401688
6477,0.027839452
6478,0.01601331
6479,0.02485228
6480,0.07990954
6481,0.082565529
6482,0.243217406
6483,0.241054007
6484,0.125737647
6485,0.069436617
6486,0.059604027
6487,0.020340612
6488,0.055331465
6489,0.041871196
6490,0.010595543
6491,0.011789541
6492,0.088462655
6493,0.047197784
6494,0.595473403
6495,0.119607897
6496,0.027837568
6497,0.01557075
6498,0.099592848
6499,0.053820862
6500,0.055463172
6501,0.02296146
6502,0.019411276
6503,0.01082463
6504,0.063815677
6505,0.011095412
6506,0.017346574
6507,0.02334279
6508,0.080792139
6509,0.0584006
6510,0.075541262
6511,0.067906571
6512,0.093052469
6513,0.240735773
6514,0.396209277
6515,0.069664578
6516,0.025176751
6517,0.078371326
6518,0.018827179
6519,0.057867956
6520,0.07374065
6521,0.062538476
6522,0.121913191
6523,0.04303542
6524,0.107586733
6525,0.053916719
6526,0.065960595
6527,0.045617339
6528,0.019960075
6529,0.02031743
6530,0.129092378
6531,0.010285606
6532,0.027624416
6533,0.051183692
6534,0.032454509
6535,0.009137949
6536,0.020080822
6537,0.041852606
6538,0.060850401
6539,0.070337508
6540,0.130198255
6541,0.087544393
6542,0.413528046
6543,0.106648983
6544,0.122111512
6545,0.017554765
6546,0.102157384
6547,0.010029108
6548,0.057111662
6549,0.046659761
6550,0.074354328
6551,0.031464143
6552,0.033617823
6553,0.045078086
6554,0.047913773
6555,0.057741033
6556,0.098080489
6557,0.033195067
6558,0.060182171
6559,0.00619628
6560,0.030838802
6561,0.055719265
6562,0.012733053
6563,0.043193704
6564,0.089531163
6565,0.071329114
6566,0.132566335
6567,0.505703053
6568,0.085928821
6569,0.112990649
6570,0.085602452
6571,0.082179195
6572,0.082922995
6573,0.077699431
6574,0.054026831
6575,0.009403594
6576,0.027437199
6577,0.282936604
6578,0.076211922
6579,0.087927761
6580,0.060932928
6581,0.08895744
6582,0.021028206
6583,0.024305939
6584,0.049662231
6585,0.192632386
6586,0.055228878
6587,0.047235758
6588,0.092729512
6589,0.483943936
6590,0.078323161
6591,0.018634312
6592,0.41043392
6593,0.059306819
6594,0.261997583
6595,0.289802105
6596,0.057629989
6597,0.043771792
6598,0.073568659
6599,0.163364016
6600,0.044176815
6601,0.15690327
6602,0.092648176
6603,0.006834309
6604,0.060859316
6605,0.017525568
6606,0.027042184
6607,0.054784975
6608,0.066323128
6609,0.018078974
6610,0.120699699
6611,0.134598208
6612,0.129886238
6613,0.083471359
6614,0.032126593
6615,0.101972412
6616,0.152968543
6617,0.260895912
6618,0.059409045
6619,0.011208893
6620,0.05209258
6621,0.020470053
6622,0.012688978
6623,0.066622914
6624,0.560670858
6625,0.045176106
6626,0.037567734
6627,0.4278541
6628,0.263527063
6629,0.021409062
6630,0.012164432
6631,0.011974845
6632,0.039581066
6633,0.054771905
6634,0.255949703
6635,0.256034857
6636,0.107227524
6637,0.069107862
6638,0.249362866
6639,0.133211261
6640,0.149538867
6641,0.178523785
6642,0.388171214
6643,0.089913394
6644,0.02267907
6645,0.046328056
6646,0.087665702
6647,0.050774012
6648,0.400480344
6649,0.875105969
6650,0.004849043
6651,0.060300313
6652,0.408280159
6653,0.013414025
6654,0.048750336
6655,0.268613858
6656,0.015978177
6657,0.055714107
6658,0.073012289
6659,0.021170574
6660,0.043653433
6661,0.397466979
6662,0.070304832
6663,0.091086173
6664,0.265198834
6665,0.132790577
6666,0.258210548
6667,0.400831882
6668,0.265658473
6669,0.1558853
6670,0.417404104
6671,0.242194497
6672,0.734393634
6673,0.43653734
6674,0.452340874
6675,0.007956106
6676,0.022940915
6677,0.140269201
6678,0.051844516
6679,0.022442391
6680,0.025820534
6681,0.0080871
6682,0.063023075
6683,0.005938351
6684,0.013261502
6685,0.025988735
6686,0.072968384
6687,0.08861617
6688,0.079603663
6689,0.098336662
6690,0.084709228
6691,0.241899426
6692,0.113587079
6693,0.026977271
6694,0.114772854
6695,0.169754558
6696,0.018043089
6697,0.254713461
6698,0.904228626
6699,0.924009768
6700,0.474033219
6701,0.005958221
6702,0.029975909
6703,0.024931516
6704,0.07543173
6705,0.297334567
6706,0.079592992
6707,0.015486586
6708,0.06949734
6709,0.010724926
6710,0.053547309
6711,0.068607812
6712,0.049954223
6713,0.013131079
6714,0.261682931
6715,0.01673312
6716,0.047150254
6717,0.103199929
6718,0.097152918
6719,0.058807391
6720,0.050069193
6721,0.12533437
6722,0.241641367
6723,0.0063513
6724,0.0257972
6725,0.118565089
6726,0.105210748
6727,0.241441693
6728,0.916534901
6729,0.908870725
6730,0.494224525
6731,0.01750903
6732,0.250957402
6733,0.025811162
6734,0.30141112
6735,0.090611954
6736,0.256251511
6737,0.055011075
6738,0.083672503
6739,0.021384853
6740,0.075015904
6741,0.090130516
6742,0.247418258
6743,0.137343553
6744,0.542830901
6745,0.273612735
6746,0.143069455
6747,0.129016263
6748,0.086155586
6749,0.064373778
6750,0.116150589
6751,0.045794609
6752,0.03538206
6753,0.124562167
6754,0.131864478
6755,0.063903482
6756,0.102428971
6757,0.028440139
6758,0.863220083
6759,0.976533188
6760,0.962547068
6761,0.118759476
6762,0.048505964
6763,0.241968773
6764,0.016174283
6765,0.182294128
6766,0.036202652
6767,0.011858441
6768,0.018007714
6769,0.018443923
6770,0.064742354
6771,0.092264406
6772,0.052036254
6773,0.389964939
6774,0.532334531
6775,0.076784834
6776,0.104238597
6777,0.086986399
6778,0.157401428
6779,0.060214237
6780,0.416363476
6781,0.091112342
6782,0.021765149
6783,0.079445824
6784,0.095913884
6785,0.113594801
6786,0.064735484
6787,0.026460775
6788,0.438362271
6789,0.397604629
6790,0.24959203
6791,0.061634786
6792,0.022949545
6793,0.114641358
6794,0.066289271
6795,0.263186558
6796,0.029700532
6797,0.053689883
6798,0.047518897
6799,0.025334981
6800,0.068724667
6801,0.047380431
6802,0.264876796
6803,0.808876448
6804,0.385314806
6805,0.274629242
6806,0.114402712
6807,0.163520662
6808,0.243208313
6809,0.572999153
6810,0.250753218
6811,0.022869639
6812,0.04536302
6813,0.032669137
6814,0.123702614
6815,0.15522014
6816,0.100638068
6817,0.293843766
6818,0.27345643
6819,0.17299488
6820,0.940322705
6821,0.241112017
6822,0.021246099
6823,0.26554681
6824,0.145085581
6825,0.027699643
6826,0.058678465
6827,0.163748946
6828,0.067125886
6829,0.033960468
6830,0.044065921
6831,0.060504207
6832,0.1452352
6833,0.38971028
6834,0.277188195
6835,0.448785176
6836,0.38885597
6837,0.142986257
6838,0.133170073
6839,0.274782747
6840,0.17121541
6841,0.079148281
6842,0.053691129
6843,0.41471603
6844,0.253413535
6845,0.058088434
6846,0.548166366
6847,0.392676305
6848,0.007407217
6849,0.087640851
6850,0.10198984
6851,0.083160271
6852,0.059606099
6853,0.008554606
6854,0.009688695
6855,0.032541037
6856,0.052032228
6857,0.084313876
6858,0.081376578
6859,0.123910528
6860,0.398786971
6861,0.762733844
6862,0.395863004
6863,0.391407083
6864,0.600533463
6865,0.094304725
6866,0.060794375
6867,0.065052965
6868,0.140205776
6869,0.182243851
6870,0.077769681
6871,0.025770089
6872,0.064171584
6873,0.128215016
6874,0.0189023
6875,0.055360652
6876,0.101339809
6877,0.020554388
6878,0.053122703
6879,0.019263298
6880,0.009200487
6881,0.031552563
6882,0.088977534
6883,0.060487658
6884,0.071284651
6885,0.270154608
6886,0.268958368
6887,0.4139569
6888,0.84115189
6889,0.672663032
6890,0.385761914
6891,0.112049681
6892,0.00660523
6893,0.052850095
6894,0.023326284
6895,0.055179704
6896,0.112834815
6897,0.01450195
6898,0.538058232
6899,0.265151798
6900,0.017414849
6901,0.070764827
6902,0.052346881
6903,0.083140705
6904,0.043333747
6905,0.04612103
6906,0.057403588
6907,0.01164319
6908,0.018507999
6909,0.028312015
6910,0.081079621
6911,0.101043198
6912,0.536616829
6913,0.390922915
6914,0.117381841
6915,0.750538303
6916,0.39682781
6917,0.508790217
6918,0.12943811
6919,0.043559294
6920,0.033678136
6921,0.055129843
6922,0.061020299
6923,0.055383258
6924,0.042085522
6925,0.05662214
6926,0.415220408
6927,0.244444688
6928,0.406151567
6929,0.035957099
6930,0.08226013
6931,0.121050792
6932,0.134780846
6933,0.148230565
6934,0.045269453
6935,0.032146531
6936,0.052136131
6937,0.256364062
6938,0.527062671
6939,0.419682138
6940,0.533736475
6941,0.268618466
6942,0.39121306
6943,0.169368362
6944,0.074895293
6945,0.04491615
6946,0.026852087
6947,0.057790609
6948,0.037862311
6949,0.131644579
6950,0.106173797
6951,0.088516634
6952,0.391709455
6953,0.02198918
6954,0.055312539
6955,0.405205296
6956,0.06469044
6957,0.003086246
6958,0.016956828
6959,0.107383579
6960,0.243134084
6961,0.046006068
6962,0.242792311
6963,0.261495308
6964,0.078629148
6965,0.087903385
6966,0.033548224
6967,0.090507493
6968,0.076624869
6969,0.056958487
6970,0.125866181
6971,0.098358104
6972,0.055825035
6973,0.029006922
6974,0.011860728
6975,0.241889585
6976,0.016833816
6977,0.080608483
6978,0.053494622
6979,0.04238682
6980,0.137158767
6981,0.044331109
6982,0.067118651
6983,0.004912478
6984,0.060290243
6985,0.160944666
6986,0.386848649
6987,0.559430189
6988,0.075080248
6989,0.018598446
6990,0.02415335
6991,0.063564789
6992,0.015976094
6993,0.068924892
6994,0.136609742
6995,0.013383192
6996,0.033616026
6997,0.016361677
6998,0.02336949
6999,0.012880313
7000,0.069518838
7001,0.084077778
7002,0.40327786
7003,0.012869645
7004,0.046772078
7005,0.06790142
7006,0.085579275
7007,0.388037626
7008,0.081068316
7009,0.015511722
7010,0.010528235
7011,0.12270286
7012,0.02926762
7013,0.01466615
7014,0.068062698
7015,0.241662754
7016,0.063543632
7017,0.020732406
7018,0.009906741
7019,0.277237178
7020,0.016702824
7021,0.036739242
7022,0.136626396
7023,0.090022343
7024,0.053249083
7025,0.015298546
7026,0.029823329
7027,0.074087654
7028,0.292619667
7029,0.030657257
7030,0.002963387
7031,0.025887845
7032,0.030992144
7033,0.055308203
7034,0.072091118
7035,0.264273317
7036,0.069045176
7037,0.258577496
7038,0.086411871
7039,0.03217892
7040,0.063793955
7041,0.045805703
7042,0.039192741
7043,0.262157091
7044,0.016325153
7045,0.150888633
7046,0.017031811
7047,0.081563852
7048,0.045288444
7049,0.01060261
7050,0.014593264
7051,0.285419923
7052,0.536818482
7053,0.242698203
7054,0.069828294
7055,0.014439288
7056,0.08217784
7057,0.034614632
7058,0.044462437
7059,0.095014231
7060,0.079680152
7061,0.088718593
7062,0.813859318
7063,0.066035391
7064,0.023097285
7065,0.071832288
7066,0.079582006
7067,0.015525338
7068,0.045320227
7069,0.159182841
7070,0.516366976
7071,0.063745532
7072,0.151652962
7073,0.052302249
7074,0.012651098
7075,0.033627809
7076,0.09356584
7077,0.026502402
7078,0.024253502
7079,0.053302698
7080,0.042645702
7081,0.033271607
7082,0.020998252
7083,0.054297379
7084,0.021260694
7085,0.132858477
7086,0.019331701
7087,0.042585827
7088,0.015731319
7089,0.037145479
7090,0.083527158
7091,0.107001847
7092,0.029567067
7093,0.05686525
7094,0.544231015
7095,0.067127185
7096,0.10290672
7097,0.042541927
7098,0.042835044
7099,0.052399151
7100,0.015797286
7101,0.283519089
7102,0.032075917
7103,0.008081977
7104,0.00857083
7105,0.052602937
7106,0.098997867
7107,0.022645708
7108,0.109344562
7109,0.052680191
7110,0.030235853
7111,0.053254439
7112,0.383779478
7113,0.028218879
7114,0.026959039
7115,0.021203694
7116,0.011296086
7117,0.060545076
7118,0.038998578
7119,0.005316998
7120,0.161280325
7121,0.091187339
7122,0.015466368
7123,0.063071793
7124,0.125877977
7125,0.080356932
7126,0.071241105
7127,0.078511227
7128,0.024937871
7129,0.053853303
7130,0.016114716
7131,0.249722877
7132,0.275061085
7133,0.1264717
7134,0.005798623
7135,0.011867092
7136,0.036611732
7137,0.011208044
7138,0.016763577
7139,0.020589722
7140,0.022067599
7141,0.008137004
7142,0.017968169
7143,0.011210519
7144,0.016846826
7145,0.013806057
7146,0.020699741
7147,0.056297072
7148,0.046563425
7149,0.11760175
7150,0.010087279
7151,0.12524295
7152,0.179762558
7153,0.009493744
7154,0.032026324
7155,0.00866833
7156,0.011439141
7157,0.019246589
7158,0.021714786
7159,0.015493218
7160,0.029162959
7161,0.010563599
7162,0.01113189
7163,0.01482804
7164,0.004652954
7165,0.073857882
7166,0.02138541
7167,0.048278124
7168,0.015761864
7169,0.016871153
7170,0.055604991
7171,0.014329052
7172,0.012697685
7173,0.091853636
7174,0.029075564
7175,0.048738872
7176,0.006999284
7177,0.004209919
7178,0.00981235
7179,0.027706675
7180,0.013576881
7181,0.017535157
7182,0.082370417
7183,0.012964322
7184,0.003446275
7185,0.010653926
7186,0.170549655
7187,0.062240151
7188,0.069916866
7189,0.046782816
7190,0.079208536
7191,0.024127216
7192,0.009701847
7193,0.004315872
7194,0.065291918
7195,0.018790407
7196,0.085585262
7197,0.007296928
7198,0.122488893
7199,0.021485109
7200,0.012602359
7201,0.02535809
7202,0.035096162
7203,0.028262816
7204,0.029502235
7205,0.028480023
7206,0.01146941
7207,0.012040256
7208,0.008882489
7209,0.010257128
7210,0.032275126
7211,0.011194112
7212,0.007955548
7213,0.00742694
7214,0.042830439
7215,0.057477819
7216,0.032739011
7217,0.007065474
7218,0.162058563
7219,0.024878302
7220,0.02509335
7221,0.004156199
7222,0.012499371
7223,0.01554112
7224,0.048047959
7225,0.021478582
7226,0.031282812
7227,0.031953764
7228,0.010197505
7229,0.00798614
7230,0.017565443
7231,0.025882981
7232,0.129300165
7233,0.135757378
7234,0.082722628
7235,0.02449584
7236,0.03746307
7237,0.031947656
7238,0.067879149
7239,0.028200837
7240,0.059539058
7241,0.057768053
7242,0.016906674
7243,0.035234096
7244,0.059464165
7245,0.068586531
7246,0.041379829
7247,0.108592189
7248,0.051438139
7249,0.009926109
7250,0.054299316
7251,0.026788193
7252,0.130363096
7253,0.079577478
7254,0.056204901
7255,0.261108787
7256,0.398657724
7257,0.027196561
7258,0.054726797
7259,0.290972502
7260,0.068366815
7261,0.401776389
7262,0.096116259
7263,0.159544896
7264,0.053726645
7265,0.028548749
7266,0.097401908
7267,0.04408846
7268,0.015696135
7269,0.011003286
7270,0.137265133
7271,0.040054466
7272,0.600810352
7273,0.159519052
7274,0.058139775
7275,0.050136841
7276,0.152192374
7277,0.043175092
7278,0.026254682
7279,0.02065009
7280,0.055823251
7281,0.025305795
7282,0.018144307
7283,0.016252027
7284,0.045583953
7285,0.11429783
7286,0.165095866
7287,0.585352202
7288,0.528213961
7289,0.058538227
7290,0.079827763
7291,0.257828925
7292,0.137704361
7293,0.027104594
7294,0.085075102
7295,0.05281013
7296,0.054585252
7297,0.094258434
7298,0.404143961
7299,0.118582796
7300,0.385740621
7301,0.581303738
7302,0.132482305
7303,0.020738909
7304,0.528751688
7305,0.059766535
7306,0.294530676
7307,0.048710165
7308,0.055281226
7309,0.039898295
7310,0.056729145
7311,0.257724517
7312,0.117370778
7313,0.086355026
7314,0.05498576
7315,0.059200137
7316,0.393246128
7317,0.050979116
7318,0.033255344
7319,0.07955281
7320,0.055263355
7321,0.074904807
7322,0.041144376
7323,0.054420082
7324,0.096458012
7325,0.032435151
7326,0.068948278
7327,0.268597616
7328,0.179027332
7329,0.074934339
7330,0.043252813
7331,0.003962076
7332,0.017209002
7333,0.503257774
7334,0.108670775
7335,0.077887232
7336,0.447613259
7337,0.441053034
7338,0.085219633
7339,0.060080794
7340,0.019977628
7341,0.015789038
7342,0.038135947
7343,0.012954208
7344,0.099664377
7345,0.076182604
7346,0.018808142
7347,0.091743557
7348,0.267000614
7349,0.444313527
7350,0.011835749
7351,0.015215091
7352,0.03651099
7353,0.045270399
7354,0.009009008
7355,0.029368725
7356,0.027958418
7357,0.03470963
7358,0.267540272
7359,0.022806847
7360,0.061532971
7361,0.007329704
7362,0.052619008
7363,0.052063389
7364,0.023715494
7365,0.157601339
7366,0.538992995
7367,0.063064867
7368,0.071722452
7369,0.027190671
7370,0.028924545
7371,0.052218513
7372,0.08979508
7373,0.01298263
7374,0.028628749
7375,0.011235119
7376,0.120796287
7377,0.148190325
7378,0.126930833
7379,0.091020866
7380,0.067015653
7381,0.032652114
7382,0.027380158
7383,0.036833725
7384,0.02824108
7385,0.07582241
7386,0.063843246
7387,0.255191028
7388,0.024255676
7389,0.049692718
7390,0.032195712
7391,0.021465913
7392,0.019258211
7393,0.021515806
7394,0.050894373
7395,0.02366041
7396,0.018543646
7397,0.079467952
7398,0.168894065
7399,0.263736268
7400,0.054232204
7401,0.056680662
7402,0.050039867
7403,0.108409726
7404,0.060094735
7405,0.015613561
7406,0.063371365
7407,0.016105425
7408,0.019259842
7409,0.031819127
7410,0.137965506
7411,0.029569925
7412,0.02126266
7413,0.028699678
7414,0.066264891
7415,0.085687821
7416,0.126830139
7417,0.105794135
7418,0.253086912
7419,0.062059458
7420,0.062975368
7421,0.020734731
7422,0.058605092
7423,0.053524819
7424,0.010689784
7425,0.111779211
7426,0.049776682
7427,0.571884151
7428,0.136202334
7429,0.028249921
7430,0.112284014
7431,0.052160524
7432,0.051756575
7433,0.025949167
7434,0.018725865
7435,0.01409464
7436,0.074679704
7437,0.022217988
7438,0.009042408
7439,0.018588462
7440,0.020896242
7441,0.058421152
7442,0.052835371
7443,0.255311646
7444,0.071079476
7445,0.106863188
7446,0.423410174
7447,0.392050335
7448,0.073530185
7449,0.025830543
7450,0.081415753
7451,0.018196334
7452,0.051626752
7453,0.005169406
7454,0.088430138
7455,0.067967216
7456,0.105061319
7457,0.053237696
7458,0.116058621
7459,0.045867148
7460,0.063860282
7461,0.041678136
7462,0.020528838
7463,0.0262807
7464,0.132493732
7465,0.008146982
7466,0.031552026
7467,0.057167506
7468,0.034335535
7469,0.011318688
7470,0.019838465
7471,0.039273698
7472,0.062195277
7473,0.070629228
7474,0.119075136
7475,0.0938238
7476,0.249168071
7477,0.124070764
7478,0.118215803
7479,0.012968439
7480,0.099685603
7481,0.053482958
7482,0.049616796
7483,0.09010603
7484,0.031733906
7485,0.054066217
7486,0.047266929
7487,0.054127679
7488,0.088120258
7489,0.034682216
7490,0.068404811
7491,0.006226732
7492,0.020949389
7493,0.038074308
7494,0.020638118
7495,0.058074534
7496,0.014525614
7497,0.034867216
7498,0.110789034
7499,0.074836038
7500,0.132454249
7501,0.495900784
7502,0.078781271
7503,0.111147527
7504,0.090822317
7505,0.076403402
7506,0.078699713
7507,0.086059231
7508,0.054154574
7509,0.02594262
7510,0.279207434
7511,0.073090746
7512,0.091307354
7513,0.057882582
7514,0.090325142
7515,0.024168816
7516,0.027344268
7517,0.026533109
7518,0.048288617
7519,0.170179572
7520,0.055605898
7521,0.060123853
7522,0.109620557
7523,0.521241222
7524,0.082573438
7525,0.018449252
7526,0.398628363
7527,0.060724242
7528,0.253350308
7529,0.288599189
7530,0.058580164
7531,0.047923886
7532,0.053110618
7533,0.09341646
7534,0.160987919
7535,0.048357947
7536,0.163344861
7537,0.087955435
7538,0.064181166
7539,0.023913406
7540,0.018995257
7541,0.051300225
7542,0.0693248
7543,0.022933009
7544,0.106219923
7545,0.129950458
7546,0.123732676
7547,0.080779204
7548,0.036135481
7549,0.103757823
7550,0.175775851
7551,0.261657798
7552,0.066368682
7553,0.010371707
7554,0.049515138
7555,0.0223749
7556,0.060788868
7557,0.544990421
7558,0.03885963
7559,0.054676938
7560,0.408737194
7561,0.261505787
7562,0.016902044
7563,0.017241885
7564,0.012327886
7565,0.017794961
7566,0.052501604
7567,0.05449758
7568,0.149304464
7569,0.148037387
7570,0.252313122
7571,0.06345618
7572,0.261160117
7573,0.253224369
7574,0.143320549
7575,0.26135562
7576,0.39213814
7577,0.088290698
7578,0.05114937
7579,0.08337183
7580,0.050887948
7581,0.27256137
7582,0.938597521
7583,0.005903231
7584,0.062637235
7585,0.398287616
7586,0.020615388
7587,0.060880332
7588,0.268694351
7589,0.017015637
7590,0.014557657
7591,0.054290354
7592,0.077310433
7593,0.020956779
7594,0.051624131
7595,0.295542788
7596,0.060582363
7597,0.09374628
7598,0.264186488
7599,0.126558506
7600,0.169543953
7601,0.407924183
7602,0.187774366
7603,0.031700844
7604,0.255030566
7605,0.39550286
7606,0.254123159
7607,0.782924853
7608,0.425936196
7609,0.28373574
7610,0.006741747
7611,0.02673414
7612,0.126285609
7613,0.0923331
7614,0.022059116
7615,0.008710284
7616,0.005383237
7617,0.057689726
7618,0.009526799
7619,0.035788554
7620,0.057502609
7621,0.088261129
7622,0.084577766
7623,0.105014902
7624,0.085886363
7625,0.251643811
7626,0.115101083
7627,0.019899837
7628,0.114669854
7629,0.254623945
7630,0.020979765
7631,0.261263699
7632,0.978052851
7633,0.929337498
7634,0.510586867
7635,0.004805107
7636,0.030899045
7637,0.068607348
7638,0.298289616
7639,0.082917551
7640,0.065792451
7641,0.063672219
7642,0.07456327
7643,0.050513321
7644,0.01192337
7645,0.392693189
7646,0.025553032
7647,0.048293499
7648,0.122765598
7649,0.10826264
7650,0.054143719
7651,0.05268798
7652,0.252716883
7653,0.254752514
7654,0.006570434
7655,0.022879579
7656,0.252836349
7657,0.110763368
7658,0.100806512
7659,0.982823025
7660,0.879367574
7661,0.48856624
7662,0.012481408
7663,0.016752887
7664,0.259381184
7665,0.030562396
7666,0.176043332
7667,0.106646991
7668,0.257408004
7669,0.049010338
7670,0.092984064
7671,0.019336108
7672,0.082134232
7673,0.101136583
7674,0.1291866
7675,0.121403391
7676,0.572103648
7677,0.273619528
7678,0.250240784
7679,0.133276363
7680,0.074944681
7681,0.061455819
7682,0.113084712
7683,0.051660837
7684,0.029815716
7685,0.021780019
7686,0.136135414
7687,0.138222372
7688,0.066008658
7689,0.115065357
7690,0.020680027
7691,0.88145717
7692,0.993795293
7693,0.986364999
7694,0.099737915
7695,0.04811736
7696,0.398882396
7697,0.012546475
7698,0.164821365
7699,0.033880132
7700,0.015543718
7701,0.018289944
7702,0.066041509
7703,0.090875549
7704,0.045049686
7705,0.404616292
7706,0.580124016
7707,0.073978357
7708,0.099713952
7709,0.086487576
7710,0.257644449
7711,0.069504248
7712,0.399144131
7713,0.111230295
7714,0.030277303
7715,0.09242465
7716,0.104867806
7717,0.089736009
7718,0.058961858
7719,0.025079907
7720,0.421689901
7721,0.397622277
7722,0.254794668
7723,0.068460617
7724,0.023198811
7725,0.115087564
7726,0.066017538
7727,0.26252198
7728,0.027175415
7729,0.046720871
7730,0.0483122
7731,0.019922148
7732,0.023767267
7733,0.065231809
7734,0.048344262
7735,0.263370548
7736,0.813395323
7737,0.390429667
7738,0.267264018
7739,0.126527961
7740,0.184901617
7741,0.255663619
7742,0.520244933
7743,0.093788699
7744,0.026075826
7745,0.042251857
7746,0.034696141
7747,0.128114454
7748,0.150907155
7749,0.118753574
7750,0.436345926
7751,0.264012628
7752,0.166125351
7753,0.983120394
7754,0.12152857
7755,0.020507315
7756,0.142013434
7757,0.162095828
7758,0.025026485
7759,0.0632789
7760,0.288493396
7761,0.076608906
7762,0.041976911
7763,0.041697665
7764,0.043550142
7765,0.248554998
7766,0.400765305
7767,0.270133086
7768,0.458888701
7769,0.39118697
7770,0.139689375
7771,0.129864469
7772,0.39417118
7773,0.029617801
7774,0.153118276
7775,0.074164697
7776,0.060862368
7777,0.409294509
7778,0.426184316
7779,0.057200022
7780,0.536863065
7781,0.394680858
7782,0.083381467
7783,0.093801223
7784,0.089436617
7785,0.058795743
7786,0.007290923
7787,0.009705033
7788,0.036109382
7789,0.053776269
7790,0.09429069
7791,0.089737567
7792,0.151705829
7793,0.392209357
7794,0.768606624
7795,0.396420326
7796,0.390293153
7797,0.595226849
7798,0.087689586
7799,0.023078324
7800,0.054077751
7801,0.064243408
7802,0.130035635
7803,0.255959983
7804,0.060323442
7805,0.028372186
7806,0.070983162
7807,0.122914698
7808,0.02046633
7809,0.056380628
7810,0.096983547
7811,0.021710658
7812,0.048836873
7813,0.017749505
7814,0.008767619
7815,0.032604898
7816,0.089117251
7817,0.060420945
7818,0.078464454
7819,0.258917291
7820,0.263798797
7821,0.404772036
7822,0.832662366
7823,0.67711196
7824,0.298437954
7825,0.116368466
7826,0.006897578
7827,0.045530305
7828,0.020755989
7829,0.043944742
7830,0.103035695
7831,0.014202336
7832,0.011193029
7833,0.033665887
7834,0.661987994
7835,0.259678576
7836,0.024279256
7837,0.069919124
7838,0.054404385
7839,0.093242603
7840,0.05815685
7841,0.058491872
7842,0.015143598
7843,0.055892074
7844,0.010694642
7845,0.029940284
7846,0.078639846
7847,0.101757429
7848,0.566122138
7849,0.398701275
7850,0.253066962
7851,0.766501031
7852,0.393332117
7853,0.490270294
7854,0.138461667
7855,0.05021621
7856,0.033474729
7857,0.04312048
7858,0.053360323
7859,0.046134512
7860,0.04893931
7861,0.07113467
7862,0.415384708
7863,0.251250106
7864,0.385214812
7865,0.035571619
7866,0.090141248
7867,0.113810829
7868,0.13277538
7869,0.161987494
7870,0.05767541
7871,0.030620136
7872,0.04994331
7873,0.254192532
7874,0.593502376
7875,0.395132258
7876,0.530436311
7877,0.149190167
7878,0.406873839
7879,0.170238907
7880,0.072627367
7881,0.046330309
7882,0.013450755
7883,0.013251233
7884,0.015778114
7885,0.061487343
7886,0.034007486
7887,0.117331841
7888,0.115012702
7889,0.074353801
7890,0.18377545
7891,0.040503417
7892,0.050158927
7893,0.400630921
7894,0.066382744
7895,0.003163525
7896,0.011097236
7897,0.014568876
7898,0.111395268
7899,0.250895929
7900,0.047028518
7901,0.387112606
7902,0.25685403
7903,0.077909686
7904,0.086902091
7905,0.03334248
7906,0.089032823
7907,0.077755667
7908,0.060733153
7909,0.109081407
7910,0.10833901
7911,0.05670661
7912,0.009721516
7913,0.393953772
7914,0.010064977
7915,0.084125527
7916,0.005350115
7917,0.051311106
7918,0.038887053
7919,0.136453399
7920,0.038195443
7921,0.064363424
7922,0.006802545
7923,0.061953276
7924,0.161773463
7925,0.386185484
7926,0.507393563
7927,0.079300827
7928,0.009226532
7929,0.023171447
7930,0.030672397
7931,0.055142765
7932,0.047884143
7933,0.13943359
7934,0.011724324
7935,0.036740367
7936,0.018106834
7937,0.032072486
7938,0.018781726
7939,0.014290096
7940,0.030874259
7941,0.069505949
7942,0.093939006
7943,0.403897973
7944,0.013300764
7945,0.021354384
7946,0.045471944
7947,0.062344869
7948,0.092718332
7949,0.391201391
7950,0.08978208
7951,0.01403513
7952,0.130131197
7953,0.03339524
7954,0.078301136
7955,0.252793377
7956,0.054705042
7957,0.017659817
7958,0.012002833
7959,0.188767918
7960,0.020908421
7961,0.029563718
7962,0.133122427
7963,0.066519696
7964,0.049003451
7965,0.017857202
7966,0.031185888
7967,0.076926189
7968,0.279587565
7969,0.037941719
7970,0.021325467
7971,0.021453245
7972,0.041285717
7973,0.064029808
7974,0.25884125
7975,0.060678553
7976,0.175717692
7977,0.078642001
7978,0.03085679
7979,0.045429561
7980,0.047096128
7981,0.030933383
7982,0.167486223
7983,0.018819505
7984,0.146636342
7985,0.018561819
7986,0.098472957
7987,0.052510764
7988,0.010407252
7989,0.014695048
7990,0.268719958
7991,0.536055628
7992,0.249353431
7993,0.065675676
7994,0.011767569
7995,0.083936338
7996,0.043402022
7997,0.045787715
7998,0.091977485
7999,0.083434319
8000,0.09136501
8001,0.877898139
8002,0.018450083
8003,0.07847811
8004,0.016368334
8005,0.068253583
8006,0.075697641
8007,0.01791807
8008,0.042195338
8009,0.14871927
8010,0.555845774
8011,0.064785826
8012,0.131647946
8013,0.025132328
8014,0.044346292
8015,0.011228069
8016,0.02123125
8017,0.09339132
8018,0.030844845
8019,0.023297726
8020,0.055591923
8021,0.044893662
8022,0.029556794
8023,0.05994673
8024,0.017460593
8025,0.126316471
8026,0.024027692
8027,0.043274396
8028,0.012288258
8029,0.039533656
8030,0.088544622
8031,0.109882594
8032,0.027510132
8033,0.022286604
8034,0.054796519
8035,0.605767383
8036,0.063562129
8037,0.106406152
8038,0.046480505
8039,0.055866378
8040,0.057708331
8041,0.066290982
8042,0.452773661
8043,0.033089882
8044,0.018495133
8045,0.051163737
8046,0.110199362
8047,0.016605875
8048,0.096417951
8049,0.055457909
8050,0.024733787
8051,0.054237139
8052,0.386716455
8053,0.033322468
8054,0.025831205
8055,0.007629599
8056,0.01857463
8057,0.063779553
8058,0.007315274
8059,0.034829529
8060,0.254197424
8061,0.083909294
8062,0.066555707
8063,0.123794414
8064,0.07720324
8065,0.06915094
8066,0.071704752
8067,0.038999892
8068,0.266017904
8069,0.267215044
8070,0.133035108
8071,0.005701694
8072,0.003266283
8073,0.035541855
8074,0.011363519
8075,0.011542423
8076,0.019694818
8077,0.011273302
8078,0.020492617
8079,0.007701139
8080,0.014950782
8081,0.011640435
8082,0.01743986
8083,0.011953598
8084,0.025728945
8085,0.05562941
8086,0.063199284
8087,0.131637868
8088,0.125118607
8089,0.173365804
8090,0.012272782
8091,0.012258828
8092,0.024632994
8093,0.008587207
8094,0.011429935
8095,0.025137496
8096,0.017928365
8097,0.038426761
8098,0.01231646
8099,0.00938345
8100,0.007944036
8101,0.082331412
8102,0.040375475
8103,0.01532454
8104,0.060292372
8105,0.015437845
8106,0.01548565
8107,0.010065978
8108,0.115061252
8109,0.029823923
8110,0.064485329
8111,0.007508417
8112,0.00357329
8113,0.010680472
8114,0.027374862
8115,0.014290448
8116,0.079025104
8117,0.003598352
8118,0.178343053
8119,0.065226797
8120,0.073040865
8121,0.070473543
8122,0.011053205
8123,0.099567017
8124,0.027887873
8125,0.008054163
8126,0.090087329
8127,0.020753696
8128,0.126664015
8129,0.00642517
8130,0.115454541
8131,0.016914173
8132,0.032397308
8133,0.036917246
8134,0.024929802
8135,0.010174563
8136,0.010721196
8137,0.010566284
8138,0.031009862
8139,0.01103057
8140,0.013410172
8141,0.054285134
8142,0.056109874
8143,0.031103498
8144,0.162943206
8145,0.02252742
8146,0.003908022
8147,0.010978803
8148,0.016679218
8149,0.058522772
8150,0.023973378
8151,0.014133953
8152,0.022485939
8153,0.038104827
8154,0.009219005
8155,0.149896335
8156,0.135139416
8157,0.00818461
8158,0.024983661
8159,0.080881059
8160,0.014673347
8161,0.020432403
8162,0.052448979
8163,0.06370104
8164,0.031351467
8165,0.050196331
8166,0.092338141
8167,0.054649836
8168,0.052020994
8169,0.129161956
8170,0.040044109
8171,0.076879472
8172,0.036803786
8173,0.257583634
8174,0.396652403
8175,0.279573501
8176,0.062973817
8177,0.289732598
8178,0.245412581
8179,0.254412665
8180,0.069336798
8181,0.022384904
8182,0.024153473
8183,0.074010101
8184,0.015335201
8185,0.032913735
8186,0.013782499
8187,0.259023427
8188,0.039860013
8189,0.645122151
8190,0.256614291
8191,0.060732671
8192,0.052549575
8193,0.261897954
8194,0.062177909
8195,0.02503381
8196,0.052264094
8197,0.040313262
8198,0.019008064
8199,0.019125315
8200,0.050020818
8201,0.129698346
8202,0.144755092
8203,0.521279826
8204,0.564853955
8205,0.048357976
8206,0.075777925
8207,0.26210288
8208,0.254522781
8209,0.01291618
8210,0.073559381
8211,0.053446772
8212,0.061690494
8213,0.080126344
8214,0.02550709
8215,0.404211643
8216,0.116636958
8217,0.160188181
8218,0.571099642
8219,0.114359984
8220,0.0226461
8221,0.510155262
8222,0.067294494
8223,0.470254908
8224,0.054539939
8225,0.057367263
8226,0.043606865
8227,0.069535814
8228,0.033017726
8229,0.107888554
8230,0.103069835
8231,0.08406434
8232,0.030682254
8233,0.050681041
8234,0.072056811
8235,0.383560076
8236,0.051579624
8237,0.07256192
8238,0.060860692
8239,0.067879507
8240,0.03002907
8241,0.040243111
8242,0.065950948
8243,0.096206841
8244,0.033262081
8245,0.085378907
8246,0.167755024
8247,0.398141884
8248,0.069571787
8249,0.045557622
8250,0.002755324
8251,0.018505122
8252,0.481059052
8253,0.123581021
8254,0.071616161
8255,0.438831983
8256,0.288807684
8257,0.008285734
8258,0.004341082
8259,0.075184136
8260,0.051741973
8261,0.021522821
8262,0.026828894
8263,0.018085489
8264,0.040740189
8265,0.076739547
8266,0.074876133
8267,0.091158804
8268,0.184192288
8269,0.432136539
8270,0.01897966
8271,0.042426777
8272,0.008420028
8273,0.037584651
8274,0.02710474
8275,0.035621564
8276,0.261078617
8277,0.025837321
8278,0.061376711
8279,0.012342475
8280,0.058181872
8281,0.053563838
8282,0.030333407
8283,0.125646952
8284,0.518903672
8285,0.071537205
8286,0.080293069
8287,0.029431294
8288,0.029612738
8289,0.056513697
8290,0.072083953
8291,0.010111303
8292,0.020091005
8293,0.009921174
8294,0.119973633
8295,0.160223255
8296,0.100943344
8297,0.106064809
8298,0.066672246
8299,0.034542172
8300,0.031826292
8301,0.029436351
8302,0.027722296
8303,0.082615137
8304,0.058256916
8305,0.242401988
8306,0.025921287
8307,0.061232136
8308,0.025294456
8309,0.022301103
8310,0.015464219
8311,0.019569146
8312,0.052295137
8313,0.029302977
8314,0.090125779
8315,0.172252345
8316,0.182830679
8317,0.058870539
8318,0.055327963
8319,0.045348015
8320,0.118656234
8321,0.065068957
8322,0.017668323
8323,0.064789044
8324,0.015380152
8325,0.014643112
8326,0.031006284
8327,0.151637069
8328,0.027976431
8329,0.018818249
8330,0.026085844
8331,0.064558374
8332,0.064036668
8333,0.250653945
8334,0.236634792
8335,0.238973366
8336,0.070098177
8337,0.044452492
8338,0.023143745
8339,0.056524712
8340,0.055756023
8341,0.011242367
8342,0.10203209
8343,0.048279142
8344,0.582138648
8345,0.120258412
8346,0.025282487
8347,0.115973658
8348,0.05805267
8349,0.062210076
8350,0.023910152
8351,0.007929918
8352,0.010704398
8353,0.062879904
8354,0.008674156
8355,0.018640928
8356,0.021296925
8357,0.086291758
8358,0.063577131
8359,0.072002524
8360,0.06822878
8361,0.093816429
8362,0.397667662
8363,0.41073082
8364,0.07101276
8365,0.028534752
8366,0.079372234
8367,0.01812003
8368,0.051305095
8369,0.027367666
8370,0.008243347
8371,0.073042533
8372,0.064767649
8373,0.117524641
8374,0.05943897
8375,0.131109581
8376,0.043986332
8377,0.059505294
8378,0.028897858
8379,0.022452643
8380,0.12971034
8381,0.010343583
8382,0.029081657
8383,0.058078713
8384,0.00933714
8385,0.020763082
8386,0.040009906
8387,0.067502938
8388,0.062443254
8389,0.238927346
8390,0.091701905
8391,0.255207222
8392,0.109105969
8393,0.110492661
8394,0.013687942
8395,0.0889758
8396,0.009343532
8397,0.056505191
8398,0.009654045
8399,0.048710767
8400,0.094445598
8401,0.033601056
8402,0.031549865
8403,0.062231123
8404,0.051587163
8405,0.057146101
8406,0.082288664
8407,0.032615545
8408,0.060962375
8409,0.006156034
8410,0.032613147
8411,0.066043498
8412,0.034036319
8413,0.112388091
8414,0.072217238
8415,0.132160915
8416,0.550633242
8417,0.08767804
8418,0.125574183
8419,0.066499417
8420,0.242541514
8421,0.082877488
8422,0.075169755
8423,0.055038394
8424,0.021820551
8425,0.267105926
8426,0.080927138
8427,0.080240415
8428,0.062498682
8429,0.085842859
8430,0.021006031
8431,0.030547476
8432,0.019989137
8433,0.026432489
8434,0.040237077
8435,0.170253149
8436,0.065691736
8437,0.043559383
8438,0.102856792
8439,0.48849478
8440,0.069456525
8441,0.020948489
8442,0.262751878
8443,0.064615914
8444,0.264466768
8445,0.273164674
8446,0.05838132
8447,0.021369436
8448,0.038097326
8449,0.03818354
8450,0.083949282
8451,0.164064889
8452,0.042758236
8453,0.165488627
8454,0.072271058
8455,0.068050977
8456,0.018336922
8457,0.020618086
8458,0.060815147
8459,0.062547924
8460,0.017301876
8461,0.108708199
8462,0.128470373
8463,0.11939118
8464,0.084476396
8465,0.033023399
8466,0.114376994
8467,0.13357517
8468,0.257427394
8469,0.056521354
8470,0.008659059
8471,0.042812284
8472,0.066058762
8473,0.530836675
8474,0.038985314
8475,0.045200002
8476,0.422131309
8477,0.248345224
8478,0.010753678
8479,0.021111891
8480,0.013292035
8481,0.050531285
8482,0.060213545
8483,0.149349101
8484,0.247703004
8485,0.012607107
8486,0.109439643
8487,0.090946945
8488,0.260878941
8489,0.117075902
8490,0.140770816
8491,0.267684128
8492,0.39948561
8493,0.088650455
8494,0.05083556
8495,0.084222953
8496,0.056312624
8497,0.276749515
8498,0.850016803
8499,0.00421085
8500,0.06624071
8501,0.39097474
8502,0.014118281
8503,0.05684947
8504,0.388989353
8505,0.013539708
8506,0.059855716
8507,0.074460507
8508,0.022810153
8509,0.052551286
8510,0.413049267
8511,0.06193114
8512,0.095670988
8513,0.262827359
8514,0.131925129
8515,0.253826396
8516,0.390726607
8517,0.266550283
8518,0.032230109
8519,0.246775163
8520,0.242175606
8521,0.143269454
8522,0.734760364
8523,0.434514679
8524,0.420495927
8525,0.005547773
8526,0.025990225
8527,0.122762024
8528,0.019347876
8529,0.069279713
8530,0.029192234
8531,0.022938133
8532,0.013325559
8533,0.008927261
8534,0.002985667
8535,0.060716642
8536,0.012063328
8537,0.026669662
8538,0.057695808
8539,0.087227118
8540,0.087018879
8541,0.100881075
8542,0.089427594
8543,0.241245197
8544,0.243748295
8545,0.028171955
8546,0.108659519
8547,0.172120321
8548,0.02230112
8549,0.273447252
8550,0.939243518
8551,0.946102208
8552,0.477790364
8553,0.007305665
8554,0.029752032
8555,0.02174117
8556,0.06901404
8557,0.425370951
8558,0.082504255
8559,0.019904578
8560,0.063997372
8561,0.008939817
8562,0.050200683
8563,0.062011748
8564,0.053185699
8565,0.015931851
8566,0.384259306
8567,0.019444954
8568,0.045743019
8569,0.109941357
8570,0.100071829
8571,0.060554738
8572,0.06062574
8573,0.24023251
8574,0.241154554
8575,0.029139613
8576,0.24016895
8577,0.097498329
8578,0.268483221
8579,0.961337225
8580,0.891070005
8581,0.543123612
8582,0.020983717
8583,0.249097876
8584,0.021055056
8585,0.178841013
8586,0.084513812
8587,0.265124756
8588,0.04565244
8589,0.0826205
8590,0.026588102
8591,0.081034358
8592,0.109518282
8593,0.126144497
8594,0.146201499
8595,0.563895064
8596,0.403183952
8597,0.241643603
8598,0.13078473
8599,0.094037044
8600,0.063141807
8601,0.120659808
8602,0.053578662
8603,0.033036206
8604,0.131392328
8605,0.121670942
8606,0.060480666
8607,0.118965132
8608,0.025479569
8609,0.884757146
8610,0.980521319
8611,0.977469454
8612,0.092426076
8613,0.050556913
8614,0.385183856
8615,0.28929973
8616,0.021752411
8617,0.019460115
8618,0.073518507
8619,0.095631868
8620,0.048384769
8621,0.386808474
8622,0.552149277
8623,0.083661869
8624,0.107381621
8625,0.083409895
8626,0.160723122
8627,0.063545521
8628,0.39858928
8629,0.244870391
8630,0.02147063
8631,0.096760605
8632,0.121932007
8633,0.105440037
8634,0.061501163
8635,0.026560505
8636,0.434542111
8637,0.269302295
8638,0.253658841
8639,0.074664691
8640,0.026826038
8641,0.119501553
8642,0.068536844
8643,0.197751716
8644,0.028975931
8645,0.052522586
8646,0.049045509
8647,0.019907333
8648,0.020115423
8649,0.06571661
8650,0.050999155
8651,0.258307292
8652,0.811797176
8653,0.394408467
8654,0.270779614
8655,0.116003851
8656,0.177865592
8657,0.13908597
8658,0.535633456
8659,0.090334858
8660,0.032785072
8661,0.03495128
8662,0.11386018
8663,0.158139173
8664,0.103484764
8665,0.307455856
8666,0.269610972
8667,0.246709407
8668,0.959607881
8669,0.121747379
8670,0.024844835
8671,0.133909911
8672,0.25276406
8673,0.026525329
8674,0.052896044
8675,0.290438826
8676,0.090177358
8677,0.040196674
8678,0.038224154
8679,0.058183663
8680,0.23551822
8681,0.381788204
8682,0.38638152
8683,0.460153351
8684,0.383623976
8685,0.136863949
8686,0.133834307
8687,0.268358868
8688,0.011531592
8689,0.025242057
8690,0.154367804
8691,0.086283784
8692,0.051541189
8693,0.28339151
8694,0.389992024
8695,0.057050239
8696,0.549664612
8697,0.391208404
8698,0.006915912
8699,0.080863965
8700,0.090270743
8701,0.081317739
8702,0.062429273
8703,0.019318146
8704,0.031053919
8705,0.05700746
8706,0.087746345
8707,0.084219194
8708,0.126215866
8709,0.38989575
8710,0.802656688
8711,0.399337465
8712,0.381942888
8713,0.606409351
8714,0.091278202
8715,0.02529274
8716,0.068081189
8717,0.07049303
8718,0.136255424
8719,0.262794911
8720,0.068569427
8721,0.028134688
8722,0.068813944
8723,0.23896347
8724,0.021213949
8725,0.002339305
8726,0.040831513
8727,0.09488972
8728,0.019318335
8729,0.047674015
8730,0.026242138
8731,0.00896057
8732,0.035142525
8733,0.088162258
8734,0.059669044
8735,0.083545947
8736,0.263693537
8737,0.259538107
8738,0.396733593
8739,0.83699908
8740,0.670192446
8741,0.386108859
8742,0.116133376
8743,0.005632084
8744,0.042195202
8745,0.019775452
8746,0.049294624
8747,0.105493431
8748,0.020898302
8749,0.009799263
8750,0.02941436
8751,0.621629162
8752,0.254685452
8753,0.019830055
8754,0.082283137
8755,0.044934082
8756,0.246705704
8757,0.059506284
8758,0.049356113
8759,0.020594383
8760,0.043002593
8761,0.015110152
8762,0.01298352
8763,0.024819363
8764,0.075202614
8765,0.103818837
8766,0.526730253
8767,0.387904279
8768,0.240923271
8769,0.756674435
8770,0.396102354
8771,0.522298065
8772,0.142582828
8773,0.03958699
8774,0.032965283
8775,0.037602846
8776,0.047074388
8777,0.051554172
8778,0.018307807
8779,0.037716586
8780,0.061866799
8781,0.430674796
8782,0.242353398
8783,0.386856319
8784,0.035477188
8785,0.087270059
8786,0.11877528
8787,0.116491106
8788,0.150718718
8789,0.04725293
8790,0.028813371
8791,0.041377614
8792,0.123575267
8793,0.533676188
8794,0.425382407
8795,0.531887771
8796,0.2615246
8797,0.268300962
8798,0.168554618
8799,0.074362517
8800,0.050188005
8801,0.031695987
8802,0.011915874
8803,0.054715805
8804,0.036733941
8805,0.117215688
8806,0.123588813
8807,0.091735152
8808,0.267617678
8809,0.023147511
8810,0.067721245
8811,0.381210831
8812,0.060893027
8813,0.001755868
8814,0.009343081
8815,0.014285636
8816,0.112961976
8817,0.245494366
8818,0.049294756
8819,0.238550798
8820,0.252020886
8821,0.084732504
8822,0.104303115
8823,0.042207645
8824,0.089000384
8825,0.083236848
8826,0.044297932
8827,0.124102897
8828,0.114098165
8829,0.047562384
8830,0.01095248
8831,0.396683961
8832,0.010314085
8833,0.014724903
8834,0.083087112
8835,0.008028801
8836,0.039612607
8837,0.038090358
8838,0.132687972
8839,0.05706474
8840,0.065448983
8841,0.006750652
8842,0.052045378
8843,0.165502026
8844,0.390834828
8845,0.508593548
8846,0.077945189
8847,0.011302363
8848,0.017665299
8849,0.027720301
8850,0.030019751
8851,0.059911267
8852,0.019410177
8853,0.061223546
8854,0.132303157
8855,0.0121259
8856,0.040766747
8857,0.020110395
8858,0.036318903
8859,0.022381796
8860,0.012818232
8861,0.033124662
8862,0.056486729
8863,0.092066869
8864,0.397968419
8865,0.016919152
8866,0.018257853
8867,0.046486537
8868,0.061381557
8869,0.085429886
8870,0.387932727
8871,0.084207554
8872,0.012966735
8873,0.240693651
8874,0.030027676
8875,0.01849314
8876,0.07442849
8877,0.125644398
8878,0.052776634
8879,0.012725188
8880,0.016014088
8881,0.007526983
8882,0.18274598
8883,0.017651633
8884,0.02713041
8885,0.129973396
8886,0.070463983
8887,0.051138138
8888,0.019129453
8889,0.02874901
8890,0.080976342
8891,0.388112538
8892,0.042770045
8893,0.005210665
8894,0.02576083
8895,0.023964011
8896,0.058814806
8897,0.073392224
8898,0.253056429
8899,0.069291159
8900,0.25631822
8901,0.108401473
8902,0.023607571
8903,0.058779175
8904,0.040979734
8905,0.039148754
8906,0.18117077
8907,0.021093226
8908,0.155023045
8909,0.02066106
8910,0.087670676
8911,0.046582304
8912,0.009506935
8913,0.01581471
8914,0.262402341
8915,0.5682316
8916,0.238365384
8917,0.068298328
8918,0.073815681
8919,0.04507491
8920,0.043018042
8921,0.086153963
8922,0.075027587
8923,0.092507606
8924,0.901856472
8925,0.022144946
8926,0.075603558
8927,0.019120629
8928,0.089760522
8929,0.070829973
8930,0.020920842
8931,0.050550962
8932,0.150441994
8933,0.564554672
8934,0.063741629
8935,0.243911916
8936,0.025776234
8937,0.018522281
8938,0.058964101
8939,0.011982825
8940,0.023883746
8941,0.089864388
8942,0.023485049
8943,0.021061381
8944,0.001209849
8945,0.055408837
8946,0.051006961
8947,0.031966979
8948,0.023618065
8949,0.05603566
8950,0.018620205
8951,0.11433547
8952,0.020651129
8953,0.043921731
8954,0.014571469
8955,0.034196526
8956,0.080932649
8957,0.088020303
8958,0.028172135
8959,0.023007105
8960,0.058524891
8961,0.550178116
8962,0.078871965
8963,0.10417657
8964,0.042827071
8965,0.043052495
8966,0.057869759
8967,0.052162749
8968,0.019256644
8969,0.429043838
8970,0.036577662
8971,0.003025146
8972,0.004705837
8973,0.018947851
8974,0.053764401
8975,0.124774364
8976,0.021340043
8977,0.103345876
8978,0.045637251
8979,0.026509421
8980,0.006087542
8981,0.05308901
8982,0.397962179
8983,0.024293149
8984,0.026289269
8985,0.005896006
8986,0.021339779
8987,0.013733639
8988,0.049924666
8989,0.008081387
8990,0.041472583
8991,0.006922693
8992,0.255346174
8993,0.094219219
8994,0.01400448
8995,0.01764279
8996,0.018350732
8997,0.010020592
8998,0.062675627
8999,0.13485544
9000,0.091757727
9001,0.068089188
9002,0.064620407
9003,0.025758295
9004,0.060441371
9005,0.023587128
9006,0.072381075
9007,0.265704664
9008,0.128653186
9009,0.007288215
9010,0.003760376
9011,0.033790457
9012,0.014507913
9013,0.013597971
9014,0.01761467
9015,0.012110718
9016,0.023086157
9017,0.007641809
9018,0.017563808
9019,0.013755662
9020,0.020329332
9021,0.023359793
9022,0.053305878
9023,0.051621929
9024,0.118356094
9025,0.006517815
9026,0.133965501
9027,0.259854435
9028,0.02187965
9029,0.013480582
9030,0.013011983
9031,0.008039453
9032,0.022057871
9033,0.023708391
9034,0.016060552
9035,0.029542014
9036,0.008340055
9037,0.007860831
9038,0.06950584
9039,0.05544731
9040,0.014909933
9041,0.062449882
9042,0.016749736
9043,0.01533657
9044,0.008036724
9045,0.124544969
9046,0.033981583
9047,0.045530072
9048,0.004182833
9049,0.010287591
9050,0.033708799
9051,0.011105405
9052,0.075518091
9053,0.00690561
9054,0.014281791
9055,0.177936392
9056,0.061620705
9057,0.072726836
9058,0.063861126
9059,0.086575294
9060,0.025807599
9061,0.010277305
9062,0.086409086
9063,0.017291082
9064,0.083214874
9065,0.005538561
9066,0.122473376
9067,0.019970278
9068,0.029189993
9069,0.029183274
9070,0.032663143
9071,0.027776249
9072,0.012164
9073,0.012579964
9074,0.012795869
9075,0.006644444
9076,0.012093466
9077,0.028885456
9078,0.010660908
9079,0.010370473
9080,0.061416481
9081,0.062890437
9082,0.033871971
9083,0.003872322
9084,0.161598313
9085,0.023730226
9086,0.025095798
9087,0.030210913
9088,0.003559035
9089,0.011549178
9090,0.015383428
9091,0.052506268
9092,0.022537001
9093,0.034076423
9094,0.026761568
9095,0.017932946
9096,0.025490257
9097,0.123863542
9098,0.124632314
9099,0.009113703
9100,0.084491693
9101,0.035759727
9102,0.063311932
9103,0.063135669
9104,0.031619022
9105,0.046199575
9106,0.058705056
9107,0.00694323
9108,0.11650835
9109,0.050625036
9110,0.002421004
9111,0.128552041
9112,0.046691888
9113,0.085045205
9114,0.047345626
9115,0.260821983
9116,0.416448409
9117,0.017440634
9118,0.281288704
9119,0.070211661
9120,0.184066256
9121,0.089625142
9122,0.166838318
9123,0.055445265
9124,0.023217321
9125,0.092708816
9126,0.015652727
9127,0.034139844
9128,0.015455046
9129,0.007786949
9130,0.1627497
9131,0.032851716
9132,0.665414187
9133,0.161807687
9134,0.050426187
9135,0.048731275
9136,0.166266948
9137,0.05511286
9138,0.023104327
9139,0.053751144
9140,0.019032565
9141,0.016795371
9142,0.048727063
9143,0.118696395
9144,0.13551854
9145,0.573184658
9146,0.578263271
9147,0.04159802
9148,0.077755731
9149,0.424661598
9150,0.154360308
9151,0.071957426
9152,0.043345111
9153,0.055762604
9154,0.07699651
9155,0.028307063
9156,0.415077942
9157,0.129400609
9158,0.261779145
9159,0.535839248
9160,0.132759734
9161,0.026115374
9162,0.499441541
9163,0.006905688
9164,0.077968604
9165,0.2958797
9166,0.055213264
9167,0.056923117
9168,0.042783116
9169,0.063839438
9170,0.007424698
9171,0.023469505
9172,0.084819959
9173,0.094787163
9174,0.032984002
9175,0.052463949
9176,0.432126077
9177,0.396762147
9178,0.048276135
9179,0.030423482
9180,0.061280549
9181,0.047083666
9182,0.073041685
9183,0.028608188
9184,0.045387549
9185,0.051933873
9186,0.097664408
9187,0.074102136
9188,0.155229067
9189,0.060598234
9190,0.397823805
9191,0.064964082
9192,0.038547179
9193,0.020046072
9194,0.016578059
9195,0.010536793
9196,0.016129058
9197,0.016009196
9198,0.017557567
9199,0.482670999
9200,0.096363138
9201,0.070442936
9202,0.423810782
9203,0.2865
9204,0.07288164
9205,0.050302869
9206,0.012249461
9207,0.026880881
9208,0.017892492
9209,0.045385429
9210,0.005757907
9211,0.080043506
9212,0.062585879
9213,0.09082915
9214,0.421081419
9215,0.431597782
9216,0.018885722
9217,0.048525515
9218,0.044898667
9219,0.011127842
9220,0.007266747
9221,0.027408573
9222,0.038624244
9223,0.041037733
9224,0.172495007
9225,0.020530269
9226,0.056312662
9227,0.012192217
9228,0.054821103
9229,0.156963761
9230,0.549557414
9231,0.060832671
9232,0.08023041
9233,0.020942227
9234,0.029728955
9235,0.057796436
9236,0.068628068
9237,0.016090921
9238,0.023323288
9239,0.115077688
9240,0.154212577
9241,0.102078176
9242,0.244164155
9243,0.062285618
9244,0.026574255
9245,0.036000673
9246,0.031989391
9247,0.040193712
9248,0.076402827
9249,0.055909742
9250,0.245251879
9251,0.022880159
9252,0.05482489
9253,0.02548629
9254,0.020648607
9255,0.017597095
9256,0.029082937
9257,0.052135929
9258,0.108960035
9259,0.027250157
9260,0.026078705
9261,0.084651862
9262,0.173896972
9263,0.168902619
9264,0.045519056
9265,0.051162903
9266,0.043090438
9267,0.111534632
9268,0.056249044
9269,0.020758107
9270,0.014662718
9271,0.037724705
9272,0.150503321
9273,0.024737045
9274,0.021917601
9275,0.026667213
9276,0.07560509
9277,0.074229361
9278,0.24259903
9279,0.108547006
9280,0.241904147
9281,0.075194965
9282,0.046182326
9283,0.022491388
9284,0.053666921
9285,0.05934521
9286,0.104658013
9287,0.046589257
9288,0.490270114
9289,0.122665268
9290,0.031550178
9291,0.011000896
9292,0.09559185
9293,0.051396977
9294,0.062711886
9295,0.02346084
9296,0.013909438
9297,0.080440015
9298,0.009718058
9299,0.020620526
9300,0.020441568
9301,0.078402367
9302,0.047235955
9303,0.071956147
9304,0.072847699
9305,0.104821188
9306,0.242903866
9307,0.397394631
9308,0.075828438
9309,0.031201781
9310,0.087899111
9311,0.01754586
9312,0.049747068
9313,0.025280262
9314,0.07732522
9315,0.0617394
9316,0.116261891
9317,0.043771819
9318,0.127118895
9319,0.045062681
9320,0.065960433
9321,0.035315512
9322,0.024433847
9323,0.021740205
9324,0.133518768
9325,0.033305504
9326,0.055848192
9327,0.011166058
9328,0.024532649
9329,0.035183827
9330,0.059647608
9331,0.067372268
9332,0.24119155
9333,0.097021243
9334,0.155444229
9335,0.111439914
9336,0.116433198
9337,0.011742235
9338,0.090720539
9339,0.010797638
9340,0.050983836
9341,0.052765924
9342,0.078180377
9343,0.037558709
9344,0.025146099
9345,0.058835812
9346,0.054554587
9347,0.053574824
9348,0.080844486
9349,0.032000512
9350,0.059919889
9351,0.023325423
9352,0.031654896
9353,0.023610438
9354,0.058675463
9355,0.017764987
9356,0.042988893
9357,0.10121191
9358,0.068535737
9359,0.14151157
9360,0.499905785
9361,0.095754213
9362,0.118596403
9363,0.068731228
9364,0.074705549
9365,0.088021167
9366,0.082492261
9367,0.054299458
9368,0.010680794
9369,0.02259447
9370,0.283438482
9371,0.078677188
9372,0.088409841
9373,0.064248558
9374,0.083197819
9375,0.01933708
9376,0.027716818
9377,0.02823343
9378,0.053214536
9379,0.170137326
9380,0.058471138
9381,0.040289991
9382,0.090930478
9383,0.488936652
9384,0.07378812
9385,0.019251485
9386,0.266038696
9387,0.059867087
9388,0.260455769
9389,0.275862662
9390,0.061150503
9391,0.020470454
9392,0.049803872
9393,0.092643834
9394,0.158669715
9395,0.052088425
9396,0.253235429
9397,0.07845894
9398,0.062034083
9399,0.01680358
9400,0.021062341
9401,0.055607794
9402,0.058094488
9403,0.018649382
9404,0.104577398
9405,0.136539624
9406,0.137309312
9407,0.083444178
9408,0.034110991
9409,0.118332749
9410,0.252742702
9411,0.262951144
9412,0.057926615
9413,0.008128133
9414,0.050902709
9415,0.023235008
9416,0.011543433
9417,0.056495774
9418,0.563368267
9419,0.057299154
9420,0.052397826
9421,0.427223362
9422,0.151607929
9423,0.015698464
9424,0.019992349
9425,0.009289301
9426,0.014065345
9427,0.043697161
9428,0.060124973
9429,0.139689532
9430,0.24721931
9431,0.108373205
9432,0.0863874
9433,0.246904858
9434,0.243510828
9435,0.14865755
9436,0.258079122
9437,0.397502053
9438,0.097028386
9439,0.022190788
9440,0.038106566
9441,0.097178795
9442,0.052678262
9443,0.283755197
9444,0.891392808
9445,0.004205796
9446,0.069220643
9447,0.407088292
9448,0.017381335
9449,0.055218172
9450,0.268235397
9451,0.015012167
9452,0.044969801
9453,0.068061221
9454,0.023320586
9455,0.056810603
9456,0.005718117
9457,0.300607853
9458,0.065707573
9459,0.092053605
9460,0.259847338
9461,0.126533581
9462,0.253756903
9463,0.403672865
9464,0.265780464
9465,0.027590938
9466,0.153155075
9467,0.245003389
9468,0.243314226
9469,0.788881202
9470,0.453093651
9471,0.282120562
9472,0.025714915
9473,0.135077131
9474,0.015946403
9475,0.089260837
9476,0.03086116
9477,0.023885066
9478,0.012902865
9479,0.009417405
9480,0.06016865
9481,0.007562322
9482,0.01355101
9483,0.02639932
9484,0.059032497
9485,0.090450181
9486,0.078858938
9487,0.11008836
9488,0.088070735
9489,0.156667849
9490,0.249317719
9491,0.02230943
9492,0.103813184
9493,0.257596864
9494,0.023787529
9495,0.066737846
9496,0.979811238
9497,0.914811599
9498,0.515282624
9499,0.00396988
9500,0.028835167
9501,0.019569366
9502,0.070502215
9503,0.444568641
9504,0.077395888
9505,0.017821938
9506,0.076040884
9507,0.011947795
9508,0.054676485
9509,0.071321483
9510,0.048984112
9511,0.012887378
9512,0.414205279
9513,0.021358023
9514,0.049109038
9515,0.104946915
9516,0.10707532
9517,0.056910939
9518,0.050563694
9519,0.2423441
9520,0.244608433
9521,0.429650364
9522,0.111637961
9523,0.121962731
9524,0.991991624
9525,0.822113321
9526,0.482825246
9527,0.022924937
9528,0.10417179
9529,0.018520357
9530,0.008291745
9531,0.296656842
9532,0.091129516
9533,0.261253257
9534,0.054872418
9535,0.086537124
9536,0.020172653
9537,0.086837394
9538,0.087158215
9539,0.131490269
9540,0.143903682
9541,0.523661114
9542,0.261313076
9543,0.138393133
9544,0.128927935
9545,0.087603959
9546,0.078292617
9547,0.129074787
9548,0.052951554
9549,0.033403061
9550,0.027308801
9551,0.139290176
9552,0.243250663
9553,0.058592765
9554,0.114469852
9555,0.028326277
9556,0.879276054
9557,0.986945544
9558,0.990898295
9559,0.097701323
9560,0.044031164
9561,0.243069827
9562,0.013335904
9563,0.284448996
9564,0.02764398
9565,0.016395731
9566,0.018186885
9567,0.018919709
9568,0.077009716
9569,0.092886764
9570,0.055006171
9571,0.419816973
9572,0.5605622
9573,0.073142476
9574,0.09753935
9575,0.082448751
9576,0.153132745
9577,0.058706812
9578,0.431559911
9579,0.104989538
9580,0.023277229
9581,0.093966314
9582,0.101900211
9583,0.084902855
9584,0.0598529
9585,0.026342325
9586,0.423574696
9587,0.406534457
9588,0.262532917
9589,0.071462308
9590,0.024212592
9591,0.102949618
9592,0.067994265
9593,0.271092961
9594,0.04013217
9595,0.046651248
9596,0.050521844
9597,0.018329892
9598,0.02452238
9599,0.062630049
9600,0.053239898
9601,0.424715118
9602,0.797862972
9603,0.399580971
9604,0.268888272
9605,0.123329034
9606,0.167238832
9607,0.250532855
9608,0.522640991
9609,0.08238815
9610,0.022230525
9611,0.041799029
9612,0.029523135
9613,0.246434256
9614,0.15923595
9615,0.113686998
9616,0.281815696
9617,0.188430744
9618,0.255356578
9619,0.992174045
9620,0.121405353
9621,0.247682318
9622,0.260069716
9623,0.03042023
9624,0.06055998
9625,0.446584909
9626,0.068262407
9627,0.042715239
9628,0.043244917
9629,0.059021979
9630,0.239194616
9631,0.399164928
9632,0.275634762
9633,0.450238313
9634,0.403963809
9635,0.134204193
9636,0.245048648
9637,0.411852122
9638,0.013596928
9639,0.025939492
9640,0.255518024
9641,0.077874195
9642,0.05205355
9643,0.414871181
9644,0.26990793
9645,0.054095885
9646,0.550219601
9647,0.397732284
9648,0.007016998
9649,0.085351555
9650,0.10341711
9651,0.09527617
9652,0.054989065
9653,0.010205392
9654,0.018110605
9655,0.031364477
9656,0.057402647
9657,0.10100676
9658,0.079763719
9659,0.135045254
9660,0.392395915
9661,0.764565631
9662,0.423259474
9663,0.405528297
9664,0.604528327
9665,0.100400539
9666,0.01972261
9667,0.063811794
9668,0.070233318
9669,0.2454362
9670,0.256085231
9671,0.054668677
9672,0.022617027
9673,0.07459248
9674,0.242708238
9675,0.021489484
9676,0.002993607
9677,0.054749036
9678,0.112359871
9679,0.025251602
9680,0.018563352
9681,0.041466894
9682,0.027446908
9683,0.008938039
9684,0.032671988
9685,0.08726067
9686,0.056393834
9687,0.071990475
9688,0.261713978
9689,0.262788161
9690,0.428613968
9691,0.836271386
9692,0.662643872
9693,0.395264648
9694,0.118347925
9695,0.05414978
9696,0.022852058
9697,0.056409952
9698,0.110652564
9699,0.023384574
9700,0.025805666
9701,0.633476477
9702,0.041559526
9703,0.017661998
9704,0.251907598
9705,0.047444479
9706,0.26651047
9707,0.059615662
9708,0.020974529
9709,0.059636903
9710,0.012920703
9711,0.021474491
9712,0.029472898
9713,0.076313711
9714,0.108299169
9715,0.577889505
9716,0.404263622
9717,0.241571686
9718,0.771246751
9719,0.395314814
9720,0.486465241
9721,0.134571364
9722,0.038345397
9723,0.045132958
9724,0.053463404
9725,0.051938185
9726,0.018086269
9727,0.037496263
9728,0.070458553
9729,0.417125436
9730,0.244836237
9731,0.391654326
9732,0.037601217
9733,0.089720214
9734,0.114869742
9735,0.123911439
9736,0.15505935
9737,0.049104686
9738,0.028537658
9739,0.042607599
9740,0.139940357
9741,0.575732964
9742,0.433638404
9743,0.580501942
9744,0.249863796
9745,0.423884275
9746,0.165647212
9747,0.073210562
9748,0.04679958
9749,0.026871678
9750,0.011591237
9751,0.020542758
9752,0.059568275
9753,0.038329437
9754,0.124879934
9755,0.10627697
9756,0.08241752
9757,0.264505019
9758,0.02838511
9759,0.063267879
9760,0.012692374
9761,0.254718463
9762,0.060815295
9763,0.008526752
9764,0.013599463
9765,0.118638753
9766,0.134892911
9767,0.044162523
9768,0.00419081
9769,0.241614231
9770,0.256379269
9771,0.082813031
9772,0.095287786
9773,0.085437903
9774,0.076384071
9775,0.060104884
9776,0.134782208
9777,0.115670451
9778,0.054211016
9779,0.014830298
9780,0.24244397
9781,0.011165694
9782,0.01245254
9783,0.018087625
9784,0.084799891
9785,0.040245087
9786,0.038311576
9787,0.129130706
9788,0.044927695
9789,0.06359405
9790,0.006895175
9791,0.067944363
9792,0.260263695
9793,0.414125507
9794,0.563072946
9795,0.09967026
9796,0.009704843
9797,0.017758378
9798,0.022100088
9799,0.023860324
9800,0.062996971
9801,0.019108577
9802,0.06687524
9803,0.143489343
9804,0.016444474
9805,0.041101162
9806,0.022461854
9807,0.033470785
9808,0.020576029
9809,0.011963075
9810,0.028368563
9811,0.060967602
9812,0.084718968
9813,0.402481329
9814,0.015963198
9815,0.01735567
9816,0.051222358
9817,0.060904604
9818,0.090023405
9819,0.270257917
9820,0.075395067
9821,0.016149047
9822,0.243611099
9823,0.030118141
9824,0.074504617
9825,0.127857701
9826,0.061134126
9827,0.009527011
9828,0.022648232
9829,0.009411711
9830,0.165118201
9831,0.020270701
9832,0.038706214
9833,0.121908729
9834,0.067059069
9835,0.052666739
9836,0.019889579
9837,0.029521733
9838,0.073921254
9839,0.407298603
9840,0.039268232
9841,0.003541405
9842,0.021755142
9843,0.057237714
9844,0.074798994
9845,0.251955512
9846,0.079470468
9847,0.256110955
9848,0.083923793
9849,0.032088856
9850,0.054273012
9851,0.045343756
9852,0.033783657
9853,0.260861912
9854,0.02144983
9855,0.141409375
9856,0.020239604
9857,0.087279224
9858,0.042362694
9859,0.012089478
9860,0.017903607
9861,0.413621189
9862,0.527251614
9863,0.242511682
9864,0.07520524
9865,0.01111144
9866,0.077839041
9867,0.053626364
9868,0.045471425
9869,0.105565421
9870,0.077598972
9871,0.082953093
9872,0.929724551
9873,0.019654114
9874,0.069373476
9875,0.073452615
9876,0.068523372
9877,0.018810537
9878,0.043995057
9879,0.129696834
9880,0.296273652
9881,0.072846842
9882,0.243123941
9883,0.028868395
9884,0.055432818
9885,0.013201928
9886,0.03131234
9887,0.089350251
9888,0.02737399
9889,0.024027374
9890,0.058371092
9891,0.04693066
9892,0.022061151
9893,0.05818378
9894,0.018763972
9895,0.144113025
9896,0.027816451
9897,0.043811119
9898,0.014345721
9899,0.034542071
9900,0.083017608
9901,0.09313528
9902,0.05085128
9903,0.543197739
9904,0.066043629
9905,0.107203909
9906,0.046115906
9907,0.048339879
9908,0.053300171
9909,0.018693334
9910,0.438199483
9911,0.032527298
9912,0.004656965
9913,0.003423395
9914,0.055393847
9915,0.135199348
9916,0.022308951
9917,0.012340926
9918,0.103279772
9919,0.054203783
9920,0.033780664
9921,0.049608393
9922,0.39619292
9923,0.029631825
9924,0.026307638
9925,0.02159867
9926,0.012976924
9927,0.05708257
9928,0.040859411
9929,0.005213978
9930,0.250667016
9931,0.085448208
9932,0.013559882
9933,0.022629476
9934,0.013106393
9935,0.069506288
9936,0.140774257
9937,0.083726279
9938,0.068483958
9939,0.066146799
9940,0.026765994
9941,0.058812069
9942,0.075091616
9943,0.261990095
9944,0.125928933
9945,0.011199123
9946,0.034034802
9947,0.014869855
9948,0.018824553
9949,0.011767894
9950,0.021411182
9951,0.006478152
9952,0.01233313
9953,0.013991339
9954,0.012180777
9955,0.02315522
9956,0.051722014
9957,0.050876233
9958,0.11436933
9959,0.016406468
9960,0.011688145
9961,0.26648285
9962,0.17129868
9963,0.009028781
9964,0.009577688
9965,0.024110941
9966,0.024055969
9967,0.011090893
9968,0.010993057
9969,0.02074383
9970,0.020432485
9971,0.016629233
9972,0.032147967
9973,0.014253261
9974,0.010350693
9975,0.007880771
9976,0.021621229
9977,0.043772332
9978,0.062414406
9979,0.015659779
9980,0.011358451
9981,0.12087841
9982,0.031163295
9983,0.04413343
9984,0.030741235
9985,0.013419869
9986,0.08041756
9987,0.012188175
9988,0.012326125
9989,0.165182026
9990,0.053274181
9991,0.078631172
9992,0.070153468
9993,0.024857283
9994,0.081587118
9995,0.022217648
9996,0.011154459
9997,0.005833862
9998,0.090888087
9999,0.078247686
10000,0.005449121
10001,0.130286964
10002,0.018793503
10003,0.024455415
10004,0.033392829
10005,0.031670275
10006,0.026260822
10007,0.012597009
10008,0.012034009
10009,0.011406088
10010,0.029528142
10011,0.009227549
10012,0.010609569
10013,0.050286921
10014,0.063178005
10015,0.036320309
10016,0.15515448
10017,0.021446795
10018,0.026357725
10019,0.003166909
10020,0.010532517
10021,0.019852884
10022,0.055275244
10023,0.021266762
10024,0.015464685
10025,0.030096682
10026,0.016457668
10027,0.011426379
10028,0.026534958
10029,0.146463085
10030,0.140774313
10031,0.086405638
10032,0.024026291
10033,0.051324265
10034,0.036527441
10035,0.2493714
10036,0.06403071
10037,0.032659068
10038,0.042704137
10039,0.039835055
10040,0.050498076
10041,0.102195558
10042,0.036499726
10043,0.042656062
10044,0.0323046
10045,0.121679504
10046,0.083145891
10047,0.058724087
10048,0.430735505
10049,0.449144792
10050,0.029123165
10051,0.018467229
10052,0.038212724
10053,0.013317331
10054,0.285604397
10055,0.077509193
10056,0.291087795
10057,0.094462288
10058,0.25405928
10059,0.064186526
10060,0.027278689
10061,0.075595735
10062,0.038350357
10063,0.011610344
10064,0.122806745
10065,0.034777897
10066,0.586188133
10067,0.260910857
10068,0.047318481
10069,0.059086887
10070,0.263309877
10071,0.052606554
10072,0.006902133
10073,0.059986119
10074,0.037972932
10075,0.014253121
10076,0.048488314
10077,0.116463035
10078,0.25526953
10079,0.53690487
10080,0.550371607
10081,0.085652103
10082,0.130974118
10083,0.259983438
10084,0.009451213
10085,0.022425765
10086,0.074209974
10087,0.058464083
10088,0.010154225
10089,0.092888777
10090,0.414281518
10091,0.129559669
10092,0.279318864
10093,0.559573125
10094,0.121653082
10095,0.027765766
10096,0.550448995
10097,0.06918049
10098,0.296252399
10099,0.057578214
10100,0.062802385
10101,0.033135518
10102,0.064748734
10103,0.022056867
10104,0.242704482
10105,0.105208313
10106,0.077114375
10107,0.032852228
10108,0.238581952
10109,0.284248551
10110,0.064303818
10111,0.031033427
10112,0.073466023
10113,0.048749933
10114,0.080685254
10115,0.031366648
10116,0.042329631
10117,0.053186107
10118,0.096505303
10119,0.029666203
10120,0.070198647
10121,0.156359343
10122,0.074485871
10123,0.282963124
10124,0.025772789
10125,0.064465468
10126,0.049448273
10127,0.019031011
10128,0.017483276
10129,0.018256536
10130,0.015507486
10131,0.479077319
10132,0.104674843
10133,0.069425144
10134,0.405421374
10135,0.304504995
10136,0.082029426
10137,0.049389249
10138,0.013799368
10139,0.023279328
10140,0.027483857
10141,0.006258101
10142,0.042894433
10143,0.004749175
10144,0.009762958
10145,0.085890032
10146,0.070316599
10147,0.096306099
10148,0.28004695
10149,0.463005143
10150,0.019302403
10151,0.043117915
10152,0.065881439
10153,0.011014432
10154,0.010326579
10155,0.030376821
10156,0.031775467
10157,0.05409275
10158,0.28563081
10159,0.02333801
10160,0.057232527
10161,0.04288246
10162,0.026359264
10163,0.136543668
10164,0.539655643
10165,0.068926199
10166,0.069438339
10167,0.030345685
10168,0.028441179
10169,0.039347096
10170,0.071724215
10171,0.011351528
10172,0.025360317
10173,0.010107034
10174,0.127325591
10175,0.164176547
10176,0.095786738
10177,0.083328664
10178,0.071708401
10179,0.028219097
10180,0.032708129
10181,0.031525705
10182,0.036063005
10183,0.090799172
10184,0.058814622
10185,0.240025404
10186,0.025183654
10187,0.042503866
10188,0.029613444
10189,0.017181691
10190,0.017355962
10191,0.026579497
10192,0.048906902
10193,0.007616605
10194,0.119626686
10195,0.026766467
10196,0.084216371
10197,0.288297266
10198,0.275083567
10199,0.055307628
10200,0.050174395
10201,0.039363288
10202,0.100917526
10203,0.053997512
10204,0.019444145
10205,0.026440364
10206,0.166919999
10207,0.028645778
10208,0.022385624
10209,0.028752469
10210,0.074831717
10211,0.070717807
10212,0.238213727
10213,0.236622471
10214,0.237242419
10215,0.074354833
10216,0.042841402
10217,0.021012322
10218,0.055169835
10219,0.060778889
10220,0.102448927
10221,0.054807088
10222,0.568904384
10223,0.107643256
10224,0.029912258
10225,0.084562161
10226,0.045798245
10227,0.054848696
10228,0.010600115
10229,0.078787959
10230,0.027097711
10231,0.013969656
10232,0.024090163
10233,0.02490707
10234,0.085507517
10235,0.043635374
10236,0.072544271
10237,0.072735669
10238,0.105953474
10239,0.426799227
10240,0.402724024
10241,0.070305085
10242,0.026313267
10243,0.08400365
10244,0.019720179
10245,0.046074329
10246,0.00744378
10247,0.010274812
10248,0.079930009
10249,0.059538242
10250,0.123672488
10251,0.050914803
10252,0.115084437
10253,0.060645096
10254,0.060496065
10255,0.038632311
10256,0.027725748
10257,0.026981194
10258,0.131006225
10259,0.009670943
10260,0.032071497
10261,0.04883598
10262,0.007480709
10263,0.010811054
10264,0.040284659
10265,0.064296108
10266,0.067493223
10267,0.125297195
10268,0.092270723
10269,0.161333528
10270,0.123707075
10271,0.139039476
10272,0.017400401
10273,0.084083488
10274,0.009893157
10275,0.052406512
10276,0.012379394
10277,0.044993337
10278,0.088278299
10279,0.031064556
10280,0.029513534
10281,0.049744983
10282,0.042778885
10283,0.013293931
10284,0.047085654
10285,0.090046447
10286,0.033193631
10287,0.062844104
10288,0.006775559
10289,0.020426468
10290,0.030082123
10291,0.062927625
10292,0.011158866
10293,0.047938107
10294,0.104125545
10295,0.073038684
10296,0.136258639
10297,0.532704311
10298,0.10981106
10299,0.100131148
10300,0.076084391
10301,0.078827898
10302,0.084935569
10303,0.081473364
10304,0.062080392
10305,0.024477087
10306,0.396330936
10307,0.079657796
10308,0.09145578
10309,0.068743303
10310,0.084340502
10311,0.022045719
10312,0.025046687
10313,0.010070765
10314,0.026832725
10315,0.049558678
10316,0.299220579
10317,0.069912686
10318,0.052121365
10319,0.10141077
10320,0.612593213
10321,0.081376484
10322,0.018511447
10323,0.123569009
10324,0.065695226
10325,0.254780621
10326,0.289978852
10327,0.069562254
10328,0.024387636
10329,0.053808512
10330,0.106078503
10331,0.245988831
10332,0.053110902
10333,0.171401326
10334,0.086428386
10335,0.051021397
10336,0.010866728
10337,0.016233946
10338,0.023788719
10339,0.054855836
10340,0.065467823
10341,0.01838098
10342,0.107671548
10343,0.151007661
10344,0.132871173
10345,0.087614673
10346,0.037212591
10347,0.106720906
10348,0.263538674
10349,0.268766989
10350,0.060290245
10351,0.011729725
10352,0.056077082
10353,0.025267474
10354,0.011188818
10355,0.07372833
10356,0.520969959
10357,0.054637896
10358,0.061823434
10359,0.425105625
10360,0.258842807
10361,0.022742452
10362,0.010588101
10363,0.044198233
10364,0.05076826
10365,0.150876593
10366,0.247922621
10367,0.102854971
10368,0.068015586
10369,0.247805075
10370,0.130805374
10371,0.143790165
10372,0.26644453
10373,0.399093705
10374,0.096573234
10375,0.008036893
10376,0.020641852
10377,0.054517345
10378,0.090518991
10379,0.052191286
10380,0.178143086
10381,0.897163009
10382,0.006482838
10383,0.065737357
10384,0.401550102
10385,0.015492399
10386,0.056560446
10387,0.274747477
10388,0.019106275
10389,0.018188329
10390,0.056063944
10391,0.074542519
10392,0.021276353
10393,0.050097451
10394,0.397817662
10395,0.075659951
10396,0.093455402
10397,0.264559159
10398,0.119147273
10399,0.271877258
10400,0.400174319
10401,0.284461039
10402,0.03032288
10403,0.427692949
10404,0.238525236
10405,0.238183981
10406,0.764674987
10407,0.283585437
10408,0.405451557
10409,0.01865554
10410,0.135405317
10411,0.024243265
10412,0.073758113
10413,0.022938893
10414,0.021358239
10415,0.009227913
10416,0.057318306
10417,0.006839639
10418,0.011236256
10419,0.028298531
10420,0.067493846
10421,0.079329493
10422,0.074009312
10423,0.102779004
10424,0.088019581
10425,0.235911564
10426,0.105193233
10427,0.026936476
10428,0.087755356
10429,0.268151347
10430,0.026511255
10431,0.063328176
10432,0.98369443
10433,0.840460823
10434,0.513135456
10435,0.007465182
10436,0.027207182
10437,0.019677889
10438,0.053018724
10439,0.438338442
10440,0.083119842
10441,0.056926164
10442,0.011952813
10443,0.053603819
10444,0.084019537
10445,0.060701806
10446,0.011688511
10447,0.392071151
10448,0.025306153
10449,0.049844252
10450,0.106152501
10451,0.097435916
10452,0.051963084
10453,0.062348282
10454,0.240199755
10455,0.240998575
10456,0.005752899
10457,0.030973441
10458,0.437234616
10459,0.101730919
10460,0.112221058
10461,0.970157139
10462,0.817685064
10463,0.563499416
10464,0.020552647
10465,0.089253018
10466,0.026908593
10467,0.194090984
10468,0.089321635
10469,0.261712606
10470,0.047221085
10471,0.076168326
10472,0.020456328
10473,0.088837612
10474,0.095053325
10475,0.155355259
10476,0.140519453
10477,0.578702822
10478,0.408281718
10479,0.258707372
10480,0.137563332
10481,0.087957866
10482,0.062170127
10483,0.106234292
10484,0.051740877
10485,0.033060346
10486,0.133052586
10487,0.238777982
10488,0.084534683
10489,0.097455971
10490,0.029628474
10491,0.881277439
10492,0.987558566
10493,0.983375715
10494,0.133049508
10495,0.05135775
10496,0.238119876
10497,0.293431939
10498,0.029231925
10499,0.016420476
10500,0.019637022
10501,0.065640521
10502,0.091286909
10503,0.051653594
10504,0.393375453
10505,0.738100458
10506,0.079668858
10507,0.111436544
10508,0.081381149
10509,0.162389738
10510,0.071516122
10511,0.443759503
10512,0.115746776
10513,0.028009701
10514,0.094010484
10515,0.098152011
10516,0.092166324
10517,0.057545243
10518,0.022956246
10519,0.421580549
10520,0.401657639
10521,0.251217442
10522,0.07533205
10523,0.023386924
10524,0.090017389
10525,0.063629577
10526,0.387687324
10527,0.029372376
10528,0.050876341
10529,0.045451749
10530,0.016222036
10531,0.068055487
10532,0.048238336
10533,0.426392853
10534,0.77825218
10535,0.397850987
10536,0.277613319
10537,0.115850652
10538,0.265356283
10539,0.1503621
10540,0.52906043
10541,0.082703277
10542,0.023733833
10543,0.041518054
10544,0.03688102
10545,0.125885359
10546,0.159972174
10547,0.116475379
10548,0.294541363
10549,0.397560496
10550,0.24440125
10551,0.978548087
10552,0.237692986
10553,0.236916557
10554,0.251775096
10555,0.056233391
10556,0.290322094
10557,0.077640035
10558,0.035137964
10559,0.045215257
10560,0.046032215
10561,0.243431053
10562,0.388539733
10563,0.397345739
10564,0.440962418
10565,0.399323053
10566,0.143327174
10567,0.239666489
10568,0.275661536
10569,0.011950671
10570,0.161143122
10571,0.077823681
10572,0.044677506
10573,0.41589397
10574,0.17632706
10575,0.056505566
10576,0.535492764
10577,0.402078044
10578,0.00678319
10579,0.075268787
10580,0.086326655
10581,0.082297256
10582,0.010388592
10583,0.030961454
10584,0.060053614
10585,0.083971067
10586,0.083001304
10587,0.23610964
10588,0.393600901
10589,0.769842079
10590,0.401407616
10591,0.405733635
10592,0.626779587
10593,0.091929238
10594,0.024542922
10595,0.052504678
10596,0.070862348
10597,0.120802691
10598,0.251976382
10599,0.067691545
10600,0.02115777
10601,0.088468351
10602,0.119350863
10603,0.021104846
10604,0.052207029
10605,0.100622941
10606,0.027219201
10607,0.014937028
10608,0.046847055
10609,0.022134407
10610,0.007855305
10611,0.030019456
10612,0.087753791
10613,0.057452183
10614,0.077398908
10615,0.421632574
10616,0.265883485
10617,0.43669809
10618,0.837434942
10619,0.6686028
10620,0.382040016
10621,0.116401291
10622,0.008526532
10623,0.026880955
10624,0.054739277
10625,0.10180865
10626,0.019784134
10627,0.010890139
10628,0.023283183
10629,0.707106846
10630,0.051211835
10631,0.017325051
10632,0.24422997
10633,0.055130548
10634,0.096704735
10635,0.053611358
10636,0.068262897
10637,0.015936651
10638,0.053989093
10639,0.009871048
10640,0.015126701
10641,0.023435788
10642,0.084160232
10643,0.114176591
10644,0.553841578
10645,0.4035511
10646,0.135964121
10647,0.845035893
10648,0.392745537
10649,0.50920718
10650,0.241063217
10651,0.047622228
10652,0.031459943
10653,0.03910895
10654,0.057068111
10655,0.043877932
10656,0.035349841
10657,0.07701955
10658,0.407662016
10659,0.094974242
10660,0.409538045
10661,0.26132642
10662,0.095058402
10663,0.105841849
10664,0.119499924
10665,0.150970572
10666,0.056047378
10667,0.025824927
10668,0.046982203
10669,0.122036652
10670,0.70128208
10671,0.418688295
10672,0.541986703
10673,0.437387728
10674,0.276216038
10675,0.177285699
10676,0.075574349
10677,0.048185746
10678,0.022745301
10679,0.055753634
10680,0.039824588
10681,0.121405833
10682,0.119020533
10683,0.076379575
10684,0.394307835
10685,0.025003927
10686,0.063400707
10687,0.011001485
10688,0.266295372
10689,0.065013611
10690,0.100967433
10691,0.13489052
10692,0.045941842
10693,0.260083047
10694,0.255720546
10695,0.08061772
10696,0.109791369
10697,0.028881925
10698,0.082744855
10699,0.079794389
10700,0.048756419
10701,0.143404601
10702,0.103957244
10703,0.049900186
10704,0.009163996
10705,0.262614278
10706,0.012061357
10707,0.014161185
10708,0.015508437
10709,0.089398426
10710,0.008513576
10711,0.053861952
10712,0.039478806
10713,0.136820106
10714,0.037989735
10715,0.068886854
10716,0.00737282
10717,0.065074697
10718,0.164392548
10719,0.395518018
10720,0.496807872
10721,0.096214132
10722,0.009946783
10723,0.014882642
10724,0.028788029
10725,0.029210583
10726,0.055138323
10727,0.017857138
10728,0.074814385
10729,0.134755158
10730,0.014017383
10731,0.02995792
10732,0.014052623
10733,0.027748865
10734,0.024349159
10735,0.037051992
10736,0.069461876
10737,0.088613965
10738,0.398252027
10739,0.013546259
10740,0.016801695
10741,0.265118694
10742,0.068820017
10743,0.101204746
10744,0.398831976
10745,0.096169951
10746,0.012565525
10747,0.116292609
10748,0.024648196
10749,0.015613761
10750,0.052898762
10751,0.134459858
10752,0.065206507
10753,0.011729041
10754,0.014010987
10755,0.020245249
10756,0.009713585
10757,0.164818362
10758,0.018047669
10759,0.025161445
10760,0.131983986
10761,0.071532203
10762,0.046548613
10763,0.022285903
10764,0.031122343
10765,0.073558066
10766,0.294555711
10767,0.03639006
10768,0.003456804
10769,0.020941664
10770,0.022693689
10771,0.048820928
10772,0.065577181
10773,0.264264115
10774,0.076055874
10775,0.253960835
10776,0.091214382
10777,0.026471956
10778,0.060655906
10779,0.051450855
10780,0.034292025
10781,0.38661928
10782,0.143041046
10783,0.02503596
10784,0.087372465
10785,0.054945476
10786,0.01054416
10787,0.012377568
10788,0.392341302
10789,0.539604779
10790,0.237925954
10791,0.067844405
10792,0.075031346
10793,0.049827121
10794,0.043485786
10795,0.081931533
10796,0.089499645
10797,0.064678592
10798,0.925317529
10799,0.022411335
10800,0.077998487
10801,0.075657483
10802,0.082210645
10803,0.018510583
10804,0.040011464
10805,0.155937677
10806,0.544982016
10807,0.073388984
10808,0.135429129
10809,0.025428858
10810,0.064017899
10811,0.024080041
10812,0.084300817
10813,0.024012567
10814,0.018619557
10815,0.057746651
10816,0.046446269
10817,0.058696272
10818,0.019622688
10819,0.11442895
10820,0.031859111
10821,0.039064177
10822,0.013871857
10823,0.038047564
10824,0.074461932
10825,0.081279656
10826,0.032465245
10827,0.021347805
10828,0.05688212
10829,0.610919367
10830,0.078028573
10831,0.088587316
10832,0.058299353
10833,0.047629075
10834,0.056046399
10835,0.063762007
10836,0.017323644
10837,0.019803165
10838,0.416333064
10839,0.032335749
10840,0.004222631
10841,0.057655982
10842,0.11937583
10843,0.110608295
10844,0.052997678
10845,0.029145072
10846,0.050591272
10847,0.399716191
10848,0.018444754
10849,0.029075545
10850,0.015634821
10851,0.057322589
10852,0.038714768
10853,0.004593941
10854,0.168829235
10855,0.083578745
10856,0.004589768
10857,0.013063161
10858,0.07336832
10859,0.128062182
10860,0.100477452
10861,0.081123047
10862,0.07639326
10863,0.026360098
10864,0.048178577
10865,0.074627275
10866,0.170428776
10867,0.1260172
10868,0.008866014
10869,0.009006263
10870,0.012128607
10871,0.00920656
10872,0.01717674
10873,0.011996404
10874,0.028410724
10875,0.008538762
10876,0.01158992
10877,0.017301814
10878,0.013915456
10879,0.008557859
10880,0.020531915
10881,0.052111112
10882,0.052999517
10883,0.113202993
10884,0.005800132
10885,0.016318182
10886,0.126837504
10887,0.266273913
10888,0.032455373
10889,0.011632021
10890,0.022684825
10891,0.008800428
10892,0.012374553
10893,0.015479475
10894,0.02388709
10895,0.007146344
10896,0.017792221
10897,0.024014863
10898,0.010621186
10899,0.011100253
10900,0.00628806
10901,0.072983664
10902,0.028717354
10903,0.047981295
10904,0.055630065
10905,0.010348065
10906,0.121156277
10907,0.029748642
10908,0.056167513
10909,0.008040287
10910,0.004243193
10911,0.030736674
10912,0.012555874
10913,0.081842171
10914,0.013886577
10915,0.004331032
10916,0.008259658
10917,0.009450538
10918,0.0140003
10919,0.277909821
10920,0.05968804
10921,0.071339076
10922,0.071772772
10923,0.02265832
10924,0.003560135
10925,0.007421191
10926,0.098723579
10927,0.028555715
10928,0.008943508
10929,0.092675039
10930,0.014141625
10931,0.089017082
10932,0.007467361
10933,0.238357015
10934,0.014177761
10935,0.026800968
10936,0.028533385
10937,0.024939992
10938,0.008379132
10939,0.011338158
10940,0.008866423
10941,0.007957066
10942,0.01325838
10943,0.032561633
10944,0.010160383
10945,0.053652724
10946,0.062949105
10947,0.033251044
10948,0.280265907
10949,0.022684301
10950,0.028187897
10951,0.004673389
10952,0.010025145
10953,0.01431591
10954,0.055208459
10955,0.021872582
10956,0.022976935
10957,0.01919045
10958,0.012544316
10959,0.008763025
10960,0.014803457
10961,0.02888025
10962,0.144636292
10963,0.150360381
10964,0.090797535
10965,0.032075352
10966,0.062403303
10967,0.053463524
10968,0.062575897
10969,0.032853072
10970,0.041673204
10971,0.04176167
10972,0.129493719
10973,0.054128757
10974,0.105503328
10975,0.053396352
10976,0.05230683
10977,0.031139952
10978,0.081321888
10979,0.088514866
10980,0.053318202
10981,0.270981357
10982,0.409464761
10983,0.02516372
10984,0.064233058
10985,0.014622005
10986,0.281988342
10987,0.083258604
10988,0.193847788
10989,0.10375478
10990,0.151657319
10991,0.062701957
10992,0.027635004
10993,0.025749461
10994,0.035542595
10995,0.077971213
10996,0.037795293
10997,0.582935622
10998,0.265914303
10999,0.065568781
11000,0.268491382
11001,0.040136212
11002,0.027178259
11003,0.026631445
11004,0.063142332
11005,0.033746318
11006,0.016379165
11007,0.013491541
11008,0.050931602
11009,0.126059452
11010,0.15894533
11011,0.551388677
11012,0.518032281
11013,0.058995224
11014,0.090753964
11015,0.028548506
11016,0.252544906
11017,0.145486651
11018,0.010989151
11019,0.071420067
11020,0.052156464
11021,0.050046783
11022,0.086633413
11023,0.423770896
11024,0.124670752
11025,0.256998658
11026,0.523807905
11027,0.111270673
11028,0.504813277
11029,0.068946152
11030,0.488164031
11031,0.049282341
11032,0.05362401
11033,0.035561106
11034,0.071637262
11035,0.034938322
11036,0.103128232
11037,0.092499614
11038,0.082885644
11039,0.068579669
11040,0.294110087
11041,0.055065716
11042,0.033753636
11043,0.066981506
11044,0.084850734
11045,0.030533586
11046,0.051027974
11047,0.006440297
11048,0.061207189
11049,0.102722489
11050,0.029109579
11051,0.074517091
11052,0.253727609
11053,0.186193236
11054,0.026912917
11055,0.065682522
11056,0.123513542
11057,0.043439296
11058,0.023073333
11059,0.015651811
11060,0.486773705
11061,0.126090944
11062,0.084712333
11063,0.300539598
11064,0.45588181
11065,0.073469709
11066,0.048715106
11067,0.023357427
11068,0.025834997
11069,0.007352349
11070,0.0481731
11071,0.00719575
11072,0.076586607
11073,0.075663099
11074,0.102420855
11075,0.193415487
11076,0.458740059
11077,0.00703267
11078,0.270603632
11079,0.06120475
11080,0.009834146
11081,0.009011463
11082,0.026558848
11083,0.02926723
11084,0.037616386
11085,0.274180695
11086,0.018319409
11087,0.047544548
11088,0.010331073
11089,0.011557701
11090,0.071851603
11091,0.034271344
11092,0.091088215
11093,0.534847642
11094,0.070060122
11095,0.079049574
11096,0.021712887
11097,0.033138567
11098,0.053479915
11099,0.068106018
11100,0.015028434
11101,0.017994375
11102,0.021159453
11103,0.014297913
11104,0.129203721
11105,0.158655844
11106,0.101738654
11107,0.087451136
11108,0.068582883
11109,0.035428449
11110,0.03497561
11111,0.033646217
11112,0.038607683
11113,0.076857502
11114,0.060692858
11115,0.091458579
11116,0.021160937
11117,0.038067984
11118,0.024581558
11119,0.01768194
11120,0.028124541
11121,0.051159834
11122,0.022401114
11123,0.079437986
11124,0.185962197
11125,0.271265499
11126,0.056447134
11127,0.062601061
11128,0.059494073
11129,0.102907593
11130,0.055507077
11131,0.014818347
11132,0.067868188
11133,0.026100684
11134,0.257567507
11135,0.028777797
11136,0.020034402
11137,0.029551022
11138,0.086203531
11139,0.080415375
11140,0.25391528
11141,0.270672457
11142,0.254609563
11143,0.058921539
11144,0.061185518
11145,0.02078809
11146,0.048483234
11147,0.046483093
11148,0.013085284
11149,0.093319125
11150,0.060450222
11151,0.561698528
11152,0.105062344
11153,0.029346338
11154,0.012421614
11155,0.102094856
11156,0.060977385
11157,0.051379581
11158,0.025709407
11159,0.009383133
11160,0.072971163
11161,0.007932763
11162,0.022688342
11163,0.021287131
11164,0.09982273
11165,0.058614203
11166,0.079207644
11167,0.066253173
11168,0.100200949
11169,0.255394856
11170,0.402221154
11171,0.078765163
11172,0.027284918
11173,0.069422632
11174,0.018357256
11175,0.050799073
11176,0.009951366
11177,0.008305913
11178,0.08411132
11179,0.05447907
11180,0.121583929
11181,0.050814893
11182,0.11813605
11183,0.046401068
11184,0.064420794
11185,0.032706336
11186,0.027006743
11187,0.13992704
11188,0.010690628
11189,0.034139562
11190,0.056990598
11191,0.010878751
11192,0.019737168
11193,0.045204127
11194,0.063767481
11195,0.071239801
11196,0.144082281
11197,0.091869538
11198,0.268503131
11199,0.120943366
11200,0.123258113
11201,0.012161648
11202,0.095241364
11203,0.011432653
11204,0.052879962
11205,0.011933152
11206,0.0496278
11207,0.085936772
11208,0.035068678
11209,0.026427001
11210,0.056396976
11211,0.045037632
11212,0.054800033
11213,0.079432845
11214,0.038431896
11215,0.064548405
11216,0.023802751
11217,0.032196156
11218,0.066691976
11219,0.01550714
11220,0.039325605
11221,0.108767095
11222,0.070093047
11223,0.131170716
11224,0.316975311
11225,0.093012478
11226,0.104222133
11227,0.066422379
11228,0.074827727
11229,0.084235189
11230,0.079957845
11231,0.055943118
11232,0.015082487
11233,0.011996683
11234,0.020157261
11235,0.405401415
11236,0.075022832
11237,0.079620389
11238,0.062196628
11239,0.078150026
11240,0.021912811
11241,0.024335765
11242,0.027575511
11243,0.051218476
11244,0.293954759
11245,0.066634546
11246,0.054627957
11247,0.098472206
11248,0.540768196
11249,0.082766951
11250,0.017913156
11251,0.252198685
11252,0.062542892
11253,0.267470849
11254,0.277789235
11255,0.075656098
11256,0.022997532
11257,0.051498386
11258,0.053165136
11259,0.10009858
11260,0.169988396
11261,0.046720587
11262,0.161342427
11263,0.086763225
11264,0.061898367
11265,0.017188498
11266,0.010756042
11267,0.018376177
11268,0.021776695
11269,0.056448863
11270,0.06779003
11271,0.016048124
11272,0.109748053
11273,0.132309753
11274,0.132718121
11275,0.09178347
11276,0.040091513
11277,0.117660321
11278,0.265082381
11279,0.259658438
11280,0.049482798
11281,0.009310877
11282,0.056434504
11283,0.025389768
11284,0.06442358
11285,0.515860641
11286,0.050407521
11287,0.049243117
11288,0.405779826
11289,0.261704005
11290,0.01375733
11291,0.046579243
11292,0.052575603
11293,0.165704771
11294,0.250071587
11295,0.009127577
11296,0.101891738
11297,0.073318039
11298,0.140727698
11299,0.129281677
11300,0.142180989
11301,0.177897252
11302,0.392173516
11303,0.103761532
11304,0.056182962
11305,0.086446015
11306,0.051132974
11307,0.281109651
11308,0.90714407
11309,0.005894137
11310,0.074164709
11311,0.389585044
11312,0.016159516
11313,0.054038919
11314,0.269111644
11315,0.012783976
11316,0.060069267
11317,0.067991623
11318,0.022072
11319,0.050012894
11320,0.007007797
11321,0.387524775
11322,0.056907564
11323,0.093677351
11324,0.273601094
11325,0.119330323
11326,0.245556917
11327,0.388725355
11328,0.281844684
11329,0.027878176
11330,0.162108961
11331,0.261455006
11332,0.254465767
11333,0.838684885
11334,0.304312252
11335,0.416029369
11336,0.026724766
11337,0.13691267
11338,0.071004143
11339,0.025376393
11340,0.02060324
11341,0.011933657
11342,0.010061303
11343,0.053086182
11344,0.008477331
11345,0.012131604
11346,0.03158578
11347,0.060726506
11348,0.094278294
11349,0.092780032
11350,0.088010466
11351,0.087144512
11352,0.159245383
11353,0.2601504
11354,0.028134974
11355,0.106106992
11356,0.268959579
11357,0.022925837
11358,0.055870999
11359,0.976184017
11360,0.825894733
11361,0.518241699
11362,0.005142066
11363,0.026764789
11364,0.064027528
11365,0.44480855
11366,0.082217572
11367,0.062861694
11368,0.052705692
11369,0.072761412
11370,0.059672452
11371,0.012013533
11372,0.394500287
11373,0.017398358
11374,0.049093892
11375,0.107694208
11376,0.100077599
11377,0.055087072
11378,0.062566288
11379,0.24976255
11380,0.258216941
11381,0.028547416
11382,0.126750145
11383,0.098577307
11384,0.100396301
11385,0.978437178
11386,0.789419238
11387,0.535996326
11388,0.018645135
11389,0.077634179
11390,0.025584406
11391,0.29109058
11392,0.093348636
11393,0.269959759
11394,0.051493298
11395,0.092778498
11396,0.02170622
11397,0.085359531
11398,0.097008779
11399,0.137591122
11400,0.153509172
11401,0.553735186
11402,0.418772039
11403,0.250436283
11404,0.123900609
11405,0.100250506
11406,0.061979477
11407,0.099871482
11408,0.052028215
11409,0.028860829
11410,0.025809575
11411,0.128725675
11412,0.128734592
11413,0.076701667
11414,0.11873453
11415,0.021598766
11416,0.901922442
11417,0.988114835
11418,0.984632468
11419,0.123164994
11420,0.051388623
11421,0.25218723
11422,0.2823325
11423,0.020822218
11424,0.018792976
11425,0.017325688
11426,0.072491
11427,0.079863267
11428,0.0577213
11429,0.393468678
11430,0.736740055
11431,0.078622114
11432,0.10163312
11433,0.087462226
11434,0.149460893
11435,0.053714268
11436,0.408598053
11437,0.108816968
11438,0.022278369
11439,0.07953689
11440,0.104940141
11441,0.090259835
11442,0.062481755
11443,0.023003118
11444,0.298999694
11445,0.388224386
11446,0.143683444
11447,0.069203916
11448,0.029760814
11449,0.085529038
11450,0.070510956
11451,0.278549537
11452,0.038494979
11453,0.051288249
11454,0.051150664
11455,0.019732504
11456,0.020134794
11457,0.064329583
11458,0.051878137
11459,0.405103981
11460,0.810538334
11461,0.401137424
11462,0.179315896
11463,0.120403012
11464,0.115723303
11465,0.142198002
11466,0.52421137
11467,0.081397991
11468,0.029019232
11469,0.051835457
11470,0.034283285
11471,0.114394943
11472,0.161969712
11473,0.110537432
11474,0.513264489
11475,0.387687379
11476,0.251774942
11477,0.966918
11478,0.264773921
11479,0.019776535
11480,0.147452341
11481,0.158688779
11482,0.027520142
11483,0.059093708
11484,0.185796416
11485,0.093740202
11486,0.054863946
11487,0.044599008
11488,0.043831452
11489,0.141846608
11490,0.40875532
11491,0.395598693
11492,0.458907894
11493,0.391754851
11494,0.144839399
11495,0.255178994
11496,0.277307813
11497,0.012725964
11498,0.023496512
11499,0.152417097
11500,0.080178591
11501,0.424862452
11502,0.188400425
11503,0.060959899
11504,0.502081699
11505,0.398554399
11506,0.007600113
11507,0.083841354
11508,0.084871598
11509,0.083132677
11510,0.055156097
11511,0.012208129
11512,0.034108568
11513,0.061926679
11514,0.09456418
11515,0.091369761
11516,0.268200641
11517,0.402005781
11518,0.783219858
11519,0.404605166
11520,0.399746766
11521,0.595353218
11522,0.095268876
11523,0.065148142
11524,0.070396803
11525,0.141651248
11526,0.184111092
11527,0.062710891
11528,0.027922664
11529,0.071815172
11530,0.132640612
11531,0.019933873
11532,0.003696847
11533,0.053973766
11534,0.103271016
11535,0.025170594
11536,0.041572108
11537,0.014158107
11538,0.03155801
11539,0.090419659
11540,0.055646104
11541,0.086801905
11542,0.263306386
11543,0.272067055
11544,0.409386202
11545,0.793475441
11546,0.679821694
11547,0.392639524
11548,0.124613441
11549,0.02337939
11550,0.052809795
11551,0.106289554
11552,0.016662251
11553,0.009592333
11554,0.034429084
11555,0.753228333
11556,0.049936099
11557,0.021174298
11558,0.074259955
11559,0.061757852
11560,0.093708037
11561,0.043123971
11562,0.059513525
11563,0.013529354
11564,0.018401359
11565,0.032828509
11566,0.075985211
11567,0.108531445
11568,0.546457846
11569,0.390944262
11570,0.135592901
11571,0.875656576
11572,0.400685677
11573,0.541219929
11574,0.140646403
11575,0.046041193
11576,0.03702354
11577,0.041559463
11578,0.057777957
11579,0.055314575
11580,0.057882869
11581,0.07135655
11582,0.439525054
11583,0.256320551
11584,0.39131111
11585,0.043003568
11586,0.093748958
11587,0.115051731
11588,0.131014811
11589,0.251794854
11590,0.056044279
11591,0.029170093
11592,0.007755685
11593,0.044215306
11594,0.134616877
11595,0.718950512
11596,0.398011659
11597,0.529326673
11598,0.265228279
11599,0.397703679
11600,0.153347921
11601,0.084170408
11602,0.050215767
11603,0.022125865
11604,0.015445795
11605,0.043513934
11606,0.04434263
11607,0.132652617
11608,0.10536589
11609,0.089793632
11610,0.211481564
11611,0.034430275
11612,0.062917567
11613,0.266798944
11614,0.063866678
11615,0.014884779
11616,0.106582409
11617,0.255693185
11618,0.051624929
11619,0.253184888
11620,0.137176263
11621,0.081645778
11622,0.10537298
11623,0.088463627
11624,0.079358166
11625,0.057706145
11626,0.140228052
11627,0.108620425
11628,0.054368686
11629,0.008535065
11630,0.253266551
11631,0.013338692
11632,0.018938765
11633,0.08689093
11634,0.037483919
11635,0.14120555
11636,0.050395892
11637,0.064260291
11638,0.069643546
11639,0.142647913
11640,0.386552321
11641,0.509807998
11642,0.093854859
11643,0.009659667
11644,0.023827298
11645,0.029125945
11646,0.059833135
11647,0.020526385
11648,0.065279285
11649,0.133658282
11650,0.033341531
11651,0.019878398
11652,0.028401521
11653,0.020015489
11654,0.012249333
11655,0.024435758
11656,0.070830906
11657,0.092719863
11658,0.406525151
11659,0.010491699
11660,0.019803771
11661,0.052516217
11662,0.05949949
11663,0.098852504
11664,0.394048184
11665,0.098674894
11666,0.01575222
11667,0.121126208
11668,0.010864614
11669,0.032992104
11670,0.071209944
11671,0.133875458
11672,0.063713128
11673,0.009920931
11674,0.011911123
11675,0.019859859
11676,0.009460432
11677,0.187384388
11678,0.018769515
11679,0.028837778
11680,0.124263714
11681,0.068888306
11682,0.060258017
11683,0.017258631
11684,0.023802965
11685,0.075493472
11686,0.390064985
11687,0.032377199
11688,0.003919202
11689,0.011037967
11690,0.02628591
11691,0.022607691
11692,0.050845645
11693,0.067881218
11694,0.265216679
11695,0.089366865
11696,0.259305967
11697,0.08459381
11698,0.031656856
11699,0.014830834
11700,0.062194781
11701,0.047552006
11702,0.027016464
11703,0.403205754
11704,0.136545973
11705,0.019095745
11706,0.084321669
11707,0.049236477
11708,0.009550951
11709,0.016037311
11710,0.398685991
11711,0.531378123
11712,0.100336308
11713,0.068465087
11714,0.082420168
11715,0.056030971
11716,0.04691498
11717,0.090104646
11718,0.089710053
11719,0.079738372
11720,0.854088527
11721,0.079794264
11722,0.074926838
11723,0.07962357
11724,0.023965678
11725,0.04024526
11726,0.151021656
11727,0.552208849
11728,0.059667247
11729,0.141664411
11730,0.029428939
11731,0.047477553
11732,0.027270289
11733,0.084131385
11734,0.032452067
11735,0.022975505
11736,0.000972624
11737,0.054285643
11738,0.048726059
11739,0.029087119
11740,0.018886714
11741,0.053375477
11742,0.101757793
11743,0.042030616
11744,0.015453375
11745,0.034287206
11746,0.076443354
11747,0.097768386
11748,0.025713722
11749,0.05187271
11750,0.619645121
11751,0.078309101
11752,0.093313001
11753,0.009206827
11754,0.042699413
11755,0.039766118
11756,0.05516867
11757,0.053748022
11758,0.015514114
11759,0.018729001
11760,0.289781983
11761,0.027941781
11762,0.054877528
11763,0.11006335
11764,0.022924906
11765,0.25019796
11766,0.055910292
11767,0.023905838
11768,0.058275301
11769,0.399577273
11770,0.025274429
11771,0.023417561
11772,0.005509768
11773,0.022725826
11774,0.009173574
11775,0.055618277
11776,0.008012556
11777,0.034966306
11778,0.147962239
11779,0.090984721
11780,0.012252905
11781,0.014384265
11782,0.073030136
11783,0.12526537
11784,0.087931855
11785,0.063733104
11786,0.075286181
11787,0.025881091
11788,0.044927732
11789,0.277896159
11790,0.159071082
11791,0.121398212
11792,0.007151455
11793,0.011439029
11794,0.034280976
11795,0.013612068
11796,0.013857204
11797,0.017561418
11798,0.011946274
11799,0.006153494
11800,0.008172792
11801,0.013483466
11802,0.017083991
11803,0.0114377
11804,0.021904169
11805,0.047479601
11806,0.051913096
11807,0.115354558
11808,0.011098228
11809,0.1485887
11810,0.007120102
11811,0.186785243
11812,0.010879262
11813,0.018701405
11814,0.025852195
11815,0.009819253
11816,0.012543481
11817,0.018928509
11818,0.024307748
11819,0.010375207
11820,0.019207367
11821,0.030350792
11822,0.012981787
11823,0.00666292
11824,0.069389812
11825,0.030200279
11826,0.045086308
11827,0.01258626
11828,0.045224815
11829,0.018643488
11830,0.014056993
11831,0.011065704
11832,0.09936047
11833,0.030563068
11834,0.062017629
11835,0.008271648
11836,0.006079269
11837,0.009183013
11838,0.030271371
11839,0.012180856
11840,0.016449128
11841,0.080230668
11842,0.011621458
11843,0.279468299
11844,0.061654023
11845,0.072853489
11846,0.071510436
11847,0.006037442
11848,0.075682744
11849,0.022812136
11850,0.009924753
11851,0.004567728
11852,0.075414248
11853,0.023418533
11854,0.091708225
11855,0.12359241
11856,0.019116227
11857,0.031730035
11858,0.029501688
11859,0.026629526
11860,0.010690983
11861,0.011909321
11862,0.009934889
11863,0.0080976
11864,0.032631631
11865,0.013671714
11866,0.058725181
11867,0.056406229
11868,0.030891974
11869,0.00402076
11870,0.260940123
11871,0.0263522
11872,0.016748171
11873,0.031860699
11874,0.004441988
11875,0.016726464
11876,0.058055922
11877,0.019971808
11878,0.014460613
11879,0.029858216
11880,0.011839435
11881,0.009419128
11882,0.027118451
11883,0.128828998
11884,0.255130963
11885,0.023151574
11886,0.076429924
11887,0.023502679
11888,0.029674495
11889,0.068348549
11890,0.040934288
11891,0.064384387
11892,0.050439009
11893,0.054573181
11894,0.058050325
11895,0.046704423
11896,0.10618021
11897,0.052449243
11898,0.052555535
11899,0.0228955
11900,0.035833872
11901,0.097475941
11902,0.060654873
11903,0.06947046
11904,0.154684434
11905,0.39330854
11906,0.12569573
11907,0.071050633
11908,0.385122082
11909,0.082148847
11910,0.292042139
11911,0.099406355
11912,0.251919763
11913,0.053100102
11914,0.022314302
11915,0.036499063
11916,0.12666051
11917,0.036968804
11918,0.61288008
11919,0.25409601
11920,0.057460263
11921,0.258744917
11922,0.071613277
11923,0.020913968
11924,0.052022925
11925,0.028244898
11926,0.023819355
11927,0.017609874
11928,0.041269316
11929,0.139611896
11930,0.140859259
11931,0.555751293
11932,0.514978193
11933,0.054335653
11934,0.084190145
11935,0.029686278
11936,0.241631488
11937,0.247914114
11938,0.009032274
11939,0.024962585
11940,0.080253536
11941,0.049599781
11942,0.068048843
11943,0.087946753
11944,0.424058911
11945,0.118260465
11946,0.263234536
11947,0.585721576
11948,0.146703478
11949,0.026323729
11950,0.581039634
11951,0.073491047
11952,0.48979826
11953,0.048967275
11954,0.057020643
11955,0.048770519
11956,0.063269928
11957,0.024427376
11958,0.09802128
11959,0.106667635
11960,0.05523128
11961,0.06841715
11962,0.387112414
11963,0.051496004
11964,0.028184827
11965,0.07164561
11966,0.078776702
11967,0.033252583
11968,0.041940269
11969,0.006491708
11970,0.055282406
11971,0.098648383
11972,0.088788346
11973,0.151350758
11974,0.063609591
11975,0.274252136
11976,0.029602157
11977,0.061436751
11978,0.042779865
11979,0.023794373
11980,0.017015668
11981,0.490801401
11982,0.130871888
11983,0.081034127
11984,0.301734798
11985,0.440020779
11986,0.005361157
11987,0.087213788
11988,0.054169897
11989,0.014782863
11990,0.021739951
11991,0.02771365
11992,0.018902348
11993,0.004899876
11994,0.057036662
11995,0.010512751
11996,0.009839725
11997,0.069754585
11998,0.067950518
11999,0.090708802
12000,0.188377009
12001,0.447980567
12002,0.018389815
12003,0.035397702
12004,0.047254812
12005,0.009549332
12006,0.009745552
12007,0.03020364
12008,0.030087127
12009,0.049736243
12010,0.266570123
12011,0.025551609
12012,0.047094561
12013,0.010693182
12014,0.054596691
12015,0.050502082
12016,0.14409574
12017,0.508109254
12018,0.005333017
12019,0.068561116
12020,0.071871487
12021,0.01910981
12022,0.028906524
12023,0.056574415
12024,0.069260481
12025,0.010051338
12026,0.024178617
12027,0.009817338
12028,0.125418046
12029,0.169109499
12030,0.099078096
12031,0.078434843
12032,0.085167938
12033,0.032778077
12034,0.035737948
12035,0.027101575
12036,0.027773633
12037,0.090836915
12038,0.05598982
12039,0.242826055
12040,0.025615336
12041,0.040185882
12042,0.032195403
12043,0.017309191
12044,0.024965165
12045,0.048586043
12046,0.024834239
12047,0.028424047
12048,0.084718452
12049,0.196953013
12050,0.268642599
12051,0.041284617
12052,0.048280411
12053,0.042257
12054,0.103866218
12055,0.065508197
12056,0.0184391
12057,0.071332351
12058,0.019406951
12059,0.02501169
12060,0.163172586
12061,0.0287796
12062,0.024487022
12063,0.032218646
12064,0.075455525
12065,0.072346839
12066,0.242188126
12067,0.238724319
12068,0.239226257
12069,0.070817961
12070,0.044929126
12071,0.021644487
12072,0.061904118
12073,0.053821929
12074,0.11516273
12075,0.053273122
12076,0.57902203
12077,0.115381356
12078,0.023665255
12079,0.102259708
12080,0.056035717
12081,0.058641316
12082,0.02104363
12083,0.018921741
12084,0.073151557
12085,0.010684843
12086,0.023629832
12087,0.019666709
12088,0.080073834
12089,0.053078241
12090,0.070480047
12091,0.069416837
12092,0.106619718
12093,0.256711047
12094,0.384405427
12095,0.06747258
12096,0.030069116
12097,0.091478261
12098,0.017593629
12099,0.050276158
12100,0.026068461
12101,0.011257987
12102,0.079171937
12103,0.059483509
12104,0.116426825
12105,0.047142938
12106,0.113500305
12107,0.055139136
12108,0.058878268
12109,0.038535086
12110,0.136780748
12111,0.010134182
12112,0.030565031
12113,0.051155428
12114,0.041151028
12115,0.009249441
12116,0.008242497
12117,0.021119987
12118,0.037188798
12119,0.06114656
12120,0.077703814
12121,0.13629719
12122,0.077656619
12123,0.250865292
12124,0.238447425
12125,0.123561398
12126,0.017207129
12127,0.09639295
12128,0.009622847
12129,0.059921567
12130,0.052451102
12131,0.084357834
12132,0.029699915
12133,0.024669907
12134,0.059550671
12135,0.050118278
12136,0.01107469
12137,0.055882976
12138,0.08124151
12139,0.042730058
12140,0.060255091
12141,0.063522446
12142,0.014372164
12143,0.048193869
12144,0.104797166
12145,0.071313173
12146,0.141681734
12147,0.31075933
12148,0.090692645
12149,0.09165553
12150,0.065068359
12151,0.074826164
12152,0.087842721
12153,0.085423873
12154,0.055368018
12155,0.021530696
12156,0.392877922
12157,0.07894754
12158,0.082440239
12159,0.060971945
12160,0.095488498
12161,0.02046997
12162,0.029348326
12163,0.022387544
12164,0.042809447
12165,0.296966767
12166,0.058932599
12167,0.052058258
12168,0.100292242
12169,0.55924748
12170,0.089652719
12171,0.016600453
12172,0.241994833
12173,0.061812481
12174,0.179850941
12175,0.279501451
12176,0.07249573
12177,0.020972531
12178,0.04358592
12179,0.09369545
12180,0.137971663
12181,0.040045262
12182,0.176351302
12183,0.087565808
12184,0.054926717
12185,0.01365756
12186,0.016548495
12187,0.024144735
12188,0.055866658
12189,0.060380248
12190,0.022059751
12191,0.115538009
12192,0.130548203
12193,0.128700117
12194,0.07416719
12195,0.03571023
12196,0.1161548
12197,0.153759152
12198,0.264255724
12199,0.055307531
12200,0.053228613
12201,0.022962063
12202,0.069824627
12203,0.526848
12204,0.039340102
12205,0.054977336
12206,0.410045193
12207,0.252154958
12208,0.012771023
12209,0.040376998
12210,0.057126045
12211,0.252837162
12212,0.247465652
12213,0.110261255
12214,0.086101387
12215,0.251853269
12216,0.253172668
12217,0.148267756
12218,0.194721404
12219,0.388665482
12220,0.09590941
12221,0.048876709
12222,0.079303117
12223,0.053896858
12224,0.282400401
12225,0.934577413
12226,0.005095075
12227,0.074822433
12228,0.399701364
12229,0.017988328
12230,0.050458375
12231,0.257480387
12232,0.016389331
12233,0.05430049
12234,0.068379823
12235,0.023134087
12236,0.054251117
12237,0.006340122
12238,0.39473859
12239,0.063549853
12240,0.093507166
12241,0.258187983
12242,0.126281324
12243,0.266276657
12244,0.395240796
12245,0.276796271
12246,0.030378435
12247,0.251429919
12248,0.102978435
12249,0.239323291
12250,0.7330211
12251,0.431927768
12252,0.271161229
12253,0.026611559
12254,0.245758276
12255,0.029257027
12256,0.020630104
12257,0.013528485
12258,0.059064006
12259,0.0057387
12260,0.015961741
12261,0.027233541
12262,0.060899041
12263,0.08289907
12264,0.091859317
12265,0.107329159
12266,0.092261734
12267,0.239359749
12268,0.243807045
12269,0.027879361
12270,0.090844931
12271,0.190631056
12272,0.059620913
12273,0.973830928
12274,0.853900733
12275,0.517383721
12276,0.027166668
12277,0.019334311
12278,0.086761008
12279,0.459367429
12280,0.082407808
12281,0.059397142
12282,0.008605674
12283,0.060806384
12284,0.065921624
12285,0.053732965
12286,0.013354346
12287,0.386144112
12288,0.017839544
12289,0.051285167
12290,0.107382154
12291,0.107550336
12292,0.061142595
12293,0.057168515
12294,0.2411635
12295,0.242562856
12296,0.02990667
12297,0.238830807
12298,0.106150562
12299,0.114257065
12300,0.979503479
12301,0.813746052
12302,0.501019956
12303,0.084516971
12304,0.019648386
12305,0.00875592
12306,0.395495338
12307,0.101385051
12308,0.389875524
12309,0.056639916
12310,0.076714549
12311,0.020846733
12312,0.07630657
12313,0.097752998
12314,0.13466111
12315,0.137514596
12316,0.536632198
12317,0.398586973
12318,0.239399872
12319,0.24563449
12320,0.085154249
12321,0.065436935
12322,0.092158393
12323,0.047257955
12324,0.03373667
12325,0.025729916
12326,0.131617347
12327,0.124807154
12328,0.069714724
12329,0.110882416
12330,0.025804872
12331,0.89325911
12332,0.977012268
12333,0.992657571
12334,0.109180156
12335,0.047125364
12336,0.39750553
12337,0.014358844
12338,0.287190399
12339,0.029454025
12340,0.011774506
12341,0.018636918
12342,0.069965962
12343,0.095952724
12344,0.046644534
12345,0.392536374
12346,0.689512865
12347,0.082887891
12348,0.110338245
12349,0.088183278
12350,0.148775667
12351,0.055626016
12352,0.402451235
12353,0.109287001
12354,0.030197829
12355,0.084788777
12356,0.098562912
12357,0.092710035
12358,0.058245103
12359,0.025998884
12360,0.423517979
12361,0.286558334
12362,0.250083422
12363,0.068877271
12364,0.08883855
12365,0.05937011
12366,0.267369186
12367,0.029919332
12368,0.052666276
12369,0.050057898
12370,0.020052666
12371,0.057328725
12372,0.051216882
12373,0.398853326
12374,0.803030164
12375,0.391353636
12376,0.269582804
12377,0.118182313
12378,0.247798111
12379,0.242297065
12380,0.509069209
12381,0.081961351
12382,0.028749996
12383,0.0412498
12384,0.035917496
12385,0.112949891
12386,0.162063127
12387,0.245242429
12388,0.305340432
12389,0.266852962
12390,0.247782654
12391,0.978877842
12392,0.238675859
12393,0.024759576
12394,0.240778028
12395,0.245721292
12396,0.054277993
12397,0.181266418
12398,0.080666426
12399,0.045789761
12400,0.041292401
12401,0.052409706
12402,0.239272656
12403,0.392603168
12404,0.270183042
12405,0.448610363
12406,0.292165402
12407,0.140373438
12408,0.137539081
12409,0.388894623
12410,0.010171229
12411,0.157682432
12412,0.084214758
12413,0.053832815
12414,0.418008075
12415,0.266468604
12416,0.056204346
12417,0.566892221
12418,0.393374677
12419,0.079025804
12420,0.11358611
12421,0.084001442
12422,0.056040931
12423,0.010984702
12424,0.013130188
12425,0.034164677
12426,0.058787545
12427,0.098239176
12428,0.075280518
12429,0.138290001
12430,0.384580255
12431,0.745534841
12432,0.393431034
12433,0.396055373
12434,0.620960795
12435,0.090227456
12436,0.052169185
12437,0.073019201
12438,0.128343838
12439,0.183430732
12440,0.073202792
12441,0.028832313
12442,0.07390181
12443,0.131919823
12444,0.002260431
12445,0.050819901
12446,0.102018718
12447,0.035894336
12448,0.048521972
12449,0.023263411
12450,0.021820541
12451,0.004822447
12452,0.008938344
12453,0.033395802
12454,0.082621784
12455,0.059207265
12456,0.079877769
12457,0.259127921
12458,0.258878112
12459,0.393836314
12460,0.825903679
12461,0.670299395
12462,0.385731865
12463,0.119261597
12464,0.052975415
12465,0.023189319
12466,0.054492965
12467,0.108790982
12468,0.016394049
12469,0.026413424
12470,0.684213514
12471,0.050342622
12472,0.077981151
12473,0.050421364
12474,0.094754876
12475,0.052944521
12476,0.057885918
12477,0.018837816
12478,0.046204145
12479,0.014755627
12480,0.014979888
12481,0.03020719
12482,0.080427263
12483,0.104530329
12484,0.548800948
12485,0.420468033
12486,0.126446864
12487,0.874409506
12488,0.391947443
12489,0.499834554
12490,0.145846042
12491,0.007703629
12492,0.040213568
12493,0.033344513
12494,0.041402128
12495,0.059790019
12496,0.044412343
12497,0.033330234
12498,0.065516241
12499,0.436062629
12500,0.242948316
12501,0.391203006
12502,0.038163291
12503,0.084263732
12504,0.11751623
12505,0.131516529
12506,0.1537763
12507,0.054052919
12508,0.031750087
12509,0.008362634
12510,0.046189509
12511,0.132079225
12512,0.690252404
12513,0.17900635
12514,0.524273062
12515,0.403654107
12516,0.399289053
12517,0.246989611
12518,0.07933291
12519,0.046149426
12520,0.027629688
12521,0.012359954
12522,0.054448132
12523,0.028883256
12524,0.126871222
12525,0.109764218
12526,0.100042024
12527,0.391276895
12528,0.029558959
12529,0.066360435
12530,0.387496094
12531,0.057485016
12532,0.009429859
12533,0.01010467
12534,0.016309238
12535,0.115142775
12536,0.127007539
12537,0.043892653
12538,0.258195937
12539,0.246925376
12540,0.087584137
12541,0.09955369
12542,0.026592261
12543,0.086495307
12544,0.075030228
12545,0.050380434
12546,0.142568063
12547,0.102461356
12548,0.058621938
12549,0.038125296
12550,0.009567218
12551,0.23881893
12552,0.021355474
12553,0.085896479
12554,0.053292067
12555,0.0407803
12556,0.14936319
12557,0.03651851
12558,0.069139745
12559,0.007181871
12560,0.066648818
12561,0.259528044
12562,0.394040042
12563,0.536010632
12564,0.080875144
12565,0.02084428
12566,0.03556745
12567,0.054250351
12568,0.074107033
12569,0.124966009
12570,0.032903548
12571,0.015963018
12572,0.029281601
12573,0.020622994
12574,0.014728817
12575,0.060349092
12576,0.083498074
12577,0.39082996
12578,0.015946648
12579,0.021656465
12580,0.049591095
12581,0.066282165
12582,0.092090559
12583,0.386553574
12584,0.097335877
12585,0.014295171
12586,0.120658229
12587,0.033554174
12588,0.016326486
12589,0.074391617
12590,0.128504712
12591,0.053985707
12592,0.010958431
12593,0.014264915
12594,0.022079953
12595,0.009713126
12596,0.187729777
12597,0.016359218
12598,0.025298159
12599,0.12358611
12600,0.079637882
12601,0.050330748
12602,0.021188412
12603,0.030454258
12604,0.072199783
12605,0.39452915
12606,0.03946587
12607,0.003613464
12608,0.01942842
12609,0.02807073
12610,0.054196721
12611,0.070950778
12612,0.166002118
12613,0.074742241
12614,0.250568165
12615,0.084383826
12616,0.027014504
12617,0.019492633
12618,0.056524164
12619,0.049481354
12620,0.032459649
12621,0.267653278
12622,0.020242629
12623,0.128045658
12624,0.018301107
12625,0.086642566
12626,0.048428193
12627,0.008371996
12628,0.016797943
12629,0.386278566
12630,0.568675628
12631,0.096391431
12632,0.065375679
12633,0.086241601
12634,0.05087252
12635,0.033159717
12636,0.249600571
12637,0.081809343
12638,0.084729377
12639,0.865830038
12640,0.020304167
12641,0.081751892
12642,0.023498159
12643,0.082072038
12644,0.079431661
12645,0.021054189
12646,0.140436548
12647,0.502372509
12648,0.069534095
12649,0.146481859
12650,0.028618488
12651,0.042052788
12652,0.009630465
12653,0.022312767
12654,0.091781691
12655,0.023164386
12656,0.004556817
12657,0.021237198
12658,0.001235491
12659,0.058227408
12660,0.049274006
12661,0.021958721
12662,0.0502124
12663,0.018409255
12664,0.108104452
12665,0.04066407
12666,0.018240248
12667,0.039812947
12668,0.077119398
12669,0.100368728
12670,0.026910803
12671,0.055150233
12672,0.60201994
12673,0.082553672
12674,0.107550538
12675,0.048707843
12676,0.040836303
12677,0.05476549
12678,0.049760411
12679,0.012653066
12680,0.019738604
12681,0.269928643
12682,0.033543951
12683,0.004532301
12684,0.005463261
12685,0.016450544
12686,0.048392886
12687,0.113140939
12688,0.00783659
12689,0.104280112
12690,0.051797326
12691,0.021727599
12692,0.042850764
12693,0.38200144
12694,0.028124427
12695,0.020108078
12696,0.022621767
12697,0.059161988
12698,0.03654999
12699,0.144437156
12700,0.088732141
12701,0.013393127
12702,0.020511873
12703,0.017549016
12704,0.06110331
12705,0.241664969
12706,0.095644552
12707,0.076001333
12708,0.084044525
12709,0.022579174
12710,0.05354635
12711,0.019741807
12712,0.247001956
12713,0.264109719
12714,0.132821272
12715,0.006100206
12716,0.011023064
12717,0.009903751
12718,0.026970434
12719,0.017579145
12720,0.012240949
12721,0.020257204
12722,0.013943391
12723,0.019962644
12724,0.008808262
12725,0.018478797
12726,0.020768406
12727,0.0080975
12728,0.023922366
12729,0.056767697
12730,0.055833783
12731,0.113317516
12732,0.005784854
12733,0.016501834
12734,0.01026056
12735,0.12522821
12736,0.190392323
12737,0.007011578
12738,0.023491788
12739,0.009178181
12740,0.031111466
12741,0.009143411
12742,0.012612712
12743,0.021543185
12744,0.019267729
12745,0.005717896
12746,0.015514129
12747,0.027052103
12748,0.003707569
12749,0.010413684
12750,0.007807018
12751,0.066240972
12752,0.029442495
12753,0.051783905
12754,0.055706603
12755,0.016297812
12756,0.01296776
12757,0.0095639
12758,0.099411646
12759,0.028986879
12760,0.053700149
12761,0.006660271
12762,0.004839778
12763,0.009929197
12764,0.034471529
12765,0.014392536
12766,0.019783233
12767,0.070024328
12768,0.01130628
12769,0.012276828
12770,0.181006026
12771,0.066950248
12772,0.073539271
12773,0.069142124
12774,0.080725856
12775,0.022307192
12776,0.010859606
12777,0.003552277
12778,0.080022458
12779,0.018178668
12780,0.088649381
12781,0.006935436
12782,0.118754436
12783,0.017925668
12784,0.032337051
12785,0.03231268
12786,0.030623343
12787,0.030063138
12788,0.028067681
12789,0.012190545
12790,0.011983544
12791,0.027646259
12792,0.010079347
12793,0.063276119
12794,0.061788792
12795,0.032247031
12796,0.1396704
12797,0.020864771
12798,0.024398139
12799,0.00375322
12800,0.010732142
12801,0.021169373
12802,0.055815157
12803,0.021172462
12804,0.011424808
12805,0.035465894
12806,0.019170176
12807,0.028357587
12808,0.01050152
12809,0.033307334
12810,0.123352115
12811,0.148453356
12812,0.022561854
12813,0.081951103
12814,0.038661468
12815,0.070017845
12816,0.047328809
12817,0.06102401
12818,0.030699657
12819,0.044009799
12820,0.050975036
12821,0.051680135
12822,0.043763578
12823,0.116102896
12824,0.057889347
12825,0.043473328
12826,0.109836526
12827,0.058414048
12828,0.077446656
12829,0.057514933
12830,0.415721269
12831,0.432043903
12832,0.053549436
12833,0.01568796
12834,0.282047091
12835,0.066416153
12836,0.398682009
12837,0.102857692
12838,0.137770101
12839,0.088149603
12840,0.040132547
12841,0.139115689
12842,0.037158764
12843,0.624421389
12844,0.14803548
12845,0.054352288
12846,0.268654534
12847,0.053917677
12848,0.025390493
12849,0.057916237
12850,0.024964338
12851,0.021921232
12852,0.010949198
12853,0.048638312
12854,0.13476155
12855,0.149487961
12856,0.570630519
12857,0.552638985
12858,0.047081673
12859,0.023302751
12860,0.243201808
12861,0.139748548
12862,0.025887238
12863,0.084463927
12864,0.052355625
12865,0.056761343
12866,0.0919583
12867,0.408119006
12868,0.11656059
12869,0.269042309
12870,0.546780948
12871,0.133323154
12872,0.503089095
12873,0.019186531
12874,0.059825292
12875,0.291610124
12876,0.051729362
12877,0.053397356
12878,0.044969415
12879,0.057020706
12880,0.031657092
12881,0.082439178
12882,0.098717844
12883,0.061970823
12884,0.033895514
12885,0.050922633
12886,0.069672791
12887,0.274392781
12888,0.043859533
12889,0.032104948
12890,0.068802036
12891,0.055226583
12892,0.084585493
12893,0.036076719
12894,0.065180898
12895,0.089682829
12896,0.028222991
12897,0.078510946
12898,0.165836334
12899,0.048508938
12900,0.223529384
12901,0.069290197
12902,0.041618174
12903,0.025292656
12904,0.017948815
12905,0.016798339
12906,0.472811513
12907,0.119931985
12908,0.067490481
12909,0.434850469
12910,0.439718595
12911,0.071934947
12912,0.049760293
12913,0.021818692
12914,0.030458483
12915,0.016688144
12916,0.005814734
12917,0.043021022
12918,0.116887646
12919,0.010040493
12920,0.076408594
12921,0.06809483
12922,0.108698521
12923,0.272641692
12924,0.431782128
12925,0.052445341
12926,0.053505461
12927,0.008837716
12928,0.009933924
12929,0.025809403
12930,0.050987625
12931,0.269666473
12932,0.025984066
12933,0.060846151
12934,0.011652469
12935,0.011503782
12936,0.055250822
12937,0.113686489
12938,0.521267709
12939,0.061725954
12940,0.074250071
12941,0.021400889
12942,0.030523901
12943,0.050271159
12944,0.094731163
12945,0.008291669
12946,0.023757661
12947,0.011688845
12948,0.113437776
12949,0.159108029
12950,0.097439493
12951,0.09404882
12952,0.084099109
12953,0.034171619
12954,0.034831775
12955,0.029836471
12956,0.031315822
12957,0.082256482
12958,0.056230675
12959,0.243743759
12960,0.025143027
12961,0.044289757
12962,0.023113216
12963,0.02275683
12964,0.01906693
12965,0.025175852
12966,0.052310038
12967,0.024527667
12968,0.087556587
12969,0.181352034
12970,0.269892786
12971,0.053467542
12972,0.056902315
12973,0.048081813
12974,0.107414714
12975,0.056251244
12976,0.016354112
12977,0.071279605
12978,0.02497514
12979,0.15876585
12980,0.03362911
12981,0.026029798
12982,0.030209492
12983,0.006133084
12984,0.077805892
12985,0.080987474
12986,0.243876688
12987,0.239514259
12988,0.240512083
12989,0.076747845
12990,0.056605197
12991,0.021751307
12992,0.059508477
12993,0.056889176
12994,0.010925702
12995,0.109873125
12996,0.051768258
12997,0.59033784
12998,0.123497492
12999,0.10021873
13000,0.053644719
13001,0.051977978
13002,0.025144301
13003,0.019821345
13004,0.09452266
13005,0.023265491
13006,0.017824975
13007,0.023349332
13008,0.080209308
13009,0.049112695
13010,0.068585701
13011,0.065536134
13012,0.107305244
13013,0.239605841
13014,0.390949752
13015,0.067612522
13016,0.03099924
13017,0.081370444
13018,0.017240778
13019,0.043666039
13020,0.030653568
13021,0.010301781
13022,0.081302663
13023,0.059485018
13024,0.113763687
13025,0.056183673
13026,0.105964163
13027,0.055464862
13028,0.060429274
13029,0.039197574
13030,0.024765375
13031,0.023961674
13032,0.140970187
13033,0.011044192
13034,0.042753146
13035,0.053682182
13036,0.036484392
13037,0.010905243
13038,0.0113112
13039,0.032994233
13040,0.036684347
13041,0.061759496
13042,0.068859684
13043,0.128756695
13044,0.087746775
13045,0.263911073
13046,0.271212429
13047,0.121089431
13048,0.011542369
13049,0.086200638
13050,0.054593636
13051,0.012803483
13052,0.047687919
13053,0.079885481
13054,0.032122617
13055,0.028458677
13056,0.056031562
13057,0.054004736
13058,0.011133613
13059,0.054412781
13060,0.074716469
13061,0.036399159
13062,0.022831562
13063,0.033524275
13064,0.059505604
13065,0.01679008
13066,0.032386621
13067,0.100209136
13068,0.070856863
13069,0.275363981
13070,0.299416186
13071,0.094721149
13072,0.09908203
13073,0.070676319
13074,0.082817334
13075,0.089328694
13076,0.082122015
13077,0.054419315
13078,0.009009268
13079,0.020945618
13080,0.404232158
13081,0.079270356
13082,0.083778042
13083,0.06122961
13084,0.089131514
13085,0.020760569
13086,0.026353953
13087,0.026522
13088,0.026510809
13089,0.048430113
13090,0.187280167
13091,0.06674938
13092,0.055921542
13093,0.109942394
13094,0.559429546
13095,0.079224834
13096,0.018175315
13097,0.243110767
13098,0.057222067
13099,0.263960024
13100,0.184104255
13101,0.073705327
13102,0.023725585
13103,0.049993769
13104,0.094008533
13105,0.134958132
13106,0.047935957
13107,0.164667307
13108,0.076705691
13109,0.058567798
13110,0.017122377
13111,0.021861625
13112,0.057463554
13113,0.05957634
13114,0.018045225
13115,0.110715992
13116,0.123641338
13117,0.136702816
13118,0.082821036
13119,0.04028416
13120,0.118066464
13121,0.160210487
13122,0.269257513
13123,0.06308236
13124,0.011369995
13125,0.06740779
13126,0.028224428
13127,0.074497818
13128,0.553441356
13129,0.06399487
13130,0.059371849
13131,0.420620533
13132,0.142403847
13133,0.011799953
13134,0.051329475
13135,0.061544771
13136,0.256778436
13137,0.255558065
13138,0.105183594
13139,0.087281429
13140,0.148429024
13141,0.129311738
13142,0.12687808
13143,0.170734841
13144,0.394605742
13145,0.095343306
13146,0.025192712
13147,0.047374931
13148,0.074370164
13149,0.052076122
13150,0.275826125
13151,0.85157009
13152,0.005537368
13153,0.076275703
13154,0.388323078
13155,0.022149171
13156,0.046643395
13157,0.261759991
13158,0.016813394
13159,0.052499246
13160,0.072987533
13161,0.022724997
13162,0.053906269
13163,0.006440897
13164,0.402166803
13165,0.069073098
13166,0.091104309
13167,0.268775468
13168,0.124124751
13169,0.265583769
13170,0.39153038
13171,0.396381805
13172,0.259673075
13173,0.103836372
13174,0.133174913
13175,0.702869936
13176,0.445948774
13177,0.409284112
13178,0.021793023
13179,0.238503633
13180,0.089522683
13181,0.022485923
13182,0.055507848
13183,0.009357281
13184,0.012291263
13185,0.023884468
13186,0.058705361
13187,0.089032502
13188,0.082754252
13189,0.106196284
13190,0.085636366
13191,0.243134667
13192,0.118961354
13193,0.026902843
13194,0.103102268
13195,0.261290429
13196,0.061930575
13197,0.964540665
13198,0.823227181
13199,0.507280197
13200,0.004414216
13201,0.03245451
13202,0.018520173
13203,0.069530279
13204,0.422692358
13205,0.080492875
13206,0.072340803
13207,0.0121511
13208,0.057333398
13209,0.073232129
13210,0.047336562
13211,0.014501027
13212,0.396929981
13213,0.024760958
13214,0.04463341
13215,0.110197558
13216,0.103012947
13217,0.057717097
13218,0.059207136
13219,0.2432362
13220,0.443883298
13221,0.028859875
13222,0.239457901
13223,0.108892
13224,0.11415989
13225,0.983952517
13226,0.825633369
13227,0.560204742
13228,0.018864368
13229,0.075777646
13230,0.022091548
13231,0.011301367
13232,0.386905457
13233,0.087455469
13234,0.265626655
13235,0.052677386
13236,0.089719044
13237,0.02072949
13238,0.085107814
13239,0.08532944
13240,0.127025758
13241,0.142496695
13242,0.566867869
13243,0.276628903
13244,0.239380304
13245,0.135671799
13246,0.091973431
13247,0.061756569
13248,0.100674662
13249,0.049274074
13250,0.037183277
13251,0.02539278
13252,0.118855698
13253,0.124663972
13254,0.058215307
13255,0.107304782
13256,0.025883611
13257,0.872508628
13258,0.984631429
13259,0.98654421
13260,0.123404816
13261,0.046284249
13262,0.238719502
13263,0.28924281
13264,0.027703432
13265,0.024090207
13266,0.021069619
13267,0.076841037
13268,0.090860983
13269,0.040818612
13270,0.3916347
13271,0.704709157
13272,0.076062477
13273,0.096171804
13274,0.084451928
13275,0.155073881
13276,0.066589754
13277,0.435752317
13278,0.112098033
13279,0.023232973
13280,0.090849102
13281,0.093887747
13282,0.093702361
13283,0.059481528
13284,0.025515647
13285,0.443947141
13286,0.396037875
13287,0.150973484
13288,0.067262585
13289,0.106799156
13290,0.070257083
13291,0.268281619
13292,0.037947645
13293,0.049635794
13294,0.050578933
13295,0.019010517
13296,0.021079383
13297,0.066548471
13298,0.053360885
13299,0.265192262
13300,0.818678253
13301,0.266698258
13302,0.276127836
13303,0.129850594
13304,0.152309745
13305,0.153157585
13306,0.547751092
13307,0.081114301
13308,0.028990753
13309,0.047485421
13310,0.030672261
13311,0.113707346
13312,0.160289173
13313,0.246908085
13314,0.298758169
13315,0.274565851
13316,0.252698704
13317,0.971135855
13318,0.241074794
13319,0.020515446
13320,0.241718842
13321,0.247184727
13322,0.027005029
13323,0.051613091
13324,0.16694429
13325,0.07035406
13326,0.034797842
13327,0.042935869
13328,0.055996846
13329,0.242176229
13330,0.399104817
13331,0.275426374
13332,0.46706601
13333,0.299829662
13334,0.132855566
13335,0.249053283
13336,0.273955071
13337,0.014468101
13338,0.020652851
13339,0.164985752
13340,0.245029949
13341,0.05725726
13342,0.42676429
13343,0.262758498
13344,0.060356502
13345,0.5805392
13346,0.402000582
13347,0.087398298
13348,0.101783662
13349,0.081904519
13350,0.049667867
13351,0.011361557
13352,0.009757715
13353,0.015106309
13354,0.036735472
13355,0.05993204
13356,0.089332541
13357,0.08090493
13358,0.14082395
13359,0.416191166
13360,0.751172817
13361,0.393359392
13362,0.398019081
13363,0.608006471
13364,0.090010419
13365,0.053714949
13366,0.069370085
13367,0.12610885
13368,0.178298925
13369,0.069477712
13370,0.028741621
13371,0.073950068
13372,0.128790996
13373,0.00311097
13374,0.050836653
13375,0.100408457
13376,0.035195332
13377,0.049935951
13378,0.021698396
13379,0.025450104
13380,0.005767339
13381,0.008233755
13382,0.029826156
13383,0.088534475
13384,0.056818828
13385,0.078453551
13386,0.27295795
13387,0.260984302
13388,0.42917696
13389,0.82458774
13390,0.674927306
13391,0.390499379
13392,0.123142744
13393,0.054834995
13394,0.025399051
13395,0.054042747
13396,0.117697329
13397,0.018546453
13398,0.032568392
13399,0.728230096
13400,0.046370075
13401,0.01893186
13402,0.069067208
13403,0.050245894
13404,0.246433828
13405,0.047854246
13406,0.055309037
13407,0.05415877
13408,0.012671603
13409,0.017738031
13410,0.02234812
13411,0.077762734
13412,0.107056086
13413,0.560783017
13414,0.390067423
13415,0.116560055
13416,0.570346692
13417,0.396201616
13418,0.480945108
13419,0.247418887
13420,0.044873171
13421,0.03479638
13422,0.047407988
13423,0.05902753
13424,0.047214913
13425,0.043449305
13426,0.079494439
13427,0.427942319
13428,0.2439849
13429,0.397332546
13430,0.034343094
13431,0.099239043
13432,0.116013454
13433,0.136764842
13434,0.176076614
13435,0.049900963
13436,0.028251117
13437,0.007207134
13438,0.052159885
13439,0.123160108
13440,0.734064026
13441,0.417041298
13442,0.596234886
13443,0.42179847
13444,0.275619296
13445,0.257308221
13446,0.079392283
13447,0.044136944
13448,0.015539529
13449,0.058508837
13450,0.043742519
13451,0.134300754
13452,0.108134695
13453,0.090513532
13454,0.270632564
13455,0.030720352
13456,0.060663265
13457,0.013974499
13458,0.263323833
13459,0.053093239
13460,0.012424288
13461,0.120002026
13462,0.243441989
13463,0.048639774
13464,0.003676552
13465,0.101296606
13466,0.163874419
13467,0.079765191
13468,0.10384924
13469,0.030637232
13470,0.0939457
13471,0.079481653
13472,0.049186537
13473,0.137838789
13474,0.10851395
13475,0.050185235
13476,0.012801805
13477,0.438357727
13478,0.013173784
13479,0.014058595
13480,0.081834149
13481,0.057755349
13482,0.036939902
13483,0.136731042
13484,0.04631488
13485,0.067513411
13486,0.00885519
13487,0.049472287
13488,0.160281668
13489,0.394451834
13490,0.543556702
13491,0.091201112
13492,0.009884404
13493,0.022764958
13494,0.024709825
13495,0.060042461
13496,0.076674855
13497,0.121356798
13498,0.013264744
13499,0.035004099
13500,0.016547758
13501,0.031126543
13502,0.019853738
13503,0.012808581
13504,0.056057883
13505,0.092153682
13506,0.391572795
13507,0.014315234
13508,0.016657228
13509,0.049171698
13510,0.059220337
13511,0.100019826
13512,0.405398377
13513,0.078498252
13514,0.012093703
13515,0.112121065
13516,0.032472078
13517,0.073845666
13518,0.132880553
13519,0.060191935
13520,0.012840261
13521,0.019749394
13522,0.010275089
13523,0.168424199
13524,0.036522186
13525,0.020163205
13526,0.02701785
13527,0.136935068
13528,0.076913531
13529,0.053712392
13530,0.017587753
13531,0.030671713
13532,0.070912172
13533,0.406816688
13534,0.029637783
13535,0.019660435
13536,0.02650926
13537,0.0573032
13538,0.075344241
13539,0.148258745
13540,0.09667945
13541,0.149589714
13542,0.090038612
13543,0.024985565
13544,0.018386852
13545,0.0527045
13546,0.042236731
13547,0.031539682
13548,0.268355891
13549,0.148559535
13550,0.0194845
13551,0.084450101
13552,0.044425394
13553,0.012470767
13554,0.018291568
13555,0.391890213
13556,0.565062397
13557,0.100715981
13558,0.071261038
13559,0.014383907
13560,0.078344666
13561,0.042605899
13562,0.045919904
13563,0.243051344
13564,0.070468382
13565,0.079960314
13566,0.95436924
13567,0.021151221
13568,0.077796018
13569,0.017205557
13570,0.075630653
13571,0.077842223
13572,0.01886009
13573,0.034638897
13574,0.127023105
13575,0.534068089
13576,0.069024133
13577,0.247241516
13578,0.032186138
13579,0.018260362
13580,0.055028781
13581,0.025983949
13582,0.08536903
13583,0.030412641
13584,0.022247896
13585,0.057624929
13586,0.049062166
13587,0.032753668
13588,0.022706895
13589,0.054416839
13590,0.014548867
13591,0.130127605
13592,0.043135805
13593,0.019617263
13594,0.031260845
13595,0.073238815
13596,0.097168056
13597,0.027252076
13598,0.057949679
13599,0.625777317
13600,0.081668497
13601,0.269970615
13602,0.0524593
13603,0.051769095
13604,0.066846047
13605,0.440865364
13606,0.032866035
13607,0.011679767
13608,0.005512057
13609,0.018596398
13610,0.046034966
13611,0.111614009
13612,0.022512568
13613,0.104024122
13614,0.049968127
13615,0.029055643
13616,0.047522453
13617,0.385737338
13618,0.026698268
13619,0.025954484
13620,0.008806123
13621,0.025663191
13622,0.061541244
13623,0.040058964
13624,0.138110345
13625,0.07311244
13626,0.011735199
13627,0.020564642
13628,0.019976406
13629,0.065763923
13630,0.134003603
13631,0.08552721
13632,0.076864264
13633,0.061414998
13634,0.023302228
13635,0.049133798
13636,0.019326269
13637,0.248584833
13638,0.270758015
13639,0.122585594
13640,0.03249016
13641,0.017022778
13642,0.011606483
13643,0.018654557
13644,0.012696987
13645,0.020346026
13646,0.007199679
13647,0.01545894
13648,0.02308742
13649,0.023835494
13650,0.054591146
13651,0.053563169
13652,0.108388452
13653,0.014193903
13654,0.242539503
13655,0.011510723
13656,0.264772485
13657,0.009863982
13658,0.024647503
13659,0.029296856
13660,0.010178021
13661,0.012554455
13662,0.02242979
13663,0.019999975
13664,0.01301387
13665,0.027619742
13666,0.015440341
13667,0.011105979
13668,0.081323485
13669,0.025829267
13670,0.047879458
13671,0.058780795
13672,0.016356598
13673,0.01430917
13674,0.008490422
13675,0.127036517
13676,0.029622976
13677,0.057593604
13678,0.007955966
13679,0.003425378
13680,0.01206497
13681,0.003568707
13682,0.029223238
13683,0.016701201
13684,0.075610339
13685,0.014929356
13686,0.173849224
13687,0.055950424
13688,0.077889752
13689,0.081028209
13690,0.02060229
13691,0.082720791
13692,0.023436738
13693,0.010784872
13694,0.082177808
13695,0.017401085
13696,0.087079324
13697,0.117925092
13698,0.018057538
13699,0.032934367
13700,0.034292526
13701,0.029844889
13702,0.011426947
13703,0.013233352
13704,0.009625915
13705,0.01042202
13706,0.031027757
13707,0.013127787
13708,0.059144829
13709,0.054135487
13710,0.036863788
13711,0.163325546
13712,0.00990928
13713,0.018811645
13714,0.027008823
13715,0.03542708
13716,0.003225489
13717,0.018851246
13718,0.054846588
13719,0.019775876
13720,0.019348044
13721,0.026616811
13722,0.017791675
13723,0.030289198
13724,0.010482663
13725,0.017126003
13726,0.030432118
13727,0.143396384
13728,0.133754008
13729,0.021717991
13730,0.082566746
13731,0.023766806
13732,0.031578689
13733,0.067834272
13734,0.048295847
13735,0.065191998
13736,0.039409002
13737,0.053925359
13738,0.118790449
13739,0.068192275
13740,0.049561946
13741,0.084296428
13742,0.042855804
13743,0.050166705
13744,0.033605906
13745,0.04407455
13746,0.101485603
13747,0.064825288
13748,0.076990384
13749,0.054017548
13750,0.170822088
13751,0.432321293
13752,0.027997946
13753,0.015439008
13754,0.274317033
13755,0.079154562
13756,0.19274237
13757,0.094040794
13758,0.122150911
13759,0.018919876
13760,0.016036639
13761,0.118395333
13762,0.040404671
13763,0.657807849
13764,0.122766012
13765,0.052438571
13766,0.26277963
13767,0.051843612
13768,0.026775893
13769,0.023427696
13770,0.058893822
13771,0.033486711
13772,0.019471918
13773,0.011670801
13774,0.041372225
13775,0.113557015
13776,0.153466447
13777,0.516472687
13778,0.54783691
13779,0.051083518
13780,0.134276128
13781,0.261087376
13782,0.028796306
13783,0.066220733
13784,0.051338542
13785,0.05705085
13786,0.102009374
13787,0.400136944
13788,0.123080884
13789,0.423171692
13790,0.51612282
13791,0.02154456
13792,0.502520274
13793,0.078844073
13794,0.290897805
13795,0.056421265
13796,0.060733817
13797,0.041825887
13798,0.064201079
13799,0.032212971
13800,0.09436221
13801,0.108362037
13802,0.091696541
13803,0.062674384
13804,0.068901248
13805,0.290000109
13806,0.049562769
13807,0.0287003
13808,0.061516384
13809,0.063194204
13810,0.082282753
13811,0.031562108
13812,0.039571067
13813,0.047676581
13814,0.106100961
13815,0.026825442
13816,0.073216676
13817,0.171795022
13818,0.282332993
13819,0.028587144
13820,0.047674984
13821,0.018735068
13822,0.465704837
13823,0.111421217
13824,0.072870911
13825,0.281630038
13826,0.299563969
13827,0.070157944
13828,0.054659836
13829,0.020418106
13830,0.024617643
13831,0.005251756
13832,0.037338513
13833,0.012467893
13834,0.124236866
13835,0.075693847
13836,0.06481663
13837,0.083485149
13838,0.175798676
13839,0.415565739
13840,0.020733681
13841,0.04509089
13842,0.066446994
13843,0.010076289
13844,0.009070291
13845,0.022984042
13846,0.030293172
13847,0.03952174
13848,0.402146589
13849,0.024855559
13850,0.041412535
13851,0.053794961
13852,0.153062515
13853,0.515353722
13854,0.006502345
13855,0.069407218
13856,0.079931985
13857,0.026748123
13858,0.052984519
13859,0.070523223
13860,0.010592614
13861,0.01858462
13862,0.019963879
13863,0.105875082
13864,0.170380834
13865,0.095395903
13866,0.088273669
13867,0.065277279
13868,0.010453044
13869,0.023001155
13870,0.035393926
13871,0.027424277
13872,0.032519123
13873,0.101474431
13874,0.061985933
13875,0.243682658
13876,0.023773807
13877,0.055264292
13878,0.02930079
13879,0.016119572
13880,0.015429447
13881,0.025823603
13882,0.047494126
13883,0.120084164
13884,0.023547809
13885,0.081728814
13886,0.282904245
13887,0.278091154
13888,0.061533976
13889,0.060153027
13890,0.042298106
13891,0.099755494
13892,0.051996199
13893,0.017214937
13894,0.076928734
13895,0.020846231
13896,0.170655706
13897,0.028175148
13898,0.018641941
13899,0.03220061
13900,0.005142108
13901,0.085728888
13902,0.064777746
13903,0.239510846
13904,0.240388739
13905,0.240310115
13906,0.063271965
13907,0.064364952
13908,0.018186249
13909,0.066687072
13910,0.064211634
13911,0.010364489
13912,0.123304223
13913,0.054576639
13914,0.627040891
13915,0.125229639
13916,0.104553765
13917,0.057085627
13918,0.052554078
13919,0.02351611
13920,0.023058368
13921,0.014044634
13922,0.074340084
13923,0.031788174
13924,0.017937079
13925,0.022892703
13926,0.077729353
13927,0.04013313
13928,0.069757086
13929,0.069634184
13930,0.095147368
13931,0.238010896
13932,0.28028948
13933,0.078698118
13934,0.024476013
13935,0.09307549
13936,0.018880396
13937,0.050857488
13938,0.010712917
13939,0.030884012
13940,0.092660124
13941,0.060379702
13942,0.127463538
13943,0.049237607
13944,0.108371623
13945,0.042571499
13946,0.05977275
13947,0.03575665
13948,0.019627616
13949,0.020472649
13950,0.139941345
13951,0.034820616
13952,0.061082252
13953,0.035518925
13954,0.010087711
13955,0.019556565
13956,0.042940341
13957,0.062683826
13958,0.062138035
13959,0.122450442
13960,0.096963253
13961,0.257940146
13962,0.238758361
13963,0.133643664
13964,0.0131739
13965,0.084254373
13966,0.059944556
13967,0.010631087
13968,0.053173706
13969,0.093905191
13970,0.028838419
13971,0.026981778
13972,0.051524123
13973,0.052433542
13974,0.062508424
13975,0.075798021
13976,0.035709281
13977,0.058523791
13978,0.023174047
13979,0.028140122
13980,0.023720875
13981,0.062816202
13982,0.016353847
13983,0.05016661
13984,0.106928351
13985,0.07714178
13986,0.13470476
13987,0.302468148
13988,0.089675543
13989,0.099649271
13990,0.075228253
13991,0.078054369
13992,0.08405908
13993,0.095477542
13994,0.061901041
13995,0.009407321
13996,0.022537958
13997,0.281729387
13998,0.072463286
13999,0.081127916
14000,0.062223154
14001,0.074794561
14002,0.017225876
14003,0.028652011
14004,0.052842564
14005,0.191233764
14006,0.0651418
14007,0.0571878
14008,0.103005592
14009,0.567980004
14010,0.07567138
14011,0.018286353
14012,0.243571271
14013,0.058655796
14014,0.26287767
14015,0.182333876
14016,0.075570343
14017,0.046115391
14018,0.08713201
14019,0.143279537
14020,0.044624408
14021,0.165427811
14022,0.079560592
14023,0.059080379
14024,0.018702852
14025,0.022156979
14026,0.045980771
14027,0.06607209
14028,0.015503376
14029,0.110191278
14030,0.118152157
14031,0.130867687
14032,0.087036007
14033,0.038664415
14034,0.111009203
14035,0.245243098
14036,0.271289299
14037,0.051967239
14038,0.010816938
14039,0.056468319
14040,0.023712997
14041,0.01184072
14042,0.071150104
14043,0.555473146
14044,0.041026249
14045,0.04189835
14046,0.404411778
14047,0.250084675
14048,0.015268728
14049,0.018682194
14050,0.043192839
14051,0.050446048
14052,0.257565523
14053,0.254654984
14054,0.105878706
14055,0.073864187
14056,0.135241967
14057,0.129674246
14058,0.128707067
14059,0.181602101
14060,0.386976372
14061,0.088210708
14062,0.050055142
14063,0.100483508
14064,0.055334698
14065,0.281205127
14066,0.883224897
14067,0.004142745
14068,0.073303977
14069,0.38652953
14070,0.014823081
14071,0.047098311
14072,0.267560808
14073,0.048891029
14074,0.073515284
14075,0.021174428
14076,0.047364321
14077,0.387996367
14078,0.064606856
14079,0.087572713
14080,0.266741838
14081,0.238703626
14082,0.263283001
14083,0.386974067
14084,0.400145653
14085,0.025452681
14086,0.417818719
14087,0.250288389
14088,0.240047403
14089,0.75837544
14090,0.418364616
14091,0.407832728
14092,0.0269597
14093,0.258160984
14094,0.055209004
14095,0.021361131
14096,0.010368242
14097,0.058634407
14098,0.008295678
14099,0.012965091
14100,0.025862423
14101,0.062903588
14102,0.085544806
14103,0.080469357
14104,0.088803795
14105,0.084099436
14106,0.273854879
14107,0.111445901
14108,0.022540972
14109,0.094782845
14110,0.254411765
14111,0.021955551
14112,0.059171745
14113,0.977955172
14114,0.845777078
14115,0.490648862
14116,0.00595105
14117,0.029502865
14118,0.017787304
14119,0.075999477
14120,0.446583077
14121,0.086431814
14122,0.064624613
14123,0.008693922
14124,0.059562676
14125,0.076457058
14126,0.060439111
14127,0.011451133
14128,0.39426371
14129,0.019793861
14130,0.04804271
14131,0.110750601
14132,0.086811043
14133,0.050545334
14134,0.053606208
14135,0.238361313
14136,0.244616009
14137,0.027889967
14138,0.126650809
14139,0.115883046
14140,0.115994037
14141,0.960712961
14142,0.820839961
14143,0.505389893
14144,0.012558566
14145,0.076119434
14146,0.024544084
14147,0.011355057
14148,0.388518785
14149,0.094184728
14150,0.261613527
14151,0.059104721
14152,0.089144291
14153,0.025853181
14154,0.097482067
14155,0.090740609
14156,0.122457741
14157,0.158584294
14158,0.557650573
14159,0.40464991
14160,0.241080135
14161,0.143376593
14162,0.088454926
14163,0.065321254
14164,0.098796847
14165,0.052169662
14166,0.043960343
14167,0.020368607
14168,0.121775351
14169,0.132398911
14170,0.067592842
14171,0.104680744
14172,0.026761027
14173,0.921044689
14174,0.989959115
14175,0.986527306
14176,0.126583355
14177,0.052405809
14178,0.112491419
14179,0.394027886
14180,0.022027457
14181,0.01896962
14182,0.020028378
14183,0.063199323
14184,0.089472466
14185,0.049382464
14186,0.387337153
14187,0.778409423
14188,0.075667694
14189,0.101605895
14190,0.091444336
14191,0.145327985
14192,0.06486337
14193,0.426712809
14194,0.109536211
14195,0.02945746
14196,0.077133946
14197,0.111163374
14198,0.081415983
14199,0.051214452
14200,0.023829818
14201,0.418042533
14202,0.285858195
14203,0.153083281
14204,0.065225268
14205,0.095159336
14206,0.064728405
14207,0.273653155
14208,0.042572752
14209,0.052369152
14210,0.048685259
14211,0.017155205
14212,0.022196074
14213,0.06192145
14214,0.048189641
14215,0.423841222
14216,0.73537173
14217,0.269371331
14218,0.275769806
14219,0.117901704
14220,0.16533721
14221,0.243390216
14222,0.521114811
14223,0.077934703
14224,0.023156773
14225,0.046603752
14226,0.03270329
14227,0.261806628
14228,0.254330045
14229,0.115575529
14230,0.423529807
14231,0.279212356
14232,0.245842666
14233,0.98923323
14234,0.257140194
14235,0.018933557
14236,0.240117523
14237,0.247065847
14238,0.023436395
14239,0.051969363
14240,0.292975523
14241,0.003964374
14242,0.075820638
14243,0.039270781
14244,0.040215208
14245,0.054948077
14246,0.129957267
14247,0.393912544
14248,0.266120558
14249,0.452030314
14250,0.39111179
14251,0.143478469
14252,0.244462623
14253,0.271724857
14254,0.025250988
14255,0.154071738
14256,0.079940627
14257,0.050466713
14258,0.403020354
14259,0.269831338
14260,0.05506113
14261,0.555910451
14262,0.389641372
14263,0.005603392
14264,0.075964168
14265,0.104964662
14266,0.077389931
14267,0.050982662
14268,0.008997343
14269,0.010484891
14270,0.029483172
14271,0.065166258
14272,0.084828056
14273,0.088348993
14274,0.120854318
14275,0.413921923
14276,0.734356456
14277,0.387883421
14278,0.266503998
14279,0.588530033
14280,0.096049181
14281,0.019696222
14282,0.048019188
14283,0.070143356
14284,0.117831442
14285,0.178169787
14286,0.069569496
14287,0.026386056
14288,0.067844877
14289,0.12973545
14290,0.058023225
14291,0.099718914
14292,0.02611258
14293,0.048846937
14294,0.005228313
14295,0.009167144
14296,0.03258202
14297,0.086260818
14298,0.060330035
14299,0.076931265
14300,0.258565992
14301,0.167690332
14302,0.426576603
14303,0.832734336
14304,0.664478758
14305,0.387254195
14306,0.120033329
14307,0.021230682
14308,0.049179195
14309,0.105297636
14310,0.018379594
14311,0.029509032
14312,0.836277585
14313,0.048499965
14314,0.016811286
14315,0.071487373
14316,0.05269929
14317,0.086599663
14318,0.042578976
14319,0.046420369
14320,0.016292316
14321,0.053440291
14322,0.010384747
14323,0.017033841
14324,0.030567621
14325,0.084749626
14326,0.107101675
14327,0.548987792
14328,0.385554543
14329,0.114901426
14330,0.86628756
14331,0.392723076
14332,0.49357962
14333,0.245853783
14334,0.051117091
14335,0.027231287
14336,0.039396362
14337,0.061785012
14338,0.051745779
14339,0.072558991
14340,0.430022342
14341,0.094570656
14342,0.396275919
14343,0.032577663
14344,0.081218566
14345,0.106414754
14346,0.123182554
14347,0.252921669
14348,0.051072353
14349,0.026758457
14350,0.008935548
14351,0.04546067
14352,0.139570315
14353,0.776321045
14354,0.421890344
14355,0.544729339
14356,0.419078451
14357,0.382793766
14358,0.149516049
14359,0.081976179
14360,0.048910075
14361,0.02552448
14362,0.050953977
14363,0.035189653
14364,0.128541227
14365,0.117463708
14366,0.079538811
14367,0.269426712
14368,0.024421001
14369,0.058552137
14370,0.009937259
14371,0.260599403
14372,0.055891126
14373,0.009796454
14374,0.013644379
14375,0.105610009
14376,0.249132486
14377,0.045962494
14378,0.431121982
14379,0.248784747
14380,0.083325422
14381,0.106512724
14382,0.030450443
14383,0.08931245
14384,0.089102866
14385,0.048228611
14386,0.129000924
14387,0.099531801
14388,0.048371029
14389,0.008827342
14390,0.239757127
14391,0.016126998
14392,0.07447787
14393,0.033525768
14394,0.137845547
14395,0.044754817
14396,0.070388362
14397,0.006934163
14398,0.051758344
14399,0.15404435
14400,0.388565711
14401,0.524891984
14402,0.095839685
14403,0.020882292
14404,0.027278274
14405,0.059302405
14406,0.07273568
14407,0.126073848
14408,0.013432187
14409,0.0325815
14410,0.017812831
14411,0.031271797
14412,0.011099145
14413,0.035934742
14414,0.075602235
14415,0.085531626
14416,0.386840341
14417,0.013100072
14418,0.017917967
14419,0.050795861
14420,0.061122243
14421,0.074474415
14422,0.384907684
14423,0.096612201
14424,0.011063273
14425,0.244209148
14426,0.032050622
14427,0.059043173
14428,0.129492463
14429,0.047339222
14430,0.021465197
14431,0.275108059
14432,0.014123966
14433,0.03615878
14434,0.142108348
14435,0.089007036
14436,0.046125805
14437,0.021733777
14438,0.033707676
14439,0.079579879
14440,0.380316605
14441,0.031440531
14442,0.022617869
14443,0.05065302
14444,0.070144614
14445,0.256834771
14446,0.094459623
14447,0.168657402
14448,0.10476559
14449,0.027086876
14450,0.013904449
14451,0.058401551
14452,0.043114082
14453,0.030662788
14454,0.267180625
14455,0.021188136
14456,0.143174834
14457,0.08094821
14458,0.05143973
14459,0.01102592
14460,0.011461906
14461,0.405296505
14462,0.557181931
14463,0.240389789
14464,0.066768211
14465,0.014040306
14466,0.085232278
14467,0.047852985
14468,0.045089965
14469,0.087543294
14470,0.075524535
14471,0.094109507
14472,0.900152393
14473,0.075427991
14474,0.078003299
14475,0.073851404
14476,0.045991419
14477,0.13208584
14478,0.300105587
14479,0.064839626
14480,0.14861543
14481,0.026807328
14482,0.018775144
14483,0.06065109
14484,0.022483518
14485,0.076970466
14486,0.030674937
14487,0.020251074
14488,0.001507367
14489,0.057685933
14490,0.057019478
14491,0.030137324
14492,0.054784503
14493,0.024096058
14494,0.119950418
14495,0.032447087
14496,0.01148265
14497,0.036102032
14498,0.077284737
14499,0.095431332
14500,0.029468269
14501,0.022320032
14502,0.057680283
14503,0.752350655
14504,0.062740835
14505,0.105244575
14506,0.049421764
14507,0.044175236
14508,0.049518937
14509,0.04981627
14510,0.014181299
14511,0.020008189
14512,0.298962059
14513,0.034390214
14514,0.019392953
14515,0.050845313
14516,0.242693329
14517,0.01909039
14518,0.009419507
14519,0.108944679
14520,0.050906397
14521,0.019782221
14522,0.043929628
14523,0.393429124
14524,0.025033654
14525,0.023850474
14526,0.010543936
14527,0.05563531
14528,0.03907703
14529,0.133655049
14530,0.077306696
14531,0.024995679
14532,0.017800402
14533,0.068656207
14534,0.118313206
14535,0.083343855
14536,0.063553587
14537,0.073315399
14538,0.021732946
14539,0.050102211
14540,0.068621638
14541,0.269876421
14542,0.133231699
14543,0.033725338
14544,0.01252675
14545,0.01218127
14546,0.019824127
14547,0.011547797
14548,0.023703848
14549,0.009250203
14550,0.011826077
14551,0.019222557
14552,0.021987833
14553,0.05676381
14554,0.043928961
14555,0.118526969
14556,0.015192754
14557,0.134125396
14558,0.008466822
14559,0.176893059
14560,0.01085529
14561,0.02018851
14562,0.022062488
14563,0.010480568
14564,0.010848723
14565,0.016965332
14566,0.016853963
14567,0.009012548
14568,0.016964873
14569,0.013257476
14570,0.014077976
14571,0.013399749
14572,0.080351698
14573,0.003084803
14574,0.026786751
14575,0.045165593
14576,0.050131364
14577,0.019927646
14578,0.009815146
14579,0.112083241
14580,0.03179467
14581,0.056994888
14582,0.008363221
14583,0.026055186
14584,0.010548199
14585,0.020830252
14586,0.087501377
14587,0.01095897
14588,0.183784503
14589,0.065146854
14590,0.066318372
14591,0.066715053
14592,0.076679619
14593,0.018916321
14594,0.008769979
14595,0.078532359
14596,0.012737487
14597,0.103201586
14598,0.008538663
14599,0.123796478
14600,0.027837505
14601,0.03367149
14602,0.028699592
14603,0.032237319
14604,0.026518552
14605,0.014171179
14606,0.008572294
14607,0.010211609
14608,0.030040695
14609,0.009935573
14610,0.00895918
14611,0.067103268
14612,0.060135518
14613,0.03389
14614,0.162504564
14615,0.011490432
14616,0.019503268
14617,0.022959687
14618,0.031141831
14619,0.00349669
14620,0.019979957
14621,0.05066733
14622,0.02467698
14623,0.01271737
14624,0.034419976
14625,0.017866392
14626,0.027518707
14627,0.008112503
14628,0.028312945
14629,0.124359005
14630,0.142172186
14631,0.083620545
14632,0.02562163
14633,0.039937521
14634,0.066305982
14635,0.037385087
14636,0.048975344
14637,0.066556386
14638,0.044448689
14639,0.048241701
14640,0.053823243
14641,0.251672273
14642,0.048825085
14643,0.051887725
14644,0.030586323
14645,0.112073799
14646,0.056192995
14647,0.082665028
14648,0.057708635
14649,0.267533496
14650,0.400799695
14651,0.02444253
14652,0.04196701
14653,0.277131092
14654,0.075773503
14655,0.192749041
14656,0.255844373
14657,0.128960056
14658,0.056586255
14659,0.019469009
14660,0.006740021
14661,0.035101298
14662,0.097577386
14663,0.629086405
14664,0.268510831
14665,0.039031778
14666,0.391179165
14667,0.044356524
14668,0.016993904
14669,0.027416841
14670,0.022988331
14671,0.060610159
14672,0.030894773
14673,0.015411647
14674,0.044017261
14675,0.128871805
14676,0.160066691
14677,0.549491909
14678,0.546657103
14679,0.099922192
14680,0.255881454
14681,0.169630041
14682,0.022153645
14683,0.061928928
14684,0.038241865
14685,0.059661441
14686,0.079214501
14687,0.391501397
14688,0.137259719
14689,0.165385028
14690,0.570438015
14691,0.127269085
14692,0.02347948
14693,0.543594652
14694,0.06777886
14695,0.318213948
14696,0.052457552
14697,0.040885613
14698,0.059164543
14699,0.030140452
14700,0.111736855
14701,0.121584476
14702,0.085462561
14703,0.078109415
14704,0.275350295
14705,0.051347393
14706,0.00698163
14707,0.030876779
14708,0.068518424
14709,0.062888607
14710,0.080699216
14711,0.030984014
14712,0.041888207
14713,0.058950125
14714,0.105219159
14715,0.030431584
14716,0.173403618
14717,0.286838956
14718,0.01871192
14719,0.042239669
14720,0.024230701
14721,0.009995924
14722,0.477187875
14723,0.147285883
14724,0.093885623
14725,0.410007288
14726,0.320782617
14727,0.087333416
14728,0.05781404
14729,0.024281069
14730,0.010319975
14731,0.043345948
14732,0.009303964
14733,0.117062316
14734,0.05961696
14735,0.068129601
14736,0.095567482
14737,0.201918804
14738,0.414942348
14739,0.400398911
14740,0.059733518
14741,0.011108725
14742,0.037492986
14743,0.032339351
14744,0.044549339
14745,0.385330435
14746,0.02379742
14747,0.0622445
14748,0.056685273
14749,0.060527877
14750,0.139698122
14751,0.503552515
14752,0.070521801
14753,0.076537719
14754,0.02206427
14755,0.025011633
14756,0.050269601
14757,0.088533476
14758,0.008508123
14759,0.018783844
14760,0.025570617
14761,0.127170049
14762,0.158456333
14763,0.121539722
14764,0.092628901
14765,0.063936134
14766,0.00990499
14767,0.027437385
14768,0.037851951
14769,0.029078908
14770,0.039319244
14771,0.081617358
14772,0.056834574
14773,0.265286812
14774,0.020394907
14775,0.053479169
14776,0.031642001
14777,0.019295265
14778,0.022059585
14779,0.027033615
14780,0.054706944
14781,0.024076242
14782,0.02538165
14783,0.079036245
14784,0.281455903
14785,0.268579374
14786,0.042055099
14787,0.050285591
14788,0.042211462
14789,0.105010682
14790,0.062185128
14791,0.016605922
14792,0.066936153
14793,0.016197628
14794,0.03173748
14795,0.165211685
14796,0.029614017
14797,0.022324939
14798,0.033760938
14799,0.010071524
14800,0.086266242
14801,0.072718318
14802,0.249281696
14803,0.105669894
14804,0.254513461
14805,0.071959649
14806,0.062963973
14807,0.020189227
14808,0.063536236
14809,0.057898511
14810,0.009013119
14811,0.010985014
14812,0.123634129
14813,0.050591328
14814,0.561647047
14815,0.122133854
14816,0.027418811
14817,0.103212944
14818,0.056342601
14819,0.044387326
14820,0.016479457
14821,0.08094714
14822,0.009985421
14823,0.018919305
14824,0.021302153
14825,0.082882919
14826,0.05222235
14827,0.076317694
14828,0.078374926
14829,0.109841335
14830,0.250533728
14831,0.386384662
14832,0.08501781
14833,0.025568536
14834,0.088216395
14835,0.020350151
14836,0.055293199
14837,0.012391082
14838,0.02503574
14839,0.097444307
14840,0.064724888
14841,0.122830429
14842,0.056920266
14843,0.116223892
14844,0.058213532
14845,0.060637493
14846,0.042970959
14847,0.125692229
14848,0.03519713
14849,0.05756869
14850,0.034112325
14851,0.010859274
14852,0.010693882
14853,0.022144522
14854,0.044339954
14855,0.060926865
14856,0.058519548
14857,0.25082011
14858,0.099346783
14859,0.2635987
14860,0.126293441
14861,0.127670104
14862,0.012848966
14863,0.093539928
14864,0.011061481
14865,0.059335876
14866,0.04893598
14867,0.095127197
14868,0.037551772
14869,0.029424244
14870,0.045426037
14871,0.046859526
14872,0.057153269
14873,0.079808197
14874,0.03523234
14875,0.063160708
14876,0.019965707
14877,0.016822277
14878,0.066630044
14879,0.013930892
14880,0.049641926
14881,0.111538756
14882,0.065819035
14883,0.248143431
14884,0.320243533
14885,0.084729185
14886,0.102400706
14887,0.076986595
14888,0.08087946
14889,0.084960558
14890,0.079974628
14891,0.058027053
14892,0.021551742
14893,0.379460657
14894,0.075808323
14895,0.083932707
14896,0.06672189
14897,0.020015886
14898,0.022533416
14899,0.024814581
14900,0.051218953
14901,0.19342696
14902,0.065535922
14903,0.056959894
14904,0.105866385
14905,0.557575113
14906,0.083921237
14907,0.015878185
14908,0.281186082
14909,0.057629428
14910,0.271365002
14911,0.195307568
14912,0.071405865
14913,0.054161607
14914,0.099469925
14915,0.254618809
14916,0.044317481
14917,0.154723896
14918,0.092456375
14919,0.06325529
14920,0.016311528
14921,0.017134028
14922,0.048218607
14923,0.066715085
14924,0.017810341
14925,0.109983862
14926,0.124642972
14927,0.139357798
14928,0.074340234
14929,0.038315919
14930,0.122336129
14931,0.16218828
14932,0.271372757
14933,0.055502816
14934,0.053945467
14935,0.021703393
14936,0.010038863
14937,0.068151698
14938,0.540238242
14939,0.038889105
14940,0.054585036
14941,0.40077388
14942,0.265287932
14943,0.013853912
14944,0.01633844
14945,0.009373216
14946,0.04601904
14947,0.058207817
14948,0.264562289
14949,0.24788735
14950,0.105537436
14951,0.075788489
14952,0.253403852
14953,0.142794928
14954,0.138951736
14955,0.191613436
14956,0.389224401
14957,0.095541742
14958,0.051329287
14959,0.084511324
14960,0.055848764
14961,0.284162442
14962,0.897755889
14963,0.005305818
14964,0.07484728
14965,0.390748623
14966,0.025082192
14967,0.053763613
14968,0.270728995
14969,0.018679393
14970,0.015022583
14971,0.046977125
14972,0.076728993
14973,0.023339621
14974,0.046039181
14975,0.420897598
14976,0.068518682
14977,0.092198206
14978,0.266404405
14979,0.123986122
14980,0.265446546
14981,0.393188766
14982,0.395823783
14983,0.026551995
14984,0.251054893
14985,0.103537758
14986,0.114960239
14987,0.820838667
14988,0.300976242
14989,0.297836089
14990,0.027853599
14991,0.262135194
14992,0.074878141
14993,0.021013557
14994,0.01023089
14995,0.051820519
14996,0.012775838
14997,0.009893205
14998,0.032473313
14999,0.060393496
15000,0.092946391
15001,0.090372128
15002,0.106292293
15003,0.087011514
15004,0.248521609
15005,0.123624328
15006,0.027670254
15007,0.087252103
15008,0.266069891
15009,0.016726424
15010,0.058230014
15011,0.996358904
15012,0.841945621
15013,0.509226679
15014,0.030199131
15015,0.019367527
15016,0.080388577
15017,0.409225774
15018,0.080424333
15019,0.060144382
15020,0.014086956
15021,0.013560286
15022,0.064122048
15023,0.07583989
15024,0.058572404
15025,0.011012352
15026,0.395344463
15027,0.017584578
15028,0.048754856
15029,0.106224958
15030,0.108386153
15031,0.048663091
15032,0.053396213
15033,0.249885159
15034,0.282154247
15035,0.026033838
15036,0.249593399
15037,0.107471405
15038,0.104941735
15039,0.97515669
15040,0.783776078
15041,0.521597126
15042,0.016533542
15043,0.288215492
15044,0.019381444
15045,0.010385721
15046,0.294860007
15047,0.087012112
15048,0.388703503
15049,0.060152632
15050,0.094320521
15051,0.018908896
15052,0.085375074
15053,0.111372105
15054,0.130876631
15055,0.159568976
15056,0.538153051
15057,0.399302927
15058,0.247524531
15059,0.13610638
15060,0.089389678
15061,0.059589911
15062,0.102838396
15063,0.053227605
15064,0.038505068
15065,0.026391745
15066,0.141100691
15067,0.137400653
15068,0.073238734
15069,0.110536507
15070,0.022444707
15071,0.930069018
15072,0.97991756
15073,0.998478965
15074,0.133606038
15075,0.049468954
15076,0.248196348
15077,0.388758904
15078,0.023385812
15079,0.017076173
15080,0.016146938
15081,0.069458748
15082,0.08643196
15083,0.052094096
15084,0.38966729
15085,0.878542349
15086,0.076945385
15087,0.102483376
15088,0.084261555
15089,0.255305346
15090,0.070754095
15091,0.398431124
15092,0.270583437
15093,0.030021838
15094,0.084917835
15095,0.108208375
15096,0.096986222
15097,0.053315252
15098,0.025576761
15099,0.271176429
15100,0.281158184
15101,0.165823878
15102,0.070381812
15103,0.024105703
15104,0.113417596
15105,0.064920243
15106,0.270417996
15107,0.033100525
15108,0.050194102
15109,0.045046885
15110,0.020865086
15111,0.032358755
15112,0.065526472
15113,0.052989977
15114,0.392683582
15115,0.780981001
15116,0.389611823
15117,0.176569291
15118,0.11906057
15119,0.152316252
15120,0.250567005
15121,0.524403397
15122,0.082705173
15123,0.056967536
15124,0.028947847
15125,0.121421287
15126,0.259899807
15127,0.126128514
15128,0.288722195
15129,0.264779052
15130,0.252821711
15131,0.98212107
15132,0.121158951
15133,0.016645766
15134,0.251759916
15135,0.254535806
15136,0.061731933
15137,0.477284728
15138,0.07974101
15139,0.036285886
15140,0.041626851
15141,0.052858223
15142,0.131493362
15143,0.399447041
15144,0.269309129
15145,0.439854042
15146,0.289406422
15147,0.130430791
15148,0.252513705
15149,0.278796354
15150,0.013124212
15151,0.149501811
15152,0.077770547
15153,0.052758979
15154,0.409803022
15155,0.27188008
15156,0.066846132
15157,0.531253834
15158,0.397253558
15159,0.008156284
15160,0.080894747
15161,0.11528978
15162,0.076919908
15163,0.045718284
15164,0.011869845
15165,0.009663561
15166,0.035741791
15167,0.058291686
15168,0.093099735
15169,0.080083491
15170,0.138810297
15171,0.389711158
15172,0.753066443
15173,0.389435906
15174,0.387505028
15175,0.583973599
15176,0.098678282
15177,0.023422012
15178,0.060705399
15179,0.071220172
15180,0.140537733
15181,0.176968386
15182,0.084533565
15183,0.029410924
15184,0.067414056
15185,0.248635371
15186,0.051670544
15187,0.103774851
15188,0.023118656
15189,0.020088187
15190,0.039569354
15191,0.022777529
15192,0.02012687
15193,0.009278246
15194,0.031652256
15195,0.092294475
15196,0.063555354
15197,0.074802672
15198,0.268343532
15199,0.164202263
15200,0.395554366
15201,0.819932697
15202,0.656832858
15203,0.286130306
15204,0.111164368
15205,0.056340159
15206,0.019092652
15207,0.041811596
15208,0.101034081
15209,0.01655824
15210,0.032277832
15211,0.915774659
15212,0.047001737
15213,0.018154721
15214,0.272111499
15215,0.05351853
15216,0.095703665
15217,0.054200796
15218,0.0578044
15219,0.019458199
15220,0.058706899
15221,0.012781895
15222,0.024720344
15223,0.023482509
15224,0.083428663
15225,0.113159855
15226,0.547478631
15227,0.387074172
15228,0.251678512
15229,0.897631017
15230,0.376789471
15231,0.504572144
15232,0.259432807
15233,0.045869453
15234,0.033157039
15235,0.040786894
15236,0.04956814
15237,0.05675742
15238,0.035443333
15239,0.066844519
15240,0.414532442
15241,0.098552482
15242,0.386365614
15243,0.037607085
15244,0.088178079
15245,0.11437514
15246,0.117805235
15247,0.163210872
15248,0.056039096
15249,0.042040588
15250,0.047129139
15251,0.13271821
15252,0.86104823
15253,0.391532828
15254,0.519972448
15255,0.399113025
15256,0.258969075
15257,0.25229134
15258,0.086975261
15259,0.046662537
15260,0.02722517
15261,0.054327335
15262,0.12424867
15263,0.126678089
15264,0.086297703
15265,0.179241331
15266,0.06540808
15267,0.010411505
15268,0.272415316
15269,0.064781204
15270,0.010698822
15271,0.009919298
15272,0.105734164
15273,0.25249615
15274,0.049151763
15275,0.003536804
15276,0.271608057
15277,0.262975424
15278,0.078190884
15279,0.094901304
15280,0.034647028
15281,0.085025994
15282,0.082399127
15283,0.045984999
15284,0.132025772
15285,0.120833797
15286,0.053490275
15287,0.007814619
15288,0.25327285
15289,0.012512927
15290,0.099100679
15291,0.036942658
15292,0.13307839
15293,0.047970603
15294,0.068889825
15295,0.055398305
15296,0.147456638
15297,0.382425973
15298,0.519810884
15299,0.094659054
15300,0.02148453
15301,0.0189887
15302,0.03253721
15303,0.058177484
15304,0.021387726
15305,0.067600893
15306,0.133736787
15307,0.015488009
15308,0.035845407
15309,0.016264029
15310,0.035196511
15311,0.019688044
15312,0.012369491
15313,0.072611975
15314,0.086802595
15315,0.390846629
15316,0.013868792
15317,0.018531024
15318,0.052681131
15319,0.060331976
15320,0.081245277
15321,0.385928267
15322,0.103567481
15323,0.015838838
15324,0.012129778
15325,0.135747369
15326,0.035110596
15327,0.073658563
15328,0.122057084
15329,0.046994043
15330,0.01160881
15331,0.012153739
15332,0.018009556
15333,0.009837563
15334,0.282572657
15335,0.015499138
15336,0.031344967
15337,0.121410654
15338,0.085894249
15339,0.054850944
15340,0.018845829
15341,0.026712486
15342,0.072200809
15343,0.38418852
15344,0.032037698
15345,0.021540385
15346,0.021663289
15347,0.052081204
15348,0.066425008
15349,0.264230819
15350,0.08951324
15351,0.188962296
15352,0.096295511
15353,0.031215354
15354,0.041909262
15355,0.044727177
15356,0.028015146
15357,0.189138589
15358,0.016889146
15359,0.019505263
15360,0.148075578
15361,0.018070939
15362,0.082876672
15363,0.058348518
15364,0.0110919
15365,0.38038962
15366,0.562017533
15367,0.250093751
15368,0.075292733
15369,0.013087685
15370,0.085049364
15371,0.048870559
15372,0.046662063
15373,0.258301332
15374,0.085199234
15375,0.088603804
15376,0.870860764
15377,0.020080325
15378,0.07973903
15379,0.015071759
15380,0.069416122
15381,0.072072502
15382,0.018626753
15383,0.05597462
15384,0.146757701
15385,0.316201352
15386,0.06995377
15387,0.138113648
15388,0.026922561
15389,0.023541366
15390,0.081860435
15391,0.029996605
15392,0.019818736
15393,0.001188089
15394,0.051250716
15395,0.052590665
15396,0.028248646
15397,0.051771308
15398,0.010327712
15399,0.10754507
15400,0.040714601
15401,0.013438333
15402,0.036321113
15403,0.077748141
15404,0.097851155
15405,0.028636115
15406,0.025123656
15407,0.051133567
15408,0.78836271
15409,0.069794989
15410,0.106695212
15411,0.055625643
15412,0.052989148
15413,0.056984502
15414,0.050855773
15415,0.012559628
15416,0.015976108
15417,0.416330944
15418,0.028592667
15419,0.008053046
15420,0.009592133
15421,0.048412462
15422,0.105030292
15423,0.02017727
15424,0.101655333
15425,0.056127266
15426,0.027972619
15427,0.050358057
15428,0.388087717
15429,0.026738015
15430,0.021084235
15431,0.00529058
15432,0.024176256
15433,0.049691393
15434,0.043360838
15435,0.14109708
15436,0.074448973
15437,0.018628916
15438,0.019982902
15439,0.059803623
15440,0.132430869
15441,0.099549936
15442,0.069293535
15443,0.090538832
15444,0.025356496
15445,0.044031015
15446,0.265491887
15447,0.271938658
15448,0.141575401
15449,0.008314747
15450,0.009688684
15451,0.038036839
15452,0.011546082
15453,0.011884242
15454,0.018784611
15455,0.012419761
15456,0.017583747
15457,0.01237796
15458,0.01579157
15459,0.019173885
15460,0.00963253
15461,0.023629465
15462,0.048673336
15463,0.045802401
15464,0.123625106
15465,0.009491649
15466,0.131200786
15467,0.009557219
15468,0.387868524
15469,0.026323414
15470,0.031716075
15471,0.011995976
15472,0.01944478
15473,0.017227036
15474,0.017355951
15475,0.03445523
15476,0.015087664
15477,0.013990454
15478,0.06484629
15479,0.027363094
15480,0.054849415
15481,0.058090688
15482,0.017374401
15483,0.012567602
15484,0.00949241
15485,0.112245981
15486,0.033200217
15487,0.05733105
15488,0.003898563
15489,0.009514658
15490,0.029335939
15491,0.011684804
15492,0.087335058
15493,0.010656354
15494,0.009646409
15495,0.268008809
15496,0.056129394
15497,0.067460306
15498,0.067403249
15499,0.077730116
15500,0.021001231
15501,0.008272498
15502,0.075711648
15503,0.015621275
15504,0.116340418
15505,0.011078297
15506,0.122994011
15507,0.017329157
15508,0.02710754
15509,0.034723231
15510,0.034403997
15511,0.009588752
15512,0.010249446
15513,0.009931099
15514,0.009196698
15515,0.031780708
15516,0.010948922
15517,0.009403457
15518,0.059012409
15519,0.055590824
15520,0.029548875
15521,0.137933398
15522,0.014843415
15523,0.023866454
15524,0.015774358
15525,0.054044286
15526,0.022943561
15527,0.016878245
15528,0.029655068
15529,0.017981965
15530,0.032321312
15531,0.011196946
15532,0.040967338
15533,0.130148412
15534,0.250715989
15535,0.09229558
15536,0.019935725
15537,0.040358348
15538,0.06058281
15539,0.065306895
15540,0.045404987
15541,0.045508507
15542,0.052663056
15543,0.117555255
15544,0.051973381
15545,0.031818678
15546,0.108328827
15547,0.047554001
15548,0.244488506
15549,0.050732904
15550,0.419273748
15551,0.401815045
15552,0.052848247
15553,0.272513992
15554,0.084231768
15555,0.377649904
15556,0.09232207
15557,0.13637882
15558,0.061010502
15559,0.022755433
15560,0.085314467
15561,0.014275499
15562,0.034943129
15563,0.252178028
15564,0.036033965
15565,0.667903614
15566,0.122108111
15567,0.042591102
15568,0.25434713
15569,0.068645922
15570,0.019678491
15571,0.029615723
15572,0.058141397
15573,0.031690905
15574,0.018411563
15575,0.015409944
15576,0.139496961
15577,0.525337796
15578,0.558543364
15579,0.050478638
15580,0.15396314
15581,0.162028618
15582,0.020778983
15583,0.070478917
15584,0.046314905
15585,0.058342474
15586,0.089739442
15587,0.426462945
15588,0.117460873
15589,0.163789246
15590,0.538100421
15591,0.13761177
15592,0.025714106
15593,0.516998375
15594,0.020586086
15595,0.058991637
15596,0.296384743
15597,0.045184476
15598,0.060877686
15599,0.037912705
15600,0.059832575
15601,0.097892369
15602,0.111814465
15603,0.077611534
15604,0.034553691
15605,0.055804922
15606,0.384719942
15607,0.052978811
15608,0.031767744
15609,0.060794627
15610,0.064097478
15611,0.080866167
15612,0.037053539
15613,0.041163179
15614,0.005300352
15615,0.040440989
15616,0.086821968
15617,0.032565478
15618,0.067204379
15619,0.170753824
15620,0.057541497
15621,0.271663155
15622,0.025281991
15623,0.061369533
15624,0.049618008
15625,0.022655128
15626,0.013545847
15627,0.492690625
15628,0.113922552
15629,0.085412871
15630,0.274775659
15631,0.425876886
15632,0.076834574
15633,0.057565317
15634,0.017173987
15635,0.028635334
15636,0.02053726
15637,0.006966146
15638,0.041015342
15639,0.0083782
15640,0.076190202
15641,0.06892981
15642,0.090655904
15643,0.270284029
15644,0.415385621
15645,0.006946363
15646,0.018679755
15647,0.262633041
15648,0.054205638
15649,0.007467428
15650,0.031899042
15651,0.03397617
15652,0.263020712
15653,0.022796801
15654,0.055192852
15655,0.009565521
15656,0.054108446
15657,0.257960733
15658,0.525448325
15659,0.070547386
15660,0.084864747
15661,0.0185261
15662,0.02870083
15663,0.043416289
15664,0.070667267
15665,0.011141554
15666,0.019484843
15667,0.012117207
15668,0.123864767
15669,0.146101169
15670,0.104198107
15671,0.083922819
15672,0.075264575
15673,0.035898342
15674,0.030636576
15675,0.027745464
15676,0.035914132
15677,0.092497593
15678,0.057371271
15679,0.079349454
15680,0.026210701
15681,0.042846669
15682,0.03403147
15683,0.019235258
15684,0.016757582
15685,0.025673473
15686,0.047127293
15687,0.020372067
15688,0.083560113
15689,0.288163032
15690,0.268295518
15691,0.060721637
15692,0.051103462
15693,0.032242207
15694,0.099224028
15695,0.056655788
15696,0.016951593
15697,0.065589545
15698,0.012560567
15699,0.025745922
15700,0.166766694
15701,0.025809246
15702,0.022734014
15703,0.029660601
15704,0.249493363
15705,0.083544047
15706,0.24132928
15707,0.239055355
15708,0.123329226
15709,0.096951265
15710,0.057506292
15711,0.01656237
15712,0.052749807
15713,0.054431932
15714,0.010978872
15715,0.239373938
15716,0.056732817
15717,0.5666382
15718,0.11576918
15719,0.12342569
15720,0.05006152
15721,0.048577261
15722,0.02048453
15723,0.071752619
15724,0.021650141
15725,0.01996748
15726,0.023231949
15727,0.071623233
15728,0.053397286
15729,0.072266406
15730,0.070842007
15731,0.093318417
15732,0.262892771
15733,0.377872679
15734,0.083930211
15735,0.027276984
15736,0.068375328
15737,0.018988534
15738,0.044902126
15739,0.031050287
15740,0.092768905
15741,0.050296058
15742,0.10728173
15743,0.055462789
15744,0.109929518
15745,0.055657188
15746,0.068365872
15747,0.042072832
15748,0.020554485
15749,0.1410488
15750,0.011504868
15751,0.033313736
15752,0.057224558
15753,0.030617384
15754,0.010079397
15755,0.022237921
15756,0.037077896
15757,0.062509726
15758,0.075176907
15759,0.130326558
15760,0.090854315
15761,0.396341027
15762,0.122453414
15763,0.125054882
15764,0.015300752
15765,0.085580494
15766,0.010602157
15767,0.058024001
15768,0.048922429
15769,0.095290972
15770,0.031590182
15771,0.0286513
15772,0.040480713
15773,0.051493807
15774,0.05788826
15775,0.080542915
15776,0.039702097
15777,0.062397447
15778,0.032662188
15779,0.067541909
15780,0.013400908
15781,0.047921646
15782,0.099764597
15783,0.072669276
15784,0.139787933
15785,0.503404382
15786,0.095372991
15787,0.098206386
15788,0.078062525
15789,0.083085478
15790,0.089945984
15791,0.084440189
15792,0.052840356
15793,0.010668615
15794,0.021963626
15795,0.381915679
15796,0.079757792
15797,0.072342608
15798,0.059370775
15799,0.074970182
15800,0.018852873
15801,0.02200755
15802,0.020545098
15803,0.053117417
15804,0.191160203
15805,0.058761103
15806,0.055985674
15807,0.091407025
15808,0.559207456
15809,0.09146427
15810,0.022399589
15811,0.402277251
15812,0.055302953
15813,0.263764598
15814,0.199918532
15815,0.072005433
15816,0.047367437
15817,0.043405544
15818,0.095715152
15819,0.138348373
15820,0.055729989
15821,0.156616227
15822,0.090124081
15823,0.064866308
15824,0.013728509
15825,0.010158885
15826,0.018521535
15827,0.018623687
15828,0.046387567
15829,0.069745267
15830,0.01837967
15831,0.116284505
15832,0.124534024
15833,0.141241419
15834,0.072836626
15835,0.037226546
15836,0.113775501
15837,0.157552066
15838,0.266096767
15839,0.058436733
15840,0.045032073
15841,0.02414944
15842,0.248107765
15843,0.547801755
15844,0.0487095
15845,0.052118416
15846,0.395672318
15847,0.153588244
15848,0.012460627
15849,0.055921178
15850,0.246782181
15851,0.244876455
15852,0.0073171
15853,0.106081886
15854,0.083716716
15855,0.247652007
15856,0.135702811
15857,0.140367856
15858,0.18479744
15859,0.381157323
15860,0.097082337
15861,0.049694602
15862,0.080870992
15863,0.057836079
15864,0.279720515
15865,0.894166031
15866,0.00517641
15867,0.073691963
15868,0.384696038
15869,0.048594244
15870,0.264194241
15871,0.018705869
15872,0.012876533
15873,0.049023224
15874,0.074238818
15875,0.021360211
15876,0.053575126
15877,0.004824692
15878,0.402584305
15879,0.055646866
15880,0.094509985
15881,0.176095873
15882,0.126200137
15883,0.187460644
15884,0.385274257
15885,0.376973946
15886,0.029828493
15887,0.250521346
15888,0.241791457
15889,0.118445512
15890,0.747259334
15891,0.39534941
15892,0.287398078
15893,0.022920811
15894,0.246860353
15895,0.076282971
15896,0.017342147
15897,0.009371295
15898,0.060011422
15899,0.011237205
15900,0.028203986
15901,0.057626403
15902,0.088230175
15903,0.087997629
15904,0.096023316
15905,0.087145396
15906,0.236838929
15907,0.110515978
15908,0.028316314
15909,0.091015365
15910,0.39122064
15911,0.022137637
15912,0.066737774
15913,0.985547081
15914,0.805853536
15915,0.530610487
15916,0.027751582
15917,0.017833802
15918,0.090371344
15919,0.423127493
15920,0.076922877
15921,0.068268912
15922,0.053093601
15923,0.074540882
15924,0.056131904
15925,0.012772129
15926,0.3832345
15927,0.017369048
15928,0.0453522
15929,0.09986742
15930,0.082066581
15931,0.046954433
15932,0.056875509
15933,0.396399115
15934,0.399838288
15935,0.024540685
15936,0.110224873
15937,0.114494036
15938,0.105222791
15939,0.984829691
15940,0.827846668
15941,0.513473743
15942,0.015757585
15943,0.078562036
15944,0.023408409
15945,0.377268224
15946,0.087256758
15947,0.378013758
15948,0.06235404
15949,0.083843387
15950,0.02140862
15951,0.082164539
15952,0.119944415
15953,0.132272011
15954,0.168853144
15955,0.517788689
15956,0.413430068
15957,0.23820564
15958,0.138378928
15959,0.089977101
15960,0.05785233
15961,0.090346189
15962,0.050329812
15963,0.035931299
15964,0.025858932
15965,0.1246399
15966,0.13884717
15967,0.060977809
15968,0.114580601
15969,0.022087786
15970,0.903004512
15971,0.990577945
15972,0.991561025
15973,0.121201281
15974,0.049708514
15975,0.239138243
15976,0.385436314
15977,0.020907795
15978,0.019719688
15979,0.018290075
15980,0.070426602
15981,0.092088732
15982,0.043056145
15983,0.384403082
15984,0.888885333
15985,0.078025265
15986,0.095580937
15987,0.090087227
15988,0.145166019
15989,0.063780589
15990,0.406679272
15991,0.265700214
15992,0.021438596
15993,0.110206787
15994,0.102201996
15995,0.100135611
15996,0.059843464
15997,0.424551756
15998,0.192143915
15999,0.143449479
16000,0.070266976
16001,0.031496658
16002,0.088121158
16003,0.25863986
16004,0.274841878
16005,0.035259629
16006,0.054443819
16007,0.047882213
16008,0.021098945
16009,0.017286817
16010,0.05686757
16011,0.049526426
16012,0.245243841
16013,0.809282318
16014,0.273793768
16015,0.269699703
16016,0.12292565
16017,0.180927381
16018,0.247281731
16019,0.51123481
16020,0.084069833
16021,0.028290887
16022,0.047886864
16023,0.032063628
16024,0.121938027
16025,0.258078195
16026,0.128792318
16027,0.284188537
16028,0.268461621
16029,0.162419779
16030,0.984922348
16031,0.13644519
16032,0.020701303
16033,0.239483162
16034,0.244831859
16035,0.058731792
16036,0.185454962
16037,0.080628166
16038,0.053410874
16039,0.041389403
16040,0.05648701
16041,0.130579506
16042,0.380634739
16043,0.27106903
16044,0.449874367
16045,0.285741329
16046,0.132951979
16047,0.142242961
16048,0.263852545
16049,0.132007693
16050,0.084242004
16051,0.054112674
16052,0.394114697
16053,0.269517192
16054,0.061323039
16055,0.017221246
16056,0.49447919
16057,0.394810186
16058,0.078312337
16059,0.098225965
16060,0.079680423
16061,0.054871773
16062,0.008945972
16063,0.006448447
16064,0.016116733
16065,0.026696088
16066,0.063530946
16067,0.097421578
16068,0.082528783
16069,0.126431004
16070,0.376171195
16071,0.746456697
16072,0.37569618
16073,0.402761142
16074,0.563810283
16075,0.09099557
16076,0.019039624
16077,0.055210155
16078,0.064831648
16079,0.139577694
16080,0.266295057
16081,0.064744599
16082,0.030673653
16083,0.06473557
16084,0.126053745
16085,0.023689235
16086,0.049506558
16087,0.106147452
16088,0.019509367
16089,0.047713622
16090,0.021670643
16091,0.009972422
16092,0.037951555
16093,0.081458222
16094,0.060945136
16095,0.076799671
16096,0.257547961
16097,0.16663769
16098,0.395350702
16099,0.782158649
16100,0.661690442
16101,0.387564772
16102,0.11558684
16103,0.054827283
16104,0.02688771
16105,0.0465505
16106,0.111368817
16107,0.892470782
16108,0.048760184
16109,0.020723084
16110,0.078658186
16111,0.050846498
16112,0.089350859
16113,0.048966881
16114,0.054528822
16115,0.017902416
16116,0.055033198
16117,0.014933851
16118,0.019965557
16119,0.027901824
16120,0.086440115
16121,0.100170618
16122,0.527256914
16123,0.41379009
16124,0.238372772
16125,0.896537121
16126,0.383157048
16127,0.549338175
16128,0.242363675
16129,0.043039175
16130,0.039380272
16131,0.0439777
16132,0.050408303
16133,0.060739432
16134,0.071205816
16135,0.415876682
16136,0.251093345
16137,0.383480422
16138,0.036698141
16139,0.082425528
16140,0.116670138
16141,0.124251761
16142,0.166951479
16143,0.052977038
16144,0.030880842
16145,0.044854116
16146,0.142894516
16147,0.823992742
16148,0.389184814
16149,0.517848425
16150,0.257055624
16151,0.381077191
16152,0.259351383
16153,0.089420984
16154,0.048053162
16155,0.014345633
16156,0.026940303
16157,0.014222609
16158,0.044206661
16159,0.047229797
16160,0.123101611
16161,0.136106308
16162,0.078028539
16163,0.19851843
16164,0.053355798
16165,0.010344011
16166,0.379836007
16167,0.057039007
16168,0.009333933
16169,0.013479362
16170,0.110599142
16171,0.246441103
16172,0.048696287
16173,0.003450414
16174,0.397731896
16175,0.166425545
16176,0.081794384
16177,0.10152456
16178,0.032049163
16179,0.100721343
16180,0.080167359
16181,0.057181964
16182,0.12956074
16183,0.110443465
16184,0.050485195
16185,0.034430539
16186,0.007100485
16187,0.243094952
16188,0.01365309
16189,0.013146605
16190,0.082525163
16191,0.040292609
16192,0.036090532
16193,0.141867363
16194,0.047463092
16195,0.06783873
16196,0.008387909
16197,0.058890613
16198,0.15432419
16199,0.389630713
16200,0.532931783
16201,0.105231486
16202,0.033158332
16203,0.052527609
16204,0.017850911
16205,0.069374376
16206,0.129635745
16207,0.013854098
16208,0.035032387
16209,0.016772224
16210,0.030913036
16211,0.019043769
16212,0.014850675
16213,0.030990374
16214,0.072252157
16215,0.089343119
16216,0.381454084
16217,0.016364705
16218,0.019123323
16219,0.047305486
16220,0.064946337
16221,0.094244142
16222,0.383504813
16223,0.10430776
16224,0.014836855
16225,0.128295939
16226,0.035682064
16227,0.020235191
16228,0.066840593
16229,0.124206896
16230,0.048432218
16231,0.010241679
16232,0.018425699
16233,0.188571078
16234,0.013292877
16235,0.033795688
16236,0.126347111
16237,0.084789438
16238,0.046406894
16239,0.019540854
16240,0.025624971
16241,0.076503746
16242,0.381862793
16243,0.030907673
16244,0.022219392
16245,0.018895002
16246,0.048680809
16247,0.067002632
16248,0.167808462
16249,0.094944339
16250,0.2476334
16251,0.112381995
16252,0.027961093
16253,0.015958911
16254,0.057956498
16255,0.046718754
16256,0.02725515
16257,0.269691129
16258,0.126013918
16259,0.018367497
16260,0.079619516
16261,0.048797042
16262,0.011597829
16263,0.39178429
16264,0.555412092
16265,0.104645604
16266,0.068639251
16267,0.012811279
16268,0.080489615
16269,0.045705901
16270,0.082927738
16271,0.071588289
16272,0.059376678
16273,0.910903516
16274,0.021309535
16275,0.071083297
16276,0.019987765
16277,0.077314217
16278,0.073438929
16279,0.053928027
16280,0.151902575
16281,0.304949986
16282,0.070296835
16283,0.136687133
16284,0.025215852
16285,0.049732681
16286,0.077089579
16287,0.03390925
16288,0.021122555
16289,0.00161043
16290,0.05434988
16291,0.049563738
16292,0.031211445
16293,0.020511626
16294,0.054815203
16295,0.01418444
16296,0.023220448
16297,0.123278991
16298,0.035879518
16299,0.044165543
16300,0.012708058
16301,0.042972162
16302,0.069904489
16303,0.101110314
16304,0.050247281
16305,0.779240899
16306,0.065503191
16307,0.115885745
16308,0.039315299
16309,0.045372007
16310,0.060303419
16311,0.017365912
16312,0.425688932
16313,0.029188967
16314,0.020790085
16315,0.011000611
16316,0.047782012
16317,0.113869725
16318,0.017112266
16319,0.118330304
16320,0.048256764
16321,0.054376412
16322,0.383048342
16323,0.024939672
16324,0.023593517
16325,0.008206632
16326,0.018629875
16327,0.013641507
16328,0.048211701
16329,0.009730926
16330,0.038698157
16331,0.134598893
16332,0.077986435
16333,0.014267578
16334,0.021248255
16335,0.059029459
16336,0.24130795
16337,0.08661266
16338,0.076058637
16339,0.075337791
16340,0.026021833
16341,0.047843515
16342,0.247972344
16343,0.263789033
16344,0.23914295
16345,0.006204962
16346,0.009172196
16347,0.016864216
16348,0.013542582
16349,0.017818984
16350,0.011935812
16351,0.023086052
16352,0.008630513
16353,0.018983944
16354,0.016651311
16355,0.009139983
16356,0.023747171
16357,0.045802363
16358,0.050924007
16359,0.104908516
16360,0.004246224
16361,0.136333593
16362,0.007848845
16363,0.270265763
16364,0.009059375
16365,0.007383333
16366,0.008217214
16367,0.028452888
16368,0.011922896
16369,0.010537316
16370,0.018935324
16371,0.023081082
16372,0.014652501
16373,0.008508441
16374,0.060808644
16375,0.028677645
16376,0.049050457
16377,0.065329344
16378,0.016769502
16379,0.012546765
16380,0.01368274
16381,0.008486604
16382,0.12104679
16383,0.035147753
16384,0.052535276
16385,0.008583794
16386,0.030221201
16387,0.081359262
16388,0.010462397
16389,0.188939258
16390,0.067131314
16391,0.0667535
16392,0.068475609
16393,0.021234242
16394,0.07021905
16395,0.022950462
16396,0.009372802
16397,0.083158118
16398,0.016567416
16399,0.09343028
16400,0.006502521
16401,0.13042852
16402,0.020380489
16403,0.027563369
16404,0.03542167
16405,0.029795489
16406,0.005231809
16407,0.01006975
16408,0.010042038
16409,0.011871387
16410,0.031199064
16411,0.008721901
16412,0.063003176
16413,0.058317661
16414,0.005971326
16415,0.147218032
16416,0.023372826
16417,0.023290375
16418,0.010864316
16419,0.019928624
16420,0.053014643
16421,0.021835151
16422,0.012789577
16423,0.029624648
16424,0.017774781
16425,0.029882898
16426,0.011885533
16427,0.138094351
16428,0.157396165
16429,0.077253143
16430,0.021499783
16431,0.043154815
16432,0.062457261
16433,0.051291378
16434,0.063477392
16435,0.045640023
16436,0.053670049
16437,0.047784083
16438,0.085881208
16439,0.050319514
16440,0.052619868
16441,0.112053216
16442,0.059111001
16443,0.081887501
16444,0.054264383
16445,0.160378283
16446,0.24831481
16447,0.033947017
16448,0.040307833
16449,0.276925076
16450,0.084815514
16451,0.30623065
16452,0.100565559
16453,0.254706485
16454,0.05096263
16455,0.022470314
16456,0.073160962
16457,0.017920075
16458,0.034038343
16459,0.01183794
16460,0.105209089
16461,0.032932944
16462,0.659293629
16463,0.266224525
16464,0.159822849
16465,0.053694252
16466,0.03711651
16467,0.013295215
16468,0.048439105
16469,0.130309228
16470,0.159758248
16471,0.306097584
16472,0.532386634
16473,0.024264825
16474,0.134188447
16475,0.159664502
16476,0.028632422
16477,0.081181833
16478,0.051531282
16479,0.063122825
16480,0.01614975
16481,0.076906909
16482,0.398216021
16483,0.147098785
16484,0.17276149
16485,0.582126287
16486,0.133017404
16487,0.027637263
16488,0.504861466
16489,0.069354358
16490,0.305724108
16491,0.04714701
16492,0.056569768
16493,0.038875328
16494,0.05984466
16495,0.107838725
16496,0.097687902
16497,0.084856941
16498,0.033491653
16499,0.043694729
16500,0.069291304
16501,0.395700547
16502,0.051386153
16503,0.028487731
16504,0.077064884
16505,0.063192964
16506,0.086230872
16507,0.032403391
16508,0.105166163
16509,0.068771898
16510,0.267076791
16511,0.274408017
16512,0.072340521
16513,0.045431618
16514,0.02220652
16515,0.018498488
16516,0.468886097
16517,0.121032548
16518,0.085587049
16519,0.284035471
16520,0.420623295
16521,0.081627833
16522,0.048956873
16523,0.018881894
16524,0.029155891
16525,0.017981916
16526,0.049619621
16527,0.009649358
16528,0.006017279
16529,0.009941281
16530,0.078203231
16531,0.072111035
16532,0.266763289
16533,0.405456104
16534,0.01768947
16535,0.265759727
16536,0.05384719
16537,0.011515722
16538,0.038574209
16539,0.270196871
16540,0.024722518
16541,0.061184129
16542,0.010630452
16543,0.058345546
16544,0.027523732
16545,0.418322192
16546,0.511675219
16547,0.082732154
16548,0.032901568
16549,0.050850007
16550,0.088199825
16551,0.024138828
16552,0.023466369
16553,0.109012902
16554,0.15278228
16555,0.104412064
16556,0.080571416
16557,0.073555318
16558,0.032948106
16559,0.039288991
16560,0.031941082
16561,0.032825824
16562,0.084865596
16563,0.055668242
16564,0.246014613
16565,0.027652416
16566,0.050103721
16567,0.02933797
16568,0.02048368
16569,0.017700424
16570,0.027984289
16571,0.047262854
16572,0.024932355
16573,0.024561019
16574,0.079539584
16575,0.189662998
16576,0.27576434
16577,0.055803202
16578,0.06343707
16579,0.051088123
16580,0.111423645
16581,0.054452666
16582,0.020885688
16583,0.062390668
16584,0.024333592
16585,0.174371641
16586,0.033073447
16587,0.024436857
16588,0.029241809
16589,0.251471851
16590,0.07291099
16591,0.239022106
16592,0.239833666
16593,0.238848005
16594,0.091021006
16595,0.058748817
16596,0.021798417
16597,0.057786033
16598,0.050077828
16599,0.116909119
16600,0.052200983
16601,0.58463426
16602,0.11976797
16603,0.030128357
16604,0.101815147
16605,0.056345706
16606,0.05122071
16607,0.021337273
16608,0.009536043
16609,0.015686083
16610,0.078550864
16611,0.035656749
16612,0.020388214
16613,0.020997492
16614,0.07892705
16615,0.058560964
16616,0.070656557
16617,0.071780556
16618,0.097476191
16619,0.237860094
16620,0.392915738
16621,0.074796708
16622,0.030790258
16623,0.085225227
16624,0.01738154
16625,0.04278631
16626,0.026259717
16627,0.011005277
16628,0.073897513
16629,0.066366083
16630,0.122548816
16631,0.05961564
16632,0.114857277
16633,0.060195215
16634,0.064479694
16635,0.041919314
16636,0.137672308
16637,0.009269502
16638,0.032561163
16639,0.054146233
16640,0.032812444
16641,0.016949892
16642,0.022345035
16643,0.039361349
16644,0.062675773
16645,0.060585776
16646,0.133474363
16647,0.091726091
16648,0.255620159
16649,0.111373747
16650,0.137859179
16651,0.01473069
16652,0.086674864
16653,0.052384846
16654,0.008413626
16655,0.046567327
16656,0.093201742
16657,0.02769222
16658,0.029658622
16659,0.050398387
16660,0.051666601
16661,0.058301264
16662,0.082580298
16663,0.032943271
16664,0.057932927
16665,0.021448504
16666,0.03096474
16667,0.06352435
16668,0.017767191
16669,0.048760458
16670,0.110124915
16671,0.076261671
16672,0.139758052
16673,0.511151476
16674,0.087784917
16675,0.115894886
16676,0.073319898
16677,0.08407289
16678,0.080825097
16679,0.089747766
16680,0.0565619
16681,0.023521501
16682,0.277702893
16683,0.075408902
16684,0.082242366
16685,0.058844623
16686,0.083774562
16687,0.015858787
16688,0.027514363
16689,0.021017332
16690,0.032387579
16691,0.053831598
16692,0.191059532
16693,0.071752271
16694,0.042654461
16695,0.106459471
16696,0.577024898
16697,0.075338543
16698,0.01817491
16699,0.244056799
16700,0.058935013
16701,0.265820304
16702,0.187646863
16703,0.067679528
16704,0.023974088
16705,0.047346352
16706,0.036973659
16707,0.104929453
16708,0.261617753
16709,0.048416049
16710,0.254709225
16711,0.089197057
16712,0.06085633
16713,0.008887716
16714,0.016427014
16715,0.024545987
16716,0.046746253
16717,0.05903605
16718,0.017946205
16719,0.109735885
16720,0.126289142
16721,0.247684136
16722,0.081895087
16723,0.042349992
16724,0.117966582
16725,0.173731167
16726,0.408596694
16727,0.053495533
16728,0.056972504
16729,0.029900858
16730,0.065688045
16731,0.536699554
16732,0.043048689
16733,0.05553618
16734,0.40057958
16735,0.146165259
16736,0.011672874
16737,0.019639192
16738,0.009471754
16739,0.050885482
16740,0.051687561
16741,0.263502309
16742,0.255591843
16743,0.010670816
16744,0.104693734
16745,0.067893862
16746,0.252532045
16747,0.13641995
16748,0.133386084
16749,0.266989747
16750,0.406117771
16751,0.078449105
16752,0.058325396
16753,0.083321188
16754,0.047614193
16755,0.186996992
16756,0.862674815
16757,0.005621862
16758,0.069864021
16759,0.390694851
16760,0.051280272
16761,0.271245397
16762,0.049914863
16763,0.073852226
16764,0.019254659
16765,0.052119333
16766,0.005512862
16767,0.397037567
16768,0.065633459
16769,0.09082424
16770,0.19983474
16771,0.1306431
16772,0.193884398
16773,0.40210584
16774,0.402589055
16775,0.030651006
16776,0.254972344
16777,0.105259057
16778,0.240889465
16779,0.805961602
16780,0.285434621
16781,0.288246497
16782,0.023059028
16783,0.244560922
16784,0.074294352
16785,0.021507197
16786,0.00908428
16787,0.053848602
16788,0.008529333
16789,0.010919764
16790,0.026123571
16791,0.05831169
16792,0.099298028
16793,0.083890763
16794,0.107065134
16795,0.084324261
16796,0.263455285
16797,0.116356423
16798,0.118622106
16799,0.258370902
16800,0.020828525
16801,0.068082006
16802,0.99493196
16803,0.837462077
16804,0.544459854
16805,0.02874407
16806,0.016698361
16807,0.08428046
16808,0.420510434
16809,0.071623425
16810,0.021148749
16811,0.074878745
16812,0.010644099
16813,0.063355665
16814,0.072643054
16815,0.057202383
16816,0.012030463
16817,0.391777691
16818,0.018368954
16819,0.047678344
16820,0.115207688
16821,0.109693482
16822,0.051785939
16823,0.054451574
16824,0.243175355
16825,0.429643494
16826,0.027580739
16827,0.128638048
16828,0.110672222
16829,0.243893178
16830,0.996369126
16831,0.793223414
16832,0.505049325
16833,0.020349436
16834,0.078101321
16835,0.023205233
16836,0.393197171
16837,0.08252109
16838,0.268195503
16839,0.053612229
16840,0.082770389
16841,0.024088437
16842,0.092497407
16843,0.106389053
16844,0.130535831
16845,0.165359427
16846,0.585566553
16847,0.402053099
16848,0.237991991
16849,0.12823444
16850,0.088960219
16851,0.061255245
16852,0.277580971
16853,0.048350454
16854,0.03985856
16855,0.023429847
16856,0.13678889
16857,0.12713429
16858,0.069176184
16859,0.123188578
16860,0.022013049
16861,0.90276248
16862,0.99487998
16863,0.991449937
16864,0.121609229
16865,0.046570769
16866,0.235983638
16867,0.289663953
16868,0.026958397
16869,0.021290905
16870,0.021678165
16871,0.07094315
16872,0.090494201
16873,0.046868978
16874,0.397563464
16875,0.851385387
16876,0.07655418
16877,0.101781278
16878,0.092239194
16879,0.139249221
16880,0.0688264
16881,0.420714486
16882,0.247292848
16883,0.028632381
16884,0.107575181
16885,0.102560882
16886,0.100531077
16887,0.063662773
16888,0.021467985
16889,0.272436365
16890,0.273602951
16891,0.165055275
16892,0.07782172
16893,0.023819911
16894,0.10338386
16895,0.067589981
16896,0.272312812
16897,0.0313725
16898,0.050108403
16899,0.052331736
16900,0.019390549
16901,0.023001129
16902,0.055153773
16903,0.04936121
16904,0.427964095
16905,0.740626537
16906,0.274925174
16907,0.270680646
16908,0.108016882
16909,0.18130179
16910,0.242171196
16911,0.528216661
16912,0.079955523
16913,0.050152859
16914,0.036794497
16915,0.129180896
16916,0.264672075
16917,0.130776966
16918,0.283259703
16919,0.273768195
16920,0.249011749
16921,0.991964842
16922,0.237960693
16923,0.020286965
16924,0.134159253
16925,0.250099893
16926,0.027008436
16927,0.052630989
16928,0.169739656
16929,0.075063673
16930,0.038391221
16931,0.04657145
16932,0.057613162
16933,0.125361914
16934,0.391331344
16935,0.27837976
16936,0.438898431
16937,0.290797666
16938,0.14201363
16939,0.143199643
16940,0.389935888
16941,0.025350596
16942,0.154400148
16943,0.07563594
16944,0.054841221
16945,0.395173285
16946,0.270545977
16947,0.061136835
16948,0.016428449
16949,0.567575089
16950,0.396699776
16951,0.077482388
16952,0.118831759
16953,0.080867903
16954,0.054070519
16955,0.010443247
16956,0.035979474
16957,0.05386315
16958,0.080854781
16959,0.082635238
16960,0.126960575
16961,0.389429474
16962,0.736484245
16963,0.393705066
16964,0.387268082
16965,0.574179679
16966,0.094890611
16967,0.06100607
16968,0.070112875
16969,0.238522828
16970,0.16959052
16971,0.064367404
16972,0.022803056
16973,0.068334114
16974,0.125003664
16975,0.019759297
16976,0.047819112
16977,0.110227855
16978,0.034756703
16979,0.050078213
16980,0.022003312
16981,0.007880129
16982,0.034885739
16983,0.08841284
16984,0.058512717
16985,0.08180944
16986,0.267470854
16987,0.265384791
16988,0.428012685
16989,0.777536034
16990,0.651394353
16991,0.287691467
16992,0.121459003
16993,0.045882186
16994,0.024355591
16995,0.051586031
16996,0.099234602
16997,0.015455423
16998,0.009763916
16999,0.029021147
17000,0.903770104
17001,0.041389863
17002,0.019424953
17003,0.0577713
17004,0.051988929
17005,0.088936872
17006,0.035636781
17007,0.054401868
17008,0.017898166
17009,0.053309155
17010,0.016762522
17011,0.019955446
17012,0.030362147
17013,0.085160651
17014,0.105376952
17015,0.532543152
17016,0.395742056
17017,0.240051055
17018,0.872487312
17019,0.392142756
17020,0.478644905
17021,0.246069688
17022,0.046136237
17023,0.031540982
17024,0.038420806
17025,0.055123947
17026,0.061317673
17027,0.056132555
17028,0.068117362
17029,0.418092763
17030,0.243928492
17031,0.399024595
17032,0.045604672
17033,0.092514475
17034,0.113118919
17035,0.122938038
17036,0.15584666
17037,0.046134397
17038,0.031092824
17039,0.010995021
17040,0.044391184
17041,0.139132937
17042,0.87439078
17043,0.423633756
17044,0.531303177
17045,0.253384214
17046,0.399625456
17047,0.176336417
17048,0.09133973
17049,0.045487506
17050,0.013263526
17051,0.025718997
17052,0.038887322
17053,0.128426459
17054,0.11569291
17055,0.076846541
17056,0.267313519
17057,0.060973456
17058,0.011679394
17059,0.393245913
17060,0.063370228
17061,0.009972211
17062,0.114102738
17063,0.245992863
17064,0.046437149
17065,0.003441067
17066,0.422362947
17067,0.153179493
17068,0.074563098
17069,0.111378911
17070,0.032202738
17071,0.087037435
17072,0.085343457
17073,0.05625782
17074,0.127858428
17075,0.111465564
17076,0.04203022
17077,0.009631881
17078,0.24111369
17079,0.012684548
17080,0.093917009
17081,0.037067603
17082,0.122992506
17083,0.050613839
17084,0.062409286
17085,0.008521648
17086,0.056867582
17087,0.164174815
17088,0.399773089
17089,0.525546266
17090,0.117264691
17091,0.030493318
17092,0.053752129
17093,0.019230923
17094,0.064045576
17095,0.142341996
17096,0.014634931
17097,0.031123922
17098,0.021011721
17099,0.032326883
17100,0.010647946
17101,0.032522417
17102,0.075273361
17103,0.083516272
17104,0.382739343
17105,0.015720403
17106,0.01898826
17107,0.048076622
17108,0.062900012
17109,0.090448301
17110,0.39054435
17111,0.110091602
17112,0.014653792
17113,0.132052645
17114,0.033169557
17115,0.072345653
17116,0.122390267
17117,0.041520786
17118,0.019109605
17119,0.192771783
17120,0.008349349
17121,0.016985651
17122,0.031165838
17123,0.12373404
17124,0.075779054
17125,0.059152958
17126,0.021341465
17127,0.029238078
17128,0.063684548
17129,0.268641611
17130,0.031594139
17131,0.028084242
17132,0.021977633
17133,0.049028151
17134,0.065453279
17135,0.181067485
17136,0.072490989
17137,0.257908752
17138,0.101439983
17139,0.032123761
17140,0.014586985
17141,0.057384312
17142,0.046017069
17143,0.032602792
17144,0.265397073
17145,0.139182507
17146,0.020346139
17147,0.081027383
17148,0.047827523
17149,0.01149097
17150,0.387983779
17151,0.573260022
17152,0.240585254
17153,0.076052623
17154,0.012829574
17155,0.086229177
17156,0.04876825
17157,0.078665742
17158,0.084274656
17159,0.088104004
17160,0.901211388
17161,0.018818115
17162,0.07913581
17163,0.07935967
17164,0.081600652
17165,0.020269532
17166,0.052337622
17167,0.150704357
17168,0.526609465
17169,0.067488403
17170,0.133793823
17171,0.032708546
17172,0.045952839
17173,0.025378243
17174,0.083833943
17175,0.02345859
17176,0.024005903
17177,0.001296997
17178,0.054534046
17179,0.052936087
17180,0.024780939
17181,0.050016797
17182,0.015174352
17183,0.017582771
17184,0.120175993
17185,0.033810248
17186,0.040785331
17187,0.020122899
17188,0.031910462
17189,0.080131935
17190,0.098186071
17191,0.028184932
17192,0.058557576
17193,0.828280397
17194,0.064638529
17195,0.112207545
17196,0.043265862
17197,0.042653198
17198,0.053899544
17199,0.058966843
17200,0.01774809
17201,0.018871662
17202,0.278538241
17203,0.033488655
17204,0.00482513
17205,0.002616127
17206,0.008329457
17207,0.017293587
17208,0.010074699
17209,0.044338617
17210,0.123529152
17211,0.024483259
17212,0.009895022
17213,0.099622746
17214,0.051562383
17215,0.027887312
17216,0.050477939
17217,0.392810378
17218,0.025442626
17219,0.005838818
17220,0.023688063
17221,0.044860499
17222,0.008177924
17223,0.041228044
17224,0.142011232
17225,0.073199516
17226,0.018150535
17227,0.017171574
17228,0.060748015
17229,0.145585545
17230,0.087109279
17231,0.064724614
17232,0.068201633
17233,0.022404833
17234,0.049573536
17235,0.017542485
17236,0.247247731
17237,0.266908951
17238,0.128317869
17239,0.007207824
17240,0.007639759
17241,0.03522563
17242,0.014814296
17243,0.014976039
17244,0.018464615
17245,0.009471477
17246,0.022235737
17247,0.020344218
17248,0.018670772
17249,0.011542752
17250,0.02282287
17251,0.056419819
17252,0.055163344
17253,0.116594509
17254,0.004351816
17255,0.134342367
17256,0.011801881
17257,0.191385755
17258,0.012485714
17259,0.024080168
17260,0.009915811
17261,0.009488274
17262,0.016262519
17263,0.017493133
17264,0.015366017
17265,0.026178009
17266,0.011094505
17267,0.008848415
17268,0.079077053
17269,0.025526816
17270,0.054105236
17271,0.058895383
17272,0.017448295
17273,0.011642567
17274,0.010223619
17275,0.117830206
17276,0.034260169
17277,0.05552713
17278,0.003957658
17279,0.009711734
17280,0.029468117
17281,0.084485907
17282,0.003503534
17283,0.011741527
17284,0.195473656
17285,0.061990976
17286,0.072750289
17287,0.073286554
17288,0.023621645
17289,0.078072451
17290,0.029062219
17291,0.010627711
17292,0.003056346
17293,0.083319844
17294,0.100236292
17295,0.006260909
17296,0.124034863
17297,0.014133564
17298,0.029461181
17299,0.035146527
17300,0.027429357
17301,0.02573846
17302,0.011437988
17303,0.010749911
17304,0.01076262
17305,0.029047895
17306,0.011275285
17307,0.062426172
17308,0.064737451
17309,0.004359867
17310,0.268173915
17311,0.021057661
17312,0.029214614
17313,0.01742054
17314,0.004641059
17315,0.022614252
17316,0.050282111
17317,0.023138368
17318,0.014918604
17319,0.029360656
17320,0.019939064
17321,0.02868406
17322,0.017182415
17323,0.032176348
17324,0.161609236
17325,0.17761799
17326,0.087870755
17327,0.026726943
17328,0.050850841
17329,0.037207389
17330,0.064693513
17331,0.251205526
17332,0.033153236
17333,0.04850818
17334,0.098535363
17335,0.041578544
17336,0.033513124
17337,0.126228142
17338,0.086053234
17339,0.053620315
17340,0.16532945
17341,0.456294329
17342,0.037153642
17343,0.055943005
17344,0.041895242
17345,0.271087877
17346,0.082803766
17347,0.289633333
17348,0.095945441
17349,0.137135355
17350,0.056380301
17351,0.01816409
17352,0.015555725
17353,0.018397574
17354,0.01108937
17355,0.456800643
17356,0.038447521
17357,0.59485347
17358,0.254520235
17359,0.044150667
17360,0.259416981
17361,0.022717343
17362,0.067119472
17363,0.033860176
17364,0.021007013
17365,0.012839966
17366,0.127157747
17367,0.25767824
17368,0.541135702
17369,0.501526217
17370,0.132906918
17371,0.258416956
17372,0.0680859
17373,0.033191495
17374,0.058717173
17375,0.012941941
17376,0.072023016
17377,0.031777236
17378,0.407471711
17379,0.128761515
17380,0.256376891
17381,0.537744823
17382,0.102586086
17383,0.021281877
17384,0.480978488
17385,0.066914663
17386,0.297139917
17387,0.057217642
17388,0.055288475
17389,0.03292566
17390,0.073569248
17391,0.02111709
17392,0.102258146
17393,0.092353529
17394,0.08264283
17395,0.033607124
17396,0.051885193
17397,0.0782403
17398,0.389186733
17399,0.05373086
17400,0.030810881
17401,0.074588461
17402,0.062981088
17403,0.087008041
17404,0.031779128
17405,0.045675068
17406,0.050819263
17407,0.10039613
17408,0.026359134
17409,0.07307228
17410,0.176129581
17411,0.280384982
17412,0.05538663
17413,0.039963072
17414,0.020227349
17415,0.018111759
17416,0.013458942
17417,0.49784863
17418,0.123372895
17419,0.081362321
17420,0.412900078
17421,0.307096372
17422,0.010262421
17423,0.087599742
17424,0.061114009
17425,0.021013448
17426,0.025764718
17427,0.019676424
17428,0.008008729
17429,0.033683351
17430,0.006147918
17431,0.146087279
17432,0.082633628
17433,0.074368575
17434,0.102018939
17435,0.281541855
17436,0.416792742
17437,0.018754188
17438,0.257660583
17439,0.055878121
17440,0.008613616
17441,0.02521729
17442,0.024371331
17443,0.043250741
17444,0.274896055
17445,0.068277527
17446,0.009264603
17447,0.058438471
17448,0.062447813
17449,0.253768671
17450,0.500114341
17451,0.070709917
17452,0.06807811
17453,0.034689215
17454,0.048878121
17455,0.071983819
17456,0.022600761
17457,0.020526388
17458,0.012452629
17459,0.140294722
17460,0.186073752
17461,0.099290714
17462,0.092087001
17463,0.068558683
17464,0.008694509
17465,0.035926922
17466,0.035136975
17467,0.027345627
17468,0.094031955
17469,0.060776799
17470,0.236804209
17471,0.020018002
17472,0.045963716
17473,0.03305166
17474,0.018216153
17475,0.014785737
17476,0.026850587
17477,0.048625346
17478,0.030276394
17479,0.017539811
17480,0.075149268
17481,0.193198603
17482,0.280790198
17483,0.051838824
17484,0.051918412
17485,0.041548606
17486,0.11404612
17487,0.063789439
17488,0.014132925
17489,0.064293958
17490,0.010630286
17491,0.027839183
17492,0.171686516
17493,0.029643699
17494,0.022558185
17495,0.032953957
17496,0.069615129
17497,0.0655091
17498,0.234713981
17499,0.236270327
17500,0.233776093
17501,0.073360677
17502,0.050541869
17503,0.023181742
17504,0.058670803
17505,0.057801185
17506,0.011228669
17507,0.114988024
17508,0.055978118
17509,0.55247182
17510,0.109000235
17511,0.028886848
17512,0.112314048
17513,0.047621341
17514,0.042971642
17515,0.02119419
17516,0.08387561
17517,0.01943458
17518,0.022116308
17519,0.079440303
17520,0.053138711
17521,0.07745885
17522,0.06854852
17523,0.105240321
17524,0.239679582
17525,0.288443262
17526,0.08672702
17527,0.026677614
17528,0.081108921
17529,0.018112695
17530,0.049596912
17531,0.077838543
17532,0.066903974
17533,0.121473672
17534,0.049982304
17535,0.099389567
17536,0.058045326
17537,0.061479631
17538,0.038359339
17539,0.02094651
17540,0.134832349
17541,0.008986313
17542,0.031624021
17543,0.061248092
17544,0.032326988
17545,0.009243041
17546,0.021229079
17547,0.040829319
17548,0.065142349
17549,0.072050338
17550,0.124996384
17551,0.083292756
17552,0.248508309
17553,0.237756197
17554,0.156081229
17555,0.011257368
17556,0.089618037
17557,0.056629568
17558,0.048815701
17559,0.082620953
17560,0.031752399
17561,0.052762666
17562,0.010015556
17563,0.047824385
17564,0.083623214
17565,0.033499413
17566,0.061259904
17567,0.009017111
17568,0.02041234
17569,0.030561345
17570,0.069793419
17571,0.014346308
17572,0.042031406
17573,0.109640299
17574,0.068562666
17575,0.134024959
17576,0.309023666
17577,0.093372709
17578,0.101680799
17579,0.073007765
17580,0.071161287
17581,0.078067569
17582,0.08938111
17583,0.06044857
17584,0.011096111
17585,0.018960734
17586,0.282762342
17587,0.075313024
17588,0.086649739
17589,0.063310922
17590,0.083387411
17591,0.028807102
17592,0.016573008
17593,0.026135229
17594,0.047513437
17595,0.182442499
17596,0.063033957
17597,0.056999968
17598,0.103143135
17599,0.554144541
17600,0.085232566
17601,0.018714179
17602,0.451075805
17603,0.059034123
17604,0.260644804
17605,0.171524735
17606,0.061811468
17607,0.025217934
17608,0.054057093
17609,0.093766605
17610,0.175710479
17611,0.047820931
17612,0.263082398
17613,0.088028935
17614,0.061015291
17615,0.018242931
17616,0.019980052
17617,0.022442281
17618,0.047941406
17619,0.063077857
17620,0.012244731
17621,0.113478631
17622,0.119899721
17623,0.14238273
17624,0.076290696
17625,0.034317414
17626,0.118285954
17627,0.253962466
17628,0.3944658
17629,0.058509663
17630,0.055039318
17631,0.027866228
17632,0.00781277
17633,0.063130538
17634,0.578528019
17635,0.064510495
17636,0.405823142
17637,0.255271747
17638,0.010213277
17639,0.010117319
17640,0.009326698
17641,0.051338481
17642,0.052086643
17643,0.254876836
17644,0.249567248
17645,0.104723929
17646,0.064582353
17647,0.142235831
17648,0.130968521
17649,0.128829429
17650,0.188462435
17651,0.39064372
17652,0.104525213
17653,0.061066514
17654,0.07781685
17655,0.061622626
17656,0.28120987
17657,0.845523711
17658,0.070107806
17659,0.399256254
17660,0.048994884
17661,0.269270426
17662,0.014302381
17663,0.053574289
17664,0.081782785
17665,0.019482419
17666,0.046494669
17667,0.005966885
17668,0.391121098
17669,0.070034553
17670,0.091050931
17671,0.250879056
17672,0.123865614
17673,0.212173264
17674,0.400662854
17675,0.396099247
17676,0.153244106
17677,0.23685931
17678,0.236063321
17679,0.863190341
17680,0.319889481
17681,0.423993542
17682,0.026497718
17683,0.253943548
17684,0.089122646
17685,0.021783719
17686,0.025341801
17687,0.011010474
17688,0.051038613
17689,0.008943247
17690,0.024982903
17691,0.069545147
17692,0.089490553
17693,0.101206415
17694,0.104519047
17695,0.094650409
17696,0.233377077
17697,0.242375043
17698,0.104559046
17699,0.449248758
17700,0.022071627
17701,0.063944803
17702,0.987653899
17703,0.883738065
17704,0.512358721
17705,0.005432662
17706,0.027506151
17707,0.017595909
17708,0.088462388
17709,0.407056741
17710,0.082769826
17711,0.017454619
17712,0.083359287
17713,0.00804178
17714,0.051201617
17715,0.079062241
17716,0.058405891
17717,0.012438929
17718,0.40646807
17719,0.018821093
17720,0.045932931
17721,0.239708029
17722,0.105257511
17723,0.052234103
17724,0.057945903
17725,0.246592449
17726,0.467880626
17727,0.028422708
17728,0.116064277
17729,0.103206703
17730,0.094115376
17731,0.96675203
17732,0.82657479
17733,0.554642193
17734,0.019452788
17735,0.078619022
17736,0.020336156
17737,0.315843875
17738,0.094035629
17739,0.264343442
17740,0.076434825
17741,0.020663463
17742,0.120263341
17743,0.098036715
17744,0.144984191
17745,0.162971736
17746,0.526261516
17747,0.411721576
17748,0.23247592
17749,0.129678178
17750,0.089245888
17751,0.059520748
17752,0.10537426
17753,0.048230994
17754,0.032640329
17755,0.136425375
17756,0.135819967
17757,0.060622978
17758,0.110940256
17759,0.029160044
17760,0.84663171
17761,0.985360255
17762,0.988879532
17763,0.138309166
17764,0.052519337
17765,0.238729501
17766,0.300450799
17767,0.015248863
17768,0.02155928
17769,0.063420029
17770,0.095542835
17771,0.053791459
17772,0.409731057
17773,0.960640243
17774,0.071942121
17775,0.09846829
17776,0.086231398
17777,0.156148906
17778,0.064429324
17779,0.445754359
17780,0.113092195
17781,0.030890668
17782,0.077773897
17783,0.093103663
17784,0.104714902
17785,0.058653815
17786,0.022608793
17787,0.275585089
17788,0.393714958
17789,0.150018102
17790,0.069175761
17791,0.091524568
17792,0.067110039
17793,0.264800801
17794,0.028324714
17795,0.052512578
17796,0.044253687
17797,0.016298138
17798,0.019582777
17799,0.063602663
17800,0.044765251
17801,0.443903431
17802,0.711897468
17803,0.262305872
17804,0.26597381
17805,0.110776489
17806,0.161689772
17807,0.16860017
17808,0.56282272
17809,0.077497155
17810,0.027945926
17811,0.048427807
17812,0.034644222
17813,0.138725841
17814,0.162226475
17815,0.141586988
17816,0.43404702
17817,0.283107523
17818,0.254862893
17819,0.989503471
17820,0.122880522
17821,0.021331104
17822,0.11301973
17823,0.24486392
17824,0.027436187
17825,0.064174972
17826,0.186295905
17827,0.072460918
17828,0.03435183
17829,0.043831614
17830,0.054374597
17831,0.232985958
17832,0.394026633
17833,0.279094833
17834,0.449723985
17835,0.406247231
17836,0.146178545
17837,0.129050053
17838,0.283171483
17839,0.03016924
17840,0.164270444
17841,0.074764774
17842,0.054318429
17843,0.40875985
17844,0.28251659
17845,0.051614588
17846,0.01013857
17847,0.524160659
17848,0.421712758
17849,0.080949056
17850,0.092620069
17851,0.077183428
17852,0.057933262
17853,0.009955393
17854,0.033332274
17855,0.054344535
17856,0.095391591
17857,0.08852446
17858,0.111709408
17859,0.385957532
17860,0.712492957
17861,0.394813383
17862,0.401773257
17863,0.574902024
17864,0.093627776
17865,0.060635467
17866,0.066004756
17867,0.128644542
17868,0.159754959
17869,0.068251717
17870,0.032839261
17871,0.091113984
17872,0.107776043
17873,0.018954994
17874,0.050066816
17875,0.098912458
17876,0.029791504
17877,0.013568346
17878,0.016315917
17879,0.01001502
17880,0.032781215
17881,0.086016275
17882,0.061817008
17883,0.078806742
17884,0.251167429
17885,0.161929376
17886,0.471878285
17887,0.821005768
17888,0.642096148
17889,0.285882017
17890,0.113513659
17891,0.051811174
17892,0.025517569
17893,0.044129866
17894,0.093159319
17895,0.013289592
17896,0.008799173
17897,0.035928507
17898,0.969067603
17899,0.047368927
17900,0.019367539
17901,0.076749139
17902,0.056928742
17903,0.088771572
17904,0.035023534
17905,0.049160352
17906,0.017615958
17907,0.039907418
17908,0.011674824
17909,0.01768817
17910,0.027419042
17911,0.081470002
17912,0.111163383
17913,0.532977919
17914,0.397644492
17915,0.235033908
17916,0.884449403
17917,0.396097319
17918,0.48256399
17919,0.254095661
17920,0.043882725
17921,0.027301968
17922,0.037305175
17923,0.075734428
17924,0.055324189
17925,0.039517264
17926,0.070278734
17927,0.421636132
17928,0.241525269
17929,0.396522081
17930,0.032203967
17931,0.137813646
17932,0.113049777
17933,0.108752932
17934,0.141145398
17935,0.051765079
17936,0.037333915
17937,0.042463449
17938,0.13676316
17939,0.916750132
17940,0.42822459
17941,0.539466666
17942,0.465691006
17943,0.272011247
17944,0.243850578
17945,0.10372048
17946,0.034747999
17947,0.024614879
17948,0.009459629
17949,0.0508931
17950,0.033033279
17951,0.124529367
17952,0.105355756
17953,0.070945383
17954,0.177430938
17955,0.021494955
17956,0.057741084
17957,0.008925594
17958,0.398326655
17959,0.048712589
17960,0.009274314
17961,0.011630671
17962,0.099107686
17963,0.244751248
17964,0.046038343
17965,0.003100098
17966,0.233964723
17967,0.261211506
17968,0.076661594
17969,0.102775019
17970,0.034894696
17971,0.090849918
17972,0.08312169
17973,0.057448196
17974,0.128409975
17975,0.104270496
17976,0.053411684
17977,0.033904205
17978,0.103182094
17979,0.081444498
17980,0.038465707
17981,0.130585578
17982,0.051469316
17983,0.064830459
17984,0.004924394
17985,0.059721419
17986,0.166366152
17987,0.402642217
17988,0.509026809
17989,0.112980728
17990,0.02069295
17991,0.026855837
17992,0.050384799
17993,0.017135158
17994,0.065434568
17995,0.128803306
17996,0.014933295
17997,0.031427913
17998,0.018634842
17999,0.01596009
18000,0.015729752
18001,0.028830669
18002,0.069123967
18003,0.070629013
18004,0.392965174
18005,0.012927575
18006,0.017428479
18007,0.272161355
18008,0.068701335
18009,0.081705802
18010,0.390959986
18011,0.116518419
18012,0.012293293
18013,0.134477505
18014,0.024984993
18015,0.070448075
18016,0.123825479
18017,0.020258618
18018,0.174446328
18019,0.027682565
18020,0.121405195
18021,0.06459057
18022,0.054052558
18023,0.017678971
18024,0.029480835
18025,0.072270792
18026,0.29850593
18027,0.026650086
18028,0.021226543
18029,0.02647
18030,0.052340903
18031,0.06614179
18032,0.168745105
18033,0.075065175
18034,0.255844186
18035,0.086531998
18036,0.034372375
18037,0.014136669
18038,0.055252511
18039,0.048703601
18040,0.033166894
18041,0.272615899
18042,0.166511431
18043,0.017829681
18044,0.0823927
18045,0.053225588
18046,0.009428422
18047,0.012206577
18048,0.397250124
18049,0.540110308
18050,0.239235791
18051,0.068874325
18052,0.094269298
18053,0.04924386
18054,0.048818332
18055,0.100450419
18056,0.091393706
18057,0.076091737
18058,0.893553306
18059,0.070510564
18060,0.019684489
18061,0.070178527
18062,0.078027976
18063,0.020548705
18064,0.041024017
18065,0.14543453
18066,0.54071483
18067,0.057270985
18068,0.246720321
18069,0.024756964
18070,0.0576993
18071,0.021917496
18072,0.077015858
18073,0.024667684
18074,0.025885609
18075,0.001528733
18076,0.050896041
18077,0.053108821
18078,0.030861455
18079,0.021419003
18080,0.063976315
18081,0.0166175
18082,0.122789006
18083,0.022460831
18084,0.053513691
18085,0.016529525
18086,0.033344492
18087,0.07584404
18088,0.087294212
18089,0.032446017
18090,0.050986705
18091,0.882201905
18092,0.061932427
18093,0.238114783
18094,0.047168201
18095,0.053194149
18096,0.045663261
18097,0.057802548
18098,0.011828895
18099,0.300043449
18100,0.030907488
18101,0.007407302
18102,0.015075328
18103,0.061141008
18104,0.103111921
18105,0.022110078
18106,0.109996005
18107,0.050694273
18108,0.027185052
18109,0.051664779
18110,0.39108175
18111,0.028042292
18112,0.023178849
18113,0.011091081
18114,0.020215706
18115,0.008950869
18116,0.052240716
18117,0.038009932
18118,0.149892326
18119,0.08252227
18120,0.017236957
18121,0.057411289
18122,0.142631087
18123,0.093992877
18124,0.064340319
18125,0.08341541
18126,0.027054262
18127,0.047343707
18128,0.240501881
18129,0.258753273
18130,0.132269038
18131,0.00588479
18132,0.035425734
18133,0.014242452
18134,0.010833831
18135,0.018010793
18136,0.011695548
18137,0.015373392
18138,0.019380303
18139,0.022461947
18140,0.056303161
18141,0.050209412
18142,0.119452856
18143,0.005086904
18144,0.124765388
18145,0.009198604
18146,0.174697294
18147,0.021328912
18148,0.01031036
18149,0.010360523
18150,0.014117677
18151,0.022753417
18152,0.012134078
18153,0.025524752
18154,0.008568398
18155,0.074963342
18156,0.026787982
18157,0.051569047
18158,0.014572276
18159,0.051279289
18160,0.016444057
18161,0.012037549
18162,0.00692658
18163,0.009442482
18164,0.110513751
18165,0.027701087
18166,0.056203265
18167,0.004181976
18168,0.035742532
18169,0.015644114
18170,0.078928741
18171,0.286909166
18172,0.065550242
18173,0.063460337
18174,0.068170373
18175,0.081949784
18176,0.027118053
18177,0.008674523
18178,0.082319907
18179,0.097540959
18180,0.006779564
18181,0.148806254
18182,0.014544446
18183,0.028017097
18184,0.035802485
18185,0.034885883
18186,0.020302609
18187,0.026477598
18188,0.004972229
18189,0.012897836
18190,0.010448068
18191,0.007270635
18192,0.032122695
18193,0.010645264
18194,0.006398775
18195,0.067723521
18196,0.061309064
18197,0.007049025
18198,0.005027492
18199,0.25480833
18200,0.015807656
18201,0.022446331
18202,0.01496595
18203,0.029242077
18204,0.004506142
18205,0.009705914
18206,0.016873033
18207,0.057258213
18208,0.01815417
18209,0.016314686
18210,0.027730625
18211,0.031811099
18212,0.008590026
18213,0.009872624
18214,0.038274396
18215,0.147287541
18216,0.165914557
18217,0.020267387
18218,0.087049639
18219,0.025988008
18220,0.007529784
18221,0.040431228
18222,0.057949188
18223,0.257503373
18224,0.030294397
18225,0.053681239
18226,0.100879525
18227,0.039084506
18228,0.02676949
18229,0.119066053
18230,0.062922103
18231,0.092196705
18232,0.052469562
18233,0.414574797
18234,0.430540277
18235,0.04302692
18236,0.164324467
18237,0.07095292
18238,0.288982671
18239,0.097699895
18240,0.151545598
18241,0.016624525
18242,0.082946534
18243,0.043652607
18244,0.016769787
18245,0.281945368
18246,0.039237413
18247,0.605972124
18248,0.276452827
18249,0.031193071
18250,0.117548355
18251,0.055855876
18252,0.011242959
18253,0.028691131
18254,0.028847522
18255,0.069559736
18256,0.027633357
18257,0.017562487
18258,0.016232331
18259,0.130476808
18260,0.256040925
18261,0.530364477
18262,0.493950692
18263,0.089253862
18264,0.270925431
18265,0.026458304
18266,0.083625247
18267,0.052421194
18268,0.048020573
18269,0.088019348
18270,0.391908189
18271,0.146483436
18272,0.168351159
18273,0.55497876
18274,0.11102664
18275,0.023028493
18276,0.505041687
18277,0.073198659
18278,0.57426535
18279,0.060037913
18280,0.05419612
18281,0.040999597
18282,0.067368653
18283,0.102881849
18284,0.24843603
18285,0.075611714
18286,0.037213878
18287,0.051383878
18288,0.086756879
18289,0.290158143
18290,0.052792464
18291,0.034815727
18292,0.066147596
18293,0.065381087
18294,0.084156107
18295,0.047524989
18296,0.058882917
18297,0.102396826
18298,0.064812466
18299,0.162346583
18300,0.280751443
18301,0.063695999
18302,0.044436457
18303,0.019996731
18304,0.016113351
18305,0.477994532
18306,0.115209919
18307,0.082465314
18308,0.288171505
18309,0.296072387
18310,0.079887004
18311,0.05622093
18312,0.019003954
18313,0.026696586
18314,0.015992429
18315,0.00714963
18316,0.005254181
18317,0.138165802
18318,0.014484039
18319,0.090950482
18320,0.071526285
18321,0.09346405
18322,0.177130169
18323,0.412671311
18324,0.017360744
18325,0.28385152
18326,0.056310926
18327,0.009778788
18328,0.035638567
18329,0.024532073
18330,0.174136261
18331,0.069972513
18332,0.009367125
18333,0.05662851
18334,0.05789806
18335,0.030375177
18336,0.115647488
18337,0.513837765
18338,0.065347936
18339,0.087517964
18340,0.02101271
18341,0.029393064
18342,0.045748524
18343,0.075407398
18344,0.01029692
18345,0.027192379
18346,0.014733242
18347,0.139679622
18348,0.160664103
18349,0.095075294
18350,0.095631914
18351,0.071330353
18352,0.035373805
18353,0.035851988
18354,0.029193869
18355,0.027375414
18356,0.099899913
18357,0.060608821
18358,0.249886936
18359,0.019262998
18360,0.038409543
18361,0.033821137
18362,0.017711079
18363,0.01399853
18364,0.022171762
18365,0.049428243
18366,0.027123108
18367,0.071315753
18368,0.195027608
18369,0.418707851
18370,0.05432643
18371,0.060456764
18372,0.043480846
18373,0.125893469
18374,0.05820717
18375,0.016959818
18376,0.070921491
18377,0.172508717
18378,0.028367964
18379,0.017742056
18380,0.029158197
18381,0.006741803
18382,0.265999725
18383,0.069125894
18384,0.251158876
18385,0.269900288
18386,0.247657695
18387,0.072452667
18388,0.047823398
18389,0.021747344
18390,0.061648985
18391,0.057079303
18392,0.013691946
18393,0.122583027
18394,0.076413509
18395,0.548721326
18396,0.111189612
18397,0.028683275
18398,0.121436807
18399,0.05578171
18400,0.043202977
18401,0.021708492
18402,0.072129185
18403,0.024712413
18404,0.018204703
18405,0.018771145
18406,0.078144318
18407,0.073730812
18408,0.251605336
18409,0.072353322
18410,0.107872249
18411,0.246657966
18412,0.402505361
18413,0.086354917
18414,0.024369221
18415,0.091624291
18416,0.017907602
18417,0.048907744
18418,0.008124763
18419,0.024873699
18420,0.010578067
18421,0.079895444
18422,0.059839689
18423,0.119733174
18424,0.056022505
18425,0.102442336
18426,0.062364422
18427,0.059578229
18428,0.050590711
18429,0.131084976
18430,0.033465893
18431,0.056739222
18432,0.039944937
18433,0.026576238
18434,0.042271696
18435,0.067045564
18436,0.064594765
18437,0.130906778
18438,0.087562605
18439,0.270433968
18440,0.129166656
18441,0.143559286
18442,0.014081475
18443,0.082917483
18444,0.009932786
18445,0.055254207
18446,0.00910405
18447,0.046169263
18448,0.091313572
18449,0.027017127
18450,0.047259386
18451,0.049633719
18452,0.013715395
18453,0.05153646
18454,0.083215558
18455,0.036387392
18456,0.053277208
18457,0.02268869
18458,0.068671204
18459,0.013750638
18460,0.04465206
18461,0.114609213
18462,0.069077756
18463,0.138671862
18464,0.305917887
18465,0.097495993
18466,0.111388927
18467,0.07017812
18468,0.084189918
18469,0.074970767
18470,0.087834446
18471,0.055661352
18472,0.010797659
18473,0.018493658
18474,0.177541334
18475,0.068903902
18476,0.091450138
18477,0.061417016
18478,0.076187851
18479,0.026060054
18480,0.019728173
18481,0.023154924
18482,0.044796231
18483,0.194094812
18484,0.062191341
18485,0.050102136
18486,0.104168743
18487,0.57338463
18488,0.087125307
18489,0.02035738
18490,0.423554642
18491,0.065879208
18492,0.267609045
18493,0.173297441
18494,0.067821283
18495,0.020646571
18496,0.054766775
18497,0.14090424
18498,0.043230142
18499,0.098269035
18500,0.165799095
18501,0.044820761
18502,0.276154213
18503,0.081615099
18504,0.058679988
18505,0.01675779
18506,0.020618167
18507,0.026645714
18508,0.050235605
18509,0.06173217
18510,0.014936914
18511,0.116050757
18512,0.120314345
18513,0.251723132
18514,0.08978396
18515,0.040656581
18516,0.115277982
18517,0.176047257
18518,0.394712414
18519,0.064280903
18520,0.057258965
18521,0.022045355
18522,0.008557244
18523,0.066044396
18524,0.516640951
18525,0.048096219
18526,0.066515746
18527,0.403967552
18528,0.170828431
18529,0.019108759
18530,0.009581146
18531,0.008834399
18532,0.047110455
18533,0.05296271
18534,0.267470773
18535,0.251638662
18536,0.103381456
18537,0.071496379
18538,0.132233193
18539,0.118324586
18540,0.134127073
18541,0.18112376
18542,0.397413062
18543,0.106629666
18544,0.023059343
18545,0.059588366
18546,0.079449265
18547,0.049110154
18548,0.390452474
18549,0.901282941
18550,0.004484515
18551,0.067748703
18552,0.400533104
18553,0.050910448
18554,0.393967015
18555,0.057697748
18556,0.075304908
18557,0.017869041
18558,0.050794336
18559,0.409936049
18560,0.070299948
18561,0.094517175
18562,0.253948518
18563,0.128216941
18564,0.2572233
18565,0.390392725
18566,0.397459825
18567,0.029165772
18568,0.254525319
18569,0.253135426
18570,0.112273483
18571,0.883729573
18572,0.293892581
18573,0.410321013
18574,0.024745116
18575,0.131580724
18576,0.085416247
18577,0.022897459
18578,0.023349248
18579,0.006765715
18580,0.012073554
18581,0.06233072
18582,0.007355701
18583,0.010704468
18584,0.028934672
18585,0.256695906
18586,0.088968987
18587,0.086338595
18588,0.106391628
18589,0.084158099
18590,0.251175239
18591,0.272265826
18592,0.023418288
18593,0.110818446
18594,0.25973077
18595,0.065706646
18596,0.995498836
18597,0.855835105
18598,0.522203528
18599,0.02815936
18600,0.089048157
18601,0.415338089
18602,0.078790852
18603,0.017512676
18604,0.065729562
18605,0.009024555
18606,0.062907024
18607,0.090088489
18608,0.053724093
18609,0.011451821
18610,0.391291551
18611,0.017481244
18612,0.047229134
18613,0.099475507
18614,0.105850264
18615,0.052453886
18616,0.049272765
18617,0.248231886
18618,0.424929436
18619,0.02276958
18620,0.118400163
18621,0.103015154
18622,0.270168441
18623,0.981779378
18624,0.773765592
18625,0.511988527
18626,0.018307078
18627,0.064871054
18628,0.022979193
18629,0.314613665
18630,0.083408306
18631,0.268551909
18632,0.083510939
18633,0.0208354
18634,0.092341144
18635,0.129337241
18636,0.132903457
18637,0.173866883
18638,0.534304905
18639,0.419820498
18640,0.247455756
18641,0.138029553
18642,0.089375659
18643,0.061582002
18644,0.10603663
18645,0.051411287
18646,0.037037466
18647,0.129278027
18648,0.157589363
18649,0.061622173
18650,0.109395281
18651,0.026623378
18652,0.887680416
18653,0.984246656
18654,0.977369853
18655,0.12573379
18656,0.043167306
18657,0.120117507
18658,0.393417446
18659,0.029460652
18660,0.022273902
18661,0.019880485
18662,0.068653255
18663,0.085143802
18664,0.060247886
18665,0.409780327
18666,0.954977584
18667,0.070783352
18668,0.099176543
18669,0.093247661
18670,0.145430218
18671,0.057811353
18672,0.414717705
18673,0.251402724
18674,0.030842725
18675,0.093382418
18676,0.103189294
18677,0.109152033
18678,0.053153721
18679,0.023588574
18680,0.259673592
18681,0.297350079
18682,0.162201316
18683,0.066925866
18684,0.023643762
18685,0.096241795
18686,0.056253617
18687,0.280879896
18688,0.044673052
18689,0.049053631
18690,0.048846136
18691,0.020399965
18692,0.02213106
18693,0.061710581
18694,0.05002006
18695,0.431560157
18696,0.782280928
18697,0.2652668
18698,0.171584522
18699,0.106827402
18700,0.167179918
18701,0.142661599
18702,0.519564541
18703,0.07792341
18704,0.030449717
18705,0.037765789
18706,0.032687696
18707,0.111599151
18708,0.165989462
18709,0.128768789
18710,0.426033678
18711,0.267172658
18712,0.252055048
18713,0.977492971
18714,0.112678472
18715,0.017663587
18716,0.139563441
18717,0.250593751
18718,0.027219012
18719,0.062776432
18720,0.48168479
18721,0.074639615
18722,0.042719175
18723,0.042230459
18724,0.057578469
18725,0.247168675
18726,0.399679513
18727,0.408614628
18728,0.454756455
18729,0.389689587
18730,0.1309879
18731,0.146452358
18732,0.387226422
18733,0.149478718
18734,0.075322727
18735,0.053464556
18736,0.397758896
18737,0.278147881
18738,0.054092874
18739,0.015493261
18740,0.551102556
18741,0.290524977
18742,0.004424901
18743,0.072867682
18744,0.103037691
18745,0.089467722
18746,0.054373975
18747,0.009307604
18748,0.009534425
18749,0.014947733
18750,0.030970975
18751,0.057468229
18752,0.084163145
18753,0.095884038
18754,0.132586972
18755,0.395780207
18756,0.722616061
18757,0.389754844
18758,0.392748741
18759,0.542429085
18760,0.080877496
18761,0.018969654
18762,0.064819632
18763,0.070384595
18764,0.143246
18765,0.174984088
18766,0.071151833
18767,0.025069427
18768,0.073376793
18769,0.123463551
18770,0.018407456
18771,0.002081494
18772,0.052595974
18773,0.091532527
18774,0.028158021
18775,0.01696108
18776,0.048264683
18777,0.016862837
18778,0.011749694
18779,0.033186869
18780,0.088738764
18781,0.060241038
18782,0.07246254
18783,0.425898965
18784,0.173490858
18785,0.417247919
18786,0.815828215
18787,0.650570283
18788,0.27552452
18789,0.113675843
18790,0.055416259
18791,0.022189919
18792,0.047171347
18793,0.106696535
18794,0.018112045
18795,0.009137277
18796,0.036595687
18797,0.923993942
18798,0.039742845
18799,0.02417539
18800,0.081486144
18801,0.061623141
18802,0.101634821
18803,0.046505982
18804,0.049758428
18805,0.062250775
18806,0.014043988
18807,0.021418573
18808,0.023226964
18809,0.087411395
18810,0.108541965
18811,0.558984122
18812,0.407618195
18813,0.245677072
18814,0.889852548
18815,0.399126422
18816,0.46418986
18817,0.254361363
18818,0.007906828
18819,0.047000224
18820,0.034513768
18821,0.044676628
18822,0.065142174
18823,0.059914355
18824,0.020764993
18825,0.046639136
18826,0.075362094
18827,0.415015933
18828,0.081786408
18829,0.386373145
18830,0.033721006
18831,0.097131987
18832,0.119083331
18833,0.120247797
18834,0.159080204
18835,0.052705875
18836,0.032783086
18837,0.0475397
18838,0.134159505
18839,0.92807269
18840,0.412900062
18841,0.534233274
18842,0.260422852
18843,0.399369646
18844,0.139158466
18845,0.094184103
18846,0.049760605
18847,0.015583943
18848,0.056625609
18849,0.034866151
18850,0.118857145
18851,0.130096139
18852,0.08356904
18853,0.273817544
18854,0.028378418
18855,0.050391491
18856,0.009772007
18857,0.27180058
18858,0.063631082
18859,0.010141124
18860,0.010045393
18861,0.109976406
18862,0.253061362
18863,0.05142597
18864,0.002944632
18865,0.427307155
18866,0.273971833
18867,0.07542977
18868,0.102370728
18869,0.029933182
18870,0.085514561
18871,0.0857066
18872,0.060335085
18873,0.119425209
18874,0.105757063
18875,0.052521554
18876,0.010338269
18877,0.253840051
18878,0.089349007
18879,0.038231521
18880,0.135356351
18881,0.056273301
18882,0.070798637
18883,0.006414777
18884,0.052535411
18885,0.164925115
18886,0.390858163
18887,0.566982318
18888,0.105193055
18889,0.020698805
18890,0.032582706
18891,0.046213033
18892,0.072716953
18893,0.122422513
18894,0.012991959
18895,0.034285615
18896,0.014824245
18897,0.01692415
18898,0.012171839
18899,0.031301797
18900,0.066821068
18901,0.087168823
18902,0.39295899
18903,0.014816259
18904,0.017796778
18905,0.268492279
18906,0.064445985
18907,0.087462934
18908,0.385588903
18909,0.121790419
18910,0.009831219
18911,0.009936434
18912,0.249325185
18913,0.034776386
18914,0.015815122
18915,0.070464864
18916,0.123620366
18917,0.049015652
18918,0.018386698
18919,0.180814988
18920,0.019572968
18921,0.026336671
18922,0.127073164
18923,0.072825782
18924,0.047531137
18925,0.035281704
18926,0.076031378
18927,0.302754496
18928,0.032095204
18929,0.014411296
18930,0.026208374
18931,0.045661215
18932,0.060624442
18933,0.179758408
18934,0.070372756
18935,0.264140934
18936,0.078487933
18937,0.025797757
18938,0.015837475
18939,0.05651992
18940,0.046401081
18941,0.027479362
18942,0.275265106
18943,0.174110503
18944,0.017242616
18945,0.087336508
18946,0.054608368
18947,0.011657836
18948,0.403761979
18949,0.535553225
18950,0.094624371
18951,0.070763436
18952,0.015963046
18953,0.079612444
18954,0.04424303
18955,0.047567066
18956,0.088756586
18957,0.080397426
18958,0.070630673
18959,0.874911477
18960,0.069691379
18961,0.016465817
18962,0.070239219
18963,0.07476946
18964,0.018239557
18965,0.138329552
18966,0.308505029
18967,0.072434907
18968,0.142984722
18969,0.050664145
18970,0.024603581
18971,0.085127342
18972,0.028437647
18973,0.021529159
18974,0.001208024
18975,0.055995703
18976,0.056360991
18977,0.028028479
18978,0.020696656
18979,0.056377474
18980,0.017836189
18981,0.12775188
18982,0.04456248
18983,0.034072699
18984,0.066840101
18985,0.096336795
18986,0.028840469
18987,0.05319333
18988,0.895391493
18989,0.066825631
18990,0.106364191
18991,0.056603363
18992,0.050751522
18993,0.052656611
18994,0.069820071
18995,0.01195755
18996,0.014187514
18997,0.413316373
18998,0.031091963
18999,0.00465162
19000,0.004109027
19001,0.003621637
19002,0.016414201
19003,0.010684993
19004,0.049949784
19005,0.10107948
19006,0.019268156
19007,0.008199702
19008,0.119661018
19009,0.052690055
19010,0.004338637
19011,0.055029709
19012,0.275010185
19013,0.017808058
19014,0.004702072
19015,0.024489459
19016,0.011015557
19017,0.057140608
19018,0.006203299
19019,0.037044398
19020,0.004245837
19021,0.154368862
19022,0.072746258
19023,0.006472616
19024,0.014071856
19025,0.0148907
19026,0.01860679
19027,0.063010364
19028,0.142140255
19029,0.078387871
19030,0.073319557
19031,0.068021345
19032,0.025432811
19033,0.049023773
19034,0.253775923
19035,0.258134363
19036,0.266172593
19037,0.005832055
19038,0.033762074
19039,0.014652401
19040,0.012276571
19041,0.016816282
19042,0.009641371
19043,0.022595502
19044,0.007452031
19045,0.015562572
19046,0.016652735
19047,0.00834761
19048,0.026230661
19049,0.049243081
19050,0.056279316
19051,0.113265168
19052,0.004998007
19053,0.008634647
19054,0.138266604
19055,0.009293427
19056,0.274121591
19057,0.009277801
19058,0.025128281
19059,0.010517475
19060,0.008808096
19061,0.017585106
19062,0.019265834
19063,0.015152783
19064,0.029406097
19065,0.012599702
19066,0.070526825
19067,0.029231646
19068,0.048308368
19069,0.013523615
19070,0.047761306
19071,0.017534722
19072,0.014037656
19073,0.009012404
19074,0.116734247
19075,0.027140829
19076,0.052612203
19077,0.029087948
19078,0.008581987
19079,0.01715457
19080,0.080990124
19081,0.014141057
19082,0.010811632
19083,0.010194539
19084,0.281988579
19085,0.060951781
19086,0.064954718
19087,0.073355651
19088,0.022181752
19089,0.083712907
19090,0.021666443
19091,0.009700129
19092,0.094545908
19093,0.01738421
19094,0.100471264
19095,0.141447831
19096,0.016357543
19097,0.032251017
19098,0.036849794
19099,0.023198083
19100,0.025846055
19101,0.008253378
19102,0.008113908
19103,0.007434658
19104,0.037841224
19105,0.01024953
19106,0.010804161
19107,0.066352874
19108,0.060157262
19109,0.163884759
19110,0.025202344
19111,0.003514242
19112,0.015989127
19113,0.051755974
19114,0.021360193
19115,0.027543068
19116,0.016223117
19117,0.032277289
19118,0.011155017
19119,0.163102737
19120,0.151598384
19121,0.08189441
19122,0.022088447
19123,0.009812957
19124,0.030803826
19125,0.029512847
19126,0.068413152
19127,0.068390749
19128,0.033226331
19129,0.046783371
19130,0.047109585
19131,0.107806587
19132,0.039783679
19133,0.007370846
19134,0.102260782
19135,0.090938669
19136,0.059367977
19137,0.148354127
19138,0.420860182
19139,0.271971239
19140,0.077483753
19141,0.202211561
19142,0.110232979
19143,0.247524276
19144,0.057117817
19145,0.072085825
19146,0.031449842
19147,0.010474292
19148,0.14197226
19149,0.03448087
19150,0.600696093
19151,0.256726372
19152,0.010159036
19153,0.12481807
19154,0.024657341
19155,0.064009641
19156,0.032594292
19157,0.017754786
19158,0.013026092
19159,0.111797191
19160,0.256109916
19161,0.306383637
19162,0.497220279
19163,0.093502309
19164,0.132778153
19165,0.153430432
19166,0.02015054
19167,0.074178138
19168,0.053985514
19169,0.063791998
19170,0.091554487
19171,0.031638521
19172,0.388216595
19173,0.1411854
19174,0.164867781
19175,0.530077702
19176,0.026191783
19177,0.498249778
19178,0.016842918
19179,0.07159971
19180,0.501440572
19181,0.056888477
19182,0.049545789
19183,0.041045855
19184,0.073261599
19185,0.103204902
19186,0.093387571
19187,0.077268414
19188,0.029789446
19189,0.04464825
19190,0.059510316
19191,0.299750917
19192,0.04885269
19193,0.032985907
19194,0.069459805
19195,0.066790159
19196,0.080288131
19197,0.031047276
19198,0.097719115
19199,0.067254753
19200,0.170737866
19201,0.164292532
19202,0.030826537
19203,0.043908035
19204,0.017211374
19205,0.014407671
19206,0.483153216
19207,0.131683016
19208,0.089894206
19209,0.412753968
19210,0.438771985
19211,0.095066604
19212,0.056149355
19213,0.013657857
19214,0.018357435
19215,0.015947113
19216,0.010182653
19217,0.03510728
19218,0.011235728
19219,0.064818368
19220,0.08074765
19221,0.12061791
19222,0.185254519
19223,0.407666245
19224,0.022286722
19225,0.270372093
19226,0.057557133
19227,0.007901584
19228,0.03121982
19229,0.030351855
19230,0.039547038
19231,0.27395688
19232,0.022271336
19233,0.055367106
19234,0.058406275
19235,0.05458635
19236,0.037789708
19237,0.248935122
19238,0.523410525
19239,0.072416305
19240,0.068145648
19241,0.018951567
19242,0.028536485
19243,0.05097041
19244,0.090338799
19245,0.026187877
19246,0.130045248
19247,0.153074667
19248,0.096403477
19249,0.082096978
19250,0.07414612
19251,0.029258286
19252,0.031532634
19253,0.025781505
19254,0.026403685
19255,0.097207454
19256,0.061139074
19257,0.243800868
19258,0.021491155
19259,0.054270137
19260,0.026744941
19261,0.01827526
19262,0.015417797
19263,0.023701199
19264,0.050935849
19265,0.024363588
19266,0.076744195
19267,0.197061377
19268,0.395712609
19269,0.054338375
19270,0.048991356
19271,0.036061675
19272,0.092595773
19273,0.07163801
19274,0.014512759
19275,0.066467354
19276,0.023363203
19277,0.150624257
19278,0.028386076
19279,0.024010144
19280,0.030241274
19281,0.006744902
19282,0.249626758
19283,0.068611551
19284,0.241027059
19285,0.242571617
19286,0.23859754
19287,0.073878821
19288,0.058579037
19289,0.020953504
19290,0.056248104
19291,0.060103572
19292,0.00962418
19293,0.124390871
19294,0.054937194
19295,0.542920123
19296,0.120136729
19297,0.02584796
19298,0.124091955
19299,0.051257287
19300,0.021720767
19301,0.011741541
19302,0.09291723
19303,0.029544596
19304,0.014532837
19305,0.01617174
19306,0.020889939
19307,0.07427851
19308,0.062025024
19309,0.243564111
19310,0.066427602
19311,0.101197037
19312,0.23356314
19313,0.400058678
19314,0.070151069
19315,0.028451649
19316,0.065016815
19317,0.017763071
19318,0.047524784
19319,0.006299261
19320,0.03041643
19321,0.008080683
19322,0.07768481
19323,0.063266903
19324,0.126750037
19325,0.054475628
19326,0.099711878
19327,0.056180959
19328,0.059485712
19329,0.044425554
19330,0.15016834
19331,0.00908382
19332,0.057531086
19333,0.030137763
19334,0.008877833
19335,0.021904038
19336,0.039303047
19337,0.066221732
19338,0.064432377
19339,0.130772809
19340,0.072107095
19341,0.252595751
19342,0.114862876
19343,0.138918733
19344,0.009472865
19345,0.09213902
19346,0.048398875
19347,0.051955774
19348,0.076029556
19349,0.026847123
19350,0.051244253
19351,0.045029012
19352,0.06093164
19353,0.074861118
19354,0.034051772
19355,0.06087402
19356,0.026342137
19357,0.028708227
19358,0.075794346
19359,0.010704348
19360,0.03994693
19361,0.136377689
19362,0.068409837
19363,0.130000217
19364,0.308224597
19365,0.085848893
19366,0.266569892
19367,0.072955584
19368,0.071968363
19369,0.082740819
19370,0.090161437
19371,0.062531438
19372,0.011081151
19373,0.016901226
19374,0.269671606
19375,0.079610652
19376,0.07909913
19377,0.055545732
19378,0.073372858
19379,0.018433565
19380,0.022734634
19381,0.054636628
19382,0.30042202
19383,0.061086049
19384,0.054451125
19385,0.094995773
19386,0.548991533
19387,0.075386505
19388,0.022001334
19389,0.418498268
19390,0.059051965
19391,0.261803019
19392,0.180912584
19393,0.072447927
19394,0.019051067
19395,0.050363132
19396,0.051431217
19397,0.101503242
19398,0.161426491
19399,0.057693807
19400,0.158524519
19401,0.081927444
19402,0.066250847
19403,0.016383057
19404,0.020888195
19405,0.055881733
19406,0.067993012
19407,0.014443456
19408,0.11187591
19409,0.131524922
19410,0.147949659
19411,0.075173857
19412,0.035905703
19413,0.108760362
19414,0.178120505
19415,0.392229583
19416,0.060383905
19417,0.009698215
19418,0.05418742
19419,0.022352536
19420,0.009420161
19421,0.062834111
19422,0.524139771
19423,0.046719795
19424,0.0556514
19425,0.395969953
19426,0.25568576
19427,0.00882407
19428,0.007918785
19429,0.044333967
19430,0.060030986
19431,0.25297053
19432,0.416577779
19433,0.106859293
19434,0.088029145
19435,0.260113295
19436,0.136134658
19437,0.132976425
19438,0.263313831
19439,0.411736322
19440,0.097076655
19441,0.050578519
19442,0.088874237
19443,0.04649108
19444,0.277540658
19445,0.849584064
19446,0.072000022
19447,0.302896031
19448,0.050167422
19449,0.183240573
19450,0.052270906
19451,0.067455292
19452,0.023084596
19453,0.051234213
19454,0.006252588
19455,0.395054623
19456,0.285502108
19457,0.093107185
19458,0.265009033
19459,0.11844164
19460,0.263475365
19461,0.406455026
19462,0.394598563
19463,0.03697614
19464,0.146221315
19465,0.242569925
19466,0.113805627
19467,0.86355472
19468,0.407619972
19469,0.405386656
19470,0.024699117
19471,0.245149345
19472,0.094202004
19473,0.020000569
19474,0.011086613
19475,0.054813568
19476,0.010483013
19477,0.028248196
19478,0.059666747
19479,0.082386292
19480,0.083072617
19481,0.087046823
19482,0.0857541
19483,0.408033193
19484,0.418612621
19485,0.022594522
19486,0.105268619
19487,0.406528436
19488,0.018772798
19489,0.055998152
19490,0.991171375
19491,0.822964155
19492,0.523778376
19493,0.004577767
19494,0.018439093
19495,0.0787912
19496,0.41642001
19497,0.08042671
19498,0.021135925
19499,0.069625515
19500,0.007402755
19501,0.009699551
19502,0.0503526
19503,0.064400354
19504,0.055943514
19505,0.013326276
19506,0.402917985
19507,0.017903326
19508,0.046677153
19509,0.099745437
19510,0.09987855
19511,0.054229521
19512,0.050170418
19513,0.41821701
19514,0.424516185
19515,0.026339794
19516,0.114413113
19517,0.106854987
19518,0.106724182
19519,0.994131266
19520,0.788200321
19521,0.523881095
19522,0.081853602
19523,0.022874556
19524,0.008017671
19525,0.309187458
19526,0.084992487
19527,0.187731707
19528,0.044165209
19529,0.084162844
19530,0.018669502
19531,0.088289999
19532,0.098033292
19533,0.129373635
19534,0.143909509
19535,0.52965465
19536,0.412832564
19537,0.2655261
19538,0.124191684
19539,0.076769623
19540,0.064570842
19541,0.100499816
19542,0.052937617
19543,0.037141036
19544,0.029320514
19545,0.136614671
19546,0.161921604
19547,0.059702272
19548,0.102954386
19549,0.022100008
19550,0.843588661
19551,0.981043529
19552,0.981195753
19553,0.125368657
19554,0.043757669
19555,0.237697078
19556,0.01180785
19557,0.390804153
19558,0.030627676
19559,0.016452485
19560,0.021680111
19561,0.068528994
19562,0.089183487
19563,0.050283874
19564,0.398632983
19565,0.967014498
19566,0.077527632
19567,0.100867972
19568,0.087621804
19569,0.158012464
19570,0.063432858
19571,0.408211899
19572,0.238002065
19573,0.032791238
19574,0.078931688
19575,0.108715126
19576,0.097239741
19577,0.062107311
19578,0.024939536
19579,0.256328609
19580,0.292441599
19581,0.150124048
19582,0.073710099
19583,0.081154157
19584,0.07525837
19585,0.283051305
19586,0.036362419
19587,0.049830195
19588,0.049828911
19589,0.020781105
19590,0.022667369
19591,0.059610799
19592,0.054390171
19593,0.406050093
19594,0.739407434
19595,0.266198532
19596,0.172445332
19597,0.107912084
19598,0.183512147
19599,0.141124865
19600,0.557677825
19601,0.081205357
19602,0.026947504
19603,0.0493077
19604,0.03107375
19605,0.116088831
19606,0.147207234
19607,0.237255235
19608,0.440314855
19609,0.405449803
19610,0.187663553
19611,0.971142308
19612,0.123664195
19613,0.018478072
19614,0.134745463
19615,0.254634078
19616,0.023190331
19617,0.057211539
19618,0.310067265
19619,0.073417824
19620,0.041506771
19621,0.044161987
19622,0.05535762
19623,0.236881388
19624,0.394632483
19625,0.263760523
19626,0.433844916
19627,0.392772796
19628,0.13730914
19629,0.137435937
19630,0.385298307
19631,0.022590467
19632,0.135981603
19633,0.081641143
19634,0.051695801
19635,0.398363327
19636,0.283027593
19637,0.049086847
19638,0.515245437
19639,0.414090556
19640,0.074608691
19641,0.087466862
19642,0.075667869
19643,0.05672729
19644,0.008707386
19645,0.012750868
19646,0.035169701
19647,0.051975186
19648,0.085104601
19649,0.084270004
19650,0.130952125
19651,0.385358812
19652,0.732112002
19653,0.394919324
19654,0.397210692
19655,0.586316687
19656,0.085740274
19657,0.072016304
19658,0.06877249
19659,0.128826013
19660,0.261674054
19661,0.070105119
19662,0.030954158
19663,0.067922949
19664,0.119111216
19665,0.017025112
19666,0.002095668
19667,0.05244554
19668,0.09292874
19669,0.020683485
19670,0.018407743
19671,0.038663391
19672,0.017849168
19673,0.011323017
19674,0.033475171
19675,0.07998155
19676,0.065070974
19677,0.072062255
19678,0.252129387
19679,0.164301138
19680,0.409749222
19681,0.770526888
19682,0.660627408
19683,0.285203847
19684,0.111897216
19685,0.062445969
19686,0.0199844
19687,0.055226606
19688,0.102050236
19689,0.016044255
19690,0.011173612
19691,0.983405713
19692,0.048218737
19693,0.018053715
19694,0.079516153
19695,0.051140666
19696,0.093768355
19697,0.049687137
19698,0.053968624
19699,0.056614591
19700,0.015336079
19701,0.01783467
19702,0.029859936
19703,0.077395933
19704,0.09237161
19705,0.5235596
19706,0.400397713
19707,0.234335472
19708,0.887548219
19709,0.419827777
19710,0.489637064
19711,0.240832154
19712,0.045741794
19713,0.028524362
19714,0.04381611
19715,0.052224919
19716,0.058382328
19717,0.044210755
19718,0.071916758
19719,0.441972845
19720,0.08954803
19721,0.400628763
19722,0.05216005
19723,0.080469444
19724,0.116911236
19725,0.122367252
19726,0.155113651
19727,0.061147225
19728,0.032112467
19729,0.00633323
19730,0.044577363
19731,0.131813771
19732,0.934712972
19733,0.407249365
19734,0.52626814
19735,0.406733174
19736,0.261678717
19737,0.171083504
19738,0.099981097
19739,0.043851372
19740,0.029695007
19741,0.010779902
19742,0.042253477
19743,0.035072484
19744,0.114050475
19745,0.113223346
19746,0.087419675
19747,0.286277354
19748,0.022555626
19749,0.071291934
19750,0.262781769
19751,0.053950015
19752,0.010694678
19753,0.011173096
19754,0.106300842
19755,0.251795847
19756,0.045906379
19757,0.002010799
19758,0.238239816
19759,0.246656937
19760,0.084048467
19761,0.103029014
19762,0.043261728
19763,0.07439262
19764,0.084430245
19765,0.046755489
19766,0.130370713
19767,0.094258311
19768,0.040835935
19769,0.033987203
19770,0.233602653
19771,0.015321501
19772,0.077966533
19773,0.033796803
19774,0.134247896
19775,0.039213686
19776,0.068165102
19777,0.008129919
19778,0.069524595
19779,0.173296279
19780,0.391099903
19781,0.55144799
19782,0.115872539
19783,0.017629385
19784,0.028264229
19785,0.055631339
19786,0.018012353
19787,0.069138226
19788,0.129476239
19789,0.014467974
19790,0.031044266
19791,0.016677815
19792,0.017261729
19793,0.013680265
19794,0.030060229
19795,0.068183104
19796,0.077113086
19797,0.407840713
19798,0.013776963
19799,0.0168713
19800,0.051817795
19801,0.058849097
19802,0.087699089
19803,0.396004272
19804,0.102680302
19805,0.137045808
19806,0.034579523
19807,0.065301011
19808,0.121907178
19809,0.045592161
19810,0.017267187
19811,0.00909898
19812,0.268546636
19813,0.017087692
19814,0.02833139
19815,0.125289058
19816,0.088143215
19817,0.058042908
19818,0.015911355
19819,0.032483273
19820,0.073423252
19821,0.286392674
19822,0.033232102
19823,0.018521918
19824,0.026404292
19825,0.050918801
19826,0.068271271
19827,0.173088285
19828,0.073895336
19829,0.254906777
19830,0.073615084
19831,0.029528256
19832,0.038818508
19833,0.05095809
19834,0.033290955
19835,0.276562397
19836,0.162213218
19837,0.021809807
19838,0.080173111
19839,0.045169267
19840,0.010065609
19841,0.010518797
19842,0.39479738
19843,0.56436325
19844,0.232182924
19845,0.062488116
19846,0.097143008
19847,0.05255903
19848,0.044500268
19849,0.088452367
19850,0.095519473
19851,0.09302868
19852,0.911430544
19853,0.018108122
19854,0.074718371
19855,0.017451198
19856,0.080245193
19857,0.070447313
19858,0.018079781
19859,0.049772563
19860,0.121971285
19861,0.30974892
19862,0.071936116
19863,0.128909047
19864,0.026785594
19865,0.051710448
19866,0.013280681
19867,0.027556426
19868,0.077299921
19869,0.034219939
19870,0.023863078
19871,0.001033642
19872,0.057833261
19873,0.049842181
19874,0.029850186
19875,0.018360974
19876,0.062993281
19877,0.022904264
19878,0.115914251
19879,0.049028882
19880,0.030119925
19881,0.068528718
19882,0.084203625
19883,0.023974603
19884,0.047998234
19885,0.944830258
19886,0.064230563
19887,0.111505217
19888,0.049887857
19889,0.051323361
19890,0.055409439
19891,0.055325931
19892,0.015366659
19893,0.017888474
19894,0.309728457
19895,0.028999795
19896,0.006512
19897,0.016436756
19898,0.01209832
19899,0.054878058
19900,0.107915207
19901,0.019247862
19902,0.01102243
19903,0.102886355
19904,0.055336455
19905,0.02864027
19906,0.004634712
19907,0.05250794
19908,0.397937663
19909,0.028770039
19910,0.004634593
19911,0.016375916
19912,0.011129056
19913,0.057749144
19914,0.034928626
19915,0.149796557
19916,0.076899923
19917,0.019691397
19918,0.01815514
19919,0.066133113
19920,0.24039893
19921,0.079839478
19922,0.085362275
19923,0.081825664
19924,0.024712628
19925,0.049509863
19926,0.017952032
19927,0.245321762
19928,0.167649477
19929,0.412273327
19930,0.006437046
19931,0.010680804
19932,0.01816736
19933,0.012213066
19934,0.016238482
19935,0.010999144
19936,0.019291545
19937,0.0061477
19938,0.020618497
19939,0.015392227
19940,0.025270221
19941,0.054465945
19942,0.0463261
19943,0.106455301
19944,0.129484148
19945,0.267677346
19946,0.026096529
19947,0.009888972
19948,0.018222889
19949,0.020757778
19950,0.006813543
19951,0.020292195
19952,0.026514708
19953,0.008923935
19954,0.015697513
19955,0.008102093
19956,0.006245273
19957,0.076338052
19958,0.023982438
19959,0.048901495
19960,0.011635985
19961,0.054219911
19962,0.012641592
19963,0.015459489
19964,0.009076254
19965,0.120505957
19966,0.033628492
19967,0.043250237
19968,0.008684213
19969,0.034150985
19970,0.013037444
19971,0.014105494
19972,0.087748961
19973,0.011236122
19974,0.282841644
19975,0.066281184
19976,0.067280198
19977,0.068562295
19978,0.072812078
19979,0.021214403
19980,0.008288232
19981,0.099875836
19982,0.018652314
19983,0.095442723
19984,0.147896263
19985,0.015674063
19986,0.026713523
19987,0.035719251
19988,0.034423356
19989,0.029140921
19990,0.013007006
19991,0.005600471
19992,0.011872921
19993,0.008932489
19994,0.00615305
19995,0.036030224
19996,0.009535495
19997,0.073584116
19998,0.0549923
19999,0.161332138
20000,0.016117586
20001,0.003361432
20002,0.010365521
20003,0.018369288
20004,0.045136871
20005,0.020280496
20006,0.018117305
20007,0.027191483
20008,0.0335703
20009,0.01066294
20010,0.030581033
20011,0.175435551
20012,0.149890505
20013,0.008515349
20014,0.079930497
20015,0.021219246
20016,0.027874774
20017,0.058535898
20018,0.028328126
20019,0.049133881
20020,0.064592255
20021,0.037926905
20022,0.109285121
20023,0.040420327
20024,0.029789064
20025,0.149154302
20026,0.053107469
20027,0.0690488
20028,0.051328439
20029,0.159727045
20030,0.252467472
20031,0.276821964
20032,0.394209604
20033,0.108592492
20034,0.253260048
20035,0.058236473
20036,0.075991434
20037,0.027123774
20038,0.018429151
20039,0.127208737
20040,0.037382842
20041,0.648868864
20042,0.122433235
20043,0.058185378
20044,0.13070687
20045,0.048117582
20046,0.011738313
20047,0.055086001
20048,0.035996273
20049,0.019071069
20050,0.123129254
20051,0.154407443
20052,0.530769281
20053,0.511457951
20054,0.046443831
20055,0.143595586
20056,0.258983749
20057,0.030086105
20058,0.079244557
20059,0.055425869
20060,0.05997614
20061,0.093103444
20062,0.400185502
20063,0.148784987
20064,0.169931372
20065,0.547904831
20066,0.516031827
20067,0.066317041
20068,0.308941909
20069,0.052329003
20070,0.065274664
20071,0.039229528
20072,0.058122728
20073,0.098989734
20074,0.105128208
20075,0.030415014
20076,0.05073096
20077,0.068139814
20078,0.414122244
20079,0.037491551
20080,0.033815385
20081,0.070749196
20082,0.06165195
20083,0.086813267
20084,0.027435915
20085,0.101180176
20086,0.022596797
20087,0.077891879
20088,0.271942295
20089,0.179721009
20090,0.02818483
20091,0.039622477
20092,0.016461036
20093,0.019651611
20094,0.014682039
20095,0.529745223
20096,0.131982353
20097,0.078175838
20098,0.291351129
20099,0.434730433
20100,0.005255483
20101,0.086360346
20102,0.057268898
20103,0.014863274
20104,0.019328308
20105,0.014556903
20106,0.049048406
20107,0.012048096
20108,0.077504442
20109,0.072961851
20110,0.081400195
20111,0.27864521
20112,0.408492602
20113,0.260272195
20114,0.062373682
20115,0.010680891
20116,0.02796646
20117,0.039064444
20118,0.266570756
20119,0.059147059
20120,0.061902733
20121,0.054189421
20122,0.257017439
20123,0.297086581
20124,0.077057119
20125,0.080420585
20126,0.020991863
20127,0.029625191
20128,0.05763725
20129,0.071165023
20130,0.021191305
20131,0.126636218
20132,0.158831079
20133,0.089675146
20134,0.0959398
20135,0.067384624
20136,0.036175436
20137,0.032648399
20138,0.028932705
20139,0.03499188
20140,0.079260426
20141,0.055758752
20142,0.240568622
20143,0.026384986
20144,0.04841495
20145,0.031214421
20146,0.017113208
20147,0.01864015
20148,0.025219013
20149,0.044656361
20150,0.023601948
20151,0.071582543
20152,0.19047052
20153,0.27498703
20154,0.055299642
20155,0.053852615
20156,0.033612752
20157,0.095209292
20158,0.061445583
20159,0.069110465
20160,0.027266439
20161,0.175764776
20162,0.028894701
20163,0.021748648
20164,0.031162668
20165,0.005552474
20166,0.085235736
20167,0.074416779
20168,0.237585839
20169,0.237932219
20170,0.237834376
20171,0.073233872
20172,0.059128748
20173,0.021684309
20174,0.05662944
20175,0.06016151
20176,0.009730924
20177,0.110384256
20178,0.049045697
20179,0.553197836
20180,0.115667052
20181,0.027009278
20182,0.116071257
20183,0.049800457
20184,0.039609341
20185,0.02032435
20186,0.021067347
20187,0.009839285
20188,0.074467575
20189,0.018112192
20190,0.019597557
20191,0.071933463
20192,0.053745907
20193,0.074507924
20194,0.065243136
20195,0.107179674
20196,0.437112363
20197,0.412679355
20198,0.27995948
20199,0.029059967
20200,0.080934398
20201,0.018316506
20202,0.04749512
20203,0.031998863
20204,0.008957897
20205,0.087981765
20206,0.057176827
20207,0.116036923
20208,0.053511117
20209,0.106952353
20210,0.053937529
20211,0.058709173
20212,0.035846856
20213,0.022774359
20214,0.022290791
20215,0.139893085
20216,0.010800269
20217,0.029747916
20218,0.055797495
20219,0.025510629
20220,0.009213929
20221,0.031091028
20222,0.040761995
20223,0.062627405
20224,0.074160203
20225,0.125778459
20226,0.084908101
20227,0.167151248
20228,0.238688324
20229,0.239048395
20230,0.009254908
20231,0.085441927
20232,0.059142672
20233,0.007119612
20234,0.050640259
20235,0.080358983
20236,0.041883864
20237,0.052101728
20238,0.054976196
20239,0.081951645
20240,0.030666338
20241,0.068007358
20242,0.02352041
20243,0.028308645
20244,0.066557737
20245,0.016253553
20246,0.039068763
20247,0.11446978
20248,0.069153864
20249,0.132915492
20250,0.305478801
20251,0.086037441
20252,0.239501771
20253,0.076010357
20254,0.075979182
20255,0.07948779
20256,0.085713361
20257,0.056677382
20258,0.022628834
20259,0.2677274
20260,0.067496822
20261,0.085035813
20262,0.056608432
20263,0.082090722
20264,0.018008669
20265,0.022709277
20266,0.027498683
20267,0.044204208
20268,0.300364689
20269,0.056906397
20270,0.038798936
20271,0.103412428
20272,0.576057789
20273,0.079931641
20274,0.019183501
20275,0.440835608
20276,0.057862176
20277,0.25845847
20278,0.189547656
20279,0.062564154
20280,0.004235259
20281,0.022043126
20282,0.046212422
20283,0.047088434
20284,0.097113369
20285,0.186913421
20286,0.047367876
20287,0.258550995
20288,0.078419802
20289,0.007407473
20290,0.063254405
20291,0.015244664
20292,0.043733712
20293,0.063202048
20294,0.014941534
20295,0.107931039
20296,0.124863173
20297,0.245522989
20298,0.08701152
20299,0.037450728
20300,0.113350332
20301,0.264594185
20302,0.400152755
20303,0.057673438
20304,0.049221931
20305,0.025464138
20306,0.008997981
20307,0.059522313
20308,0.51103545
20309,0.039951827
20310,0.058966083
20311,0.411560258
20312,0.258503686
20313,0.009537233
20314,0.010680034
20315,0.007410107
20316,0.042787581
20317,0.045137942
20318,0.26147548
20319,0.451735453
20320,0.101899149
20321,0.065377159
20322,0.249639603
20323,0.135941584
20324,0.121886612
20325,0.263601889
20326,0.383327043
20327,0.088760753
20328,0.040112883
20329,0.0768144
20330,0.065224823
20331,0.273820452
20332,0.858727191
20333,0.004451095
20334,0.061780345
20335,0.302425661
20336,0.052688967
20337,0.186882867
20338,0.01032914
20339,0.052682176
20340,0.076705762
20341,0.021135549
20342,0.051454857
20343,0.413083728
20344,0.264096779
20345,0.090453339
20346,0.176784888
20347,0.124918761
20348,0.269980876
20349,0.397292503
20350,0.405383633
20351,0.030622952
20352,0.146487888
20353,0.25241623
20354,0.112944666
20355,0.835216348
20356,0.402565205
20357,0.424076327
20358,0.007037756
20359,0.030121876
20360,0.247317259
20361,0.076731806
20362,0.022039589
20363,0.019620425
20364,0.050769557
20365,0.006793644
20366,0.008752924
20367,0.011157679
20368,0.026392509
20369,0.05459166
20370,0.083478234
20371,0.080112755
20372,0.099666029
20373,0.090387835
20374,0.444242309
20375,0.244682447
20376,0.026653827
20377,0.10067619
20378,0.190080907
20379,0.020184458
20380,0.071171979
20381,0.990459856
20382,0.880612107
20383,0.568067614
20384,0.024932215
20385,0.074018386
20386,0.430905784
20387,0.082360328
20388,0.015071759
20389,0.066016642
20390,0.009009878
20391,0.050479313
20392,0.067714483
20393,0.047644864
20394,0.014333955
20395,0.386795601
20396,0.017223773
20397,0.045055137
20398,0.106378818
20399,0.101965483
20400,0.046973287
20401,0.053856613
20402,0.442659102
20403,0.449004445
20404,0.02843116
20405,0.106794567
20406,0.109826887
20407,0.104735228
20408,0.993600122
20409,0.775503654
20410,0.563993282
20411,0.022457898
20412,0.106087906
20413,0.024723439
20414,0.41056385
20415,0.079343401
20416,0.272077061
20417,0.043750477
20418,0.083114615
20419,0.021162052
20420,0.087618544
20421,0.131156422
20422,0.131200443
20423,0.138806155
20424,0.572068745
20425,0.391901339
20426,0.236638245
20427,0.126941238
20428,0.092875767
20429,0.053528028
20430,0.100877778
20431,0.044108857
20432,0.037083066
20433,0.138775139
20434,0.157105759
20435,0.064698561
20436,0.241611143
20437,0.022739605
20438,0.903257694
20439,0.994358519
20440,0.994408877
20441,0.118700363
20442,0.044812536
20443,0.23863178
20444,0.014483025
20445,0.399658491
20446,0.027515346
20447,0.01675929
20448,0.021016571
20449,0.063337836
20450,0.096428858
20451,0.049246149
20452,0.395626306
20453,0.927530991
20454,0.06983912
20455,0.096088602
20456,0.085391191
20457,0.251911054
20458,0.063422824
20459,0.44445629
20460,0.244909581
20461,0.021003817
20462,0.085027601
20463,0.098595756
20464,0.080618304
20465,0.06256989
20466,0.025646325
20467,0.272577683
20468,0.288240788
20469,0.153090529
20470,0.070967909
20471,0.022802488
20472,0.105490845
20473,0.069409661
20474,0.17955121
20475,0.029878287
20476,0.048190921
20477,0.045489403
20478,0.020695787
20479,0.018535213
20480,0.054637295
20481,0.051997771
20482,0.441327657
20483,0.781960814
20484,0.396331662
20485,0.27114642
20486,0.1036515
20487,0.169501001
20488,0.139453759
20489,0.529469594
20490,0.074943838
20491,0.039158059
20492,0.033464423
20493,0.136163081
20494,0.153860755
20495,0.141790118
20496,0.290534219
20497,0.3920789
20498,0.152166536
20499,0.986416774
20500,0.121931355
20501,0.018196062
20502,0.120589556
20503,0.26087571
20504,0.03199359
20505,0.065986047
20506,0.303958171
20507,0.09044891
20508,0.036286458
20509,0.037970111
20510,0.051650431
20511,0.120961689
20512,0.396484504
20513,0.2809741
20514,0.448226923
20515,0.303909546
20516,0.140646352
20517,0.139744562
20518,0.384812092
20519,0.249145516
20520,0.078360286
20521,0.048369669
20522,0.403920336
20523,0.177594415
20524,0.055839566
20525,0.489426538
20526,0.278289288
20527,0.007648434
20528,0.076103481
20529,0.107084832
20530,0.080956992
20531,0.043317386
20532,0.014867221
20533,0.035157194
20534,0.062543287
20535,0.090250954
20536,0.075942862
20537,0.120621998
20538,0.40217623
20539,0.712107784
20540,0.391197325
20541,0.394545503
20542,0.568393138
20543,0.082260599
20544,0.062973788
20545,0.0590191
20546,0.129111808
20547,0.176842741
20548,0.063769185
20549,0.029123196
20550,0.077693218
20551,0.132669899
20552,0.018927916
20553,0.002590278
20554,0.050201029
20555,0.10462971
20556,0.02492512
20557,0.052674502
20558,0.008457334
20559,0.030932337
20560,0.079804934
20561,0.062013138
20562,0.077651603
20563,0.438505163
20564,0.263301338
20565,0.449701227
20566,0.816714441
20567,0.636785599
20568,0.284200306
20569,0.111540335
20570,0.055555009
20571,0.020559916
20572,0.049443484
20573,0.10592272
20574,0.020219798
20575,0.008438052
20576,0.031726672
20577,0.985734208
20578,0.040502812
20579,0.018668189
20580,0.071481034
20581,0.050118395
20582,0.095954053
20583,0.044029216
20584,0.049090166
20585,0.015401947
20586,0.050912692
20587,0.016095872
20588,0.016275481
20589,0.030722225
20590,0.078898529
20591,0.098723162
20592,0.548837864
20593,0.402374023
20594,0.277480356
20595,0.875901402
20596,0.424479394
20597,0.489100587
20598,0.246802657
20599,0.028051682
20600,0.041373952
20601,0.061565185
20602,0.061013772
20603,0.016993802
20604,0.039925295
20605,0.063425323
20606,0.414897022
20607,0.08243282
20608,0.396373856
20609,0.053107482
20610,0.078932758
20611,0.117289829
20612,0.121573423
20613,0.15010057
20614,0.052740262
20615,0.009060178
20616,0.045052423
20617,0.146404657
20618,0.906927759
20619,0.422871595
20620,0.557167095
20621,0.257027978
20622,0.395481906
20623,0.179297376
20624,0.102178815
20625,0.04872636
20626,0.015527625
20627,0.058445713
20628,0.036133706
20629,0.117942459
20630,0.105685305
20631,0.080621611
20632,0.4053626
20633,0.022827436
20634,0.064838248
20635,0.011631128
20636,0.407778233
20637,0.059406283
20638,0.011274904
20639,0.012909438
20640,0.112847096
20641,0.427193847
20642,0.04428545
20643,0.002936528
20644,0.237983641
20645,0.259798067
20646,0.073327688
20647,0.099301861
20648,0.034857698
20649,0.08713967
20650,0.078767684
20651,0.055483742
20652,0.126220512
20653,0.098999704
20654,0.054126825
20655,0.031683065
20656,0.010420539
20657,0.109198842
20658,0.020037546
20659,0.078399737
20660,0.006167096
20661,0.029603559
20662,0.124736814
20663,0.041509635
20664,0.067219757
20665,0.007321479
20666,0.067937695
20667,0.167409607
20668,0.402396112
20669,0.532397223
20670,0.097215092
20671,0.010029347
20672,0.021477622
20673,0.053098042
20674,0.01608272
20675,0.067020499
20676,0.115750572
20677,0.015354836
20678,0.028493413
20679,0.017365364
20680,0.030897161
20681,0.015864813
20682,0.03187266
20683,0.063515862
20684,0.082447873
20685,0.408286902
20686,0.01325517
20687,0.017868486
20688,0.269297277
20689,0.055582047
20690,0.087286784
20691,0.388213716
20692,0.116571701
20693,0.013063091
20694,0.14131882
20695,0.024285061
20696,0.017004592
20697,0.075253467
20698,0.112952728
20699,0.039391889
20700,0.020262052
20701,0.010513127
20702,0.268682524
20703,0.029047902
20704,0.014639371
20705,0.026990008
20706,0.120859368
20707,0.076227994
20708,0.052278812
20709,0.020316725
20710,0.027547093
20711,0.070993211
20712,0.291880796
20713,0.042273211
20714,0.0030642
20715,0.018778181
20716,0.02123168
20717,0.054600225
20718,0.066958847
20719,0.255294737
20720,0.063627632
20721,0.267723907
20722,0.073770719
20723,0.03329511
20724,0.022127454
20725,0.051746368
20726,0.054220762
20727,0.036447379
20728,0.167481829
20729,0.017994571
20730,0.164178873
20731,0.018418214
20732,0.079709393
20733,0.049891011
20734,0.011714684
20735,0.389633595
20736,0.538544404
20737,0.103240802
20738,0.056964419
20739,0.01206105
20740,0.075654941
20741,0.045238259
20742,0.044470295
20743,0.078352519
20744,0.066344768
20745,0.063449247
20746,0.878352853
20747,0.020255457
20748,0.071514027
20749,0.067906441
20750,0.073954802
20751,0.023145804
20752,0.040453943
20753,0.123426931
20754,0.539162512
20755,0.070696494
20756,0.129444855
20757,0.022663804
20758,0.055473965
20759,0.008073386
20760,0.023886142
20761,0.073359394
20762,0.026768809
20763,0.023109398
20764,0.05613968
20765,0.048182593
20766,0.027272266
20767,0.060854257
20768,0.010047289
20769,0.01701048
20770,0.125703691
20771,0.032528564
20772,0.045336303
20773,0.019865629
20774,0.032834828
20775,0.073555104
20776,0.085717456
20777,0.029455327
20778,0.050232967
20779,0.937262482
20780,0.072051206
20781,0.111705764
20782,0.048666077
20783,0.052736077
20784,0.05629193
20785,0.010798672
20786,0.017182194
20787,0.405833024
20788,0.03087618
20789,0.008673674
20790,0.017533418
20791,0.044183934
20792,0.124268537
20793,0.024407297
20794,0.009702717
20795,0.113678268
20796,0.05335269
20797,0.03285237
20798,0.051266767
20799,0.396945338
20800,0.026774906
20801,0.020416635
20802,0.020226508
20803,0.010652839
20804,0.060003884
20805,0.039142497
20806,0.134991917
20807,0.076424353
20808,0.022349077
20809,0.016758269
20810,0.008129749
20811,0.060751907
20812,0.237945889
20813,0.086302911
20814,0.068316944
20815,0.074403078
20816,0.029640556
20817,0.048837962
20818,0.017163473
20819,0.246797314
20820,0.261622942
20821,0.433527494
20822,0.009764966
20823,0.014997121
20824,0.015434789
20825,0.011236323
20826,0.021355758
20827,0.007778092
20828,0.008225263
20829,0.01384971
20830,0.021737221
20831,0.009250653
20832,0.025646308
20833,0.047545223
20834,0.046417177
20835,0.117925794
20836,0.0101389
20837,0.124618456
20838,0.012504796
20839,0.269141723
20840,0.00920098
20841,0.008215395
20842,0.030575077
20843,0.011122858
20844,0.015159156
20845,0.020207726
20846,0.018539046
20847,0.026217343
20848,0.08243751
20849,0.026000569
20850,0.047063931
20851,0.054842657
20852,0.01225814
20853,0.008492035
20854,0.014171304
20855,0.008679107
20856,0.097677715
20857,0.02501423
20858,0.057351312
20859,0.006084405
20860,0.031893956
20861,0.015337098
20862,0.083162049
20863,0.011986661
20864,0.011412471
20865,0.401034459
20866,0.06850619
20867,0.071690177
20868,0.077939286
20869,0.024839884
20870,0.011673199
20871,0.09173034
20872,0.022089837
20873,0.096408614
20874,0.148616792
20875,0.016692997
20876,0.026013424
20877,0.035010781
20878,0.032924382
20879,0.028642965
20880,0.026833778
20881,0.010350218
20882,0.006046361
20883,0.025369612
20884,0.008820804
20885,0.071430565
20886,0.054633787
20887,0.027147792
20888,0.005779956
20889,0.17858986
20890,0.017553887
20891,0.025006675
20892,0.026272298
20893,0.011486806
20894,0.016332723
20895,0.04971081
20896,0.019964864
20897,0.020667878
20898,0.030217874
20899,0.032454393
20900,0.025462126
20901,0.165169194
20902,0.150518088
20903,0.021970283
20904,0.087860644
20905,0.058054329
20906,0.054454335
20907,0.059290606
20908,0.028577328
20909,0.04608619
20910,0.057983421
20911,0.054088838
20912,0.099347357
20913,0.039993831
20914,0.141590174
20915,0.046987168
20916,0.076602719
20917,0.049154342
20918,0.257787015
20919,0.453896563
20920,0.161642236
20921,0.071874077
20922,0.302905744
20923,0.098814202
20924,0.246074124
20925,0.059379529
20926,0.015821556
20927,0.085991622
20928,0.010898604
20929,0.034810516
20930,0.009180321
20931,0.127689642
20932,0.033240643
20933,0.622136966
20934,0.127791619
20935,0.123815684
20936,0.059895594
20937,0.010296143
20938,0.025720456
20939,0.05481424
20940,0.027002065
20941,0.048083202
20942,0.10894907
20943,0.140077666
20944,0.516134779
20945,0.512025822
20946,0.053946878
20947,0.077915613
20948,0.135358664
20949,0.470358257
20950,0.076647139
20951,0.052823667
20952,0.054376985
20953,0.032761214
20954,0.3928603
20955,0.137568578
20956,0.157866952
20957,0.497786352
20958,0.115082515
20959,0.518643234
20960,0.073945221
20961,0.540301878
20962,0.053920917
20963,0.049161496
20964,0.038085914
20965,0.067967979
20966,0.102818752
20967,0.100810291
20968,0.084109709
20969,0.030445574
20970,0.078226591
20971,0.390297838
20972,0.05355109
20973,0.030318838
20974,0.069132762
20975,0.066569637
20976,0.081257047
20977,0.025730227
20978,0.050310183
20979,0.09230329
20980,0.02187076
20981,0.062567115
20982,0.257804755
20983,0.057937985
20984,0.160169986
20985,0.025496795
20986,0.062525695
20987,0.043623553
20988,0.013597472
20989,0.511483805
20990,0.110747312
20991,0.068087433
20992,0.171837244
20993,0.42187884
20994,0.083251179
20995,0.052342867
20996,0.012290773
20997,0.021962728
20998,0.016001594
20999,0.004159379
21000,0.041856497
21001,0.009823459
21002,0.073183669
21003,0.076377676
21004,0.095003419
21005,0.171804092
21006,0.291874659
21007,0.255008978
21008,0.058839098
21009,0.027848372
21010,0.025367445
21011,0.04784577
21012,0.253921154
21013,0.023002726
21014,0.05772648
21015,0.056612989
21016,0.053065753
21017,0.030595364
21018,0.112313656
21019,0.484862419
21020,0.072146472
21021,0.067981372
21022,0.020339314
21023,0.028081179
21024,0.059722195
21025,0.092613208
21026,0.029262466
21027,0.009495508
21028,0.127907387
21029,0.160258443
21030,0.086332299
21031,0.089196415
21032,0.060157239
21033,0.009325387
21034,0.027095939
21035,0.040041683
21036,0.029108276
21037,0.025220883
21038,0.094362282
21039,0.06307651
21040,0.233924715
21041,0.023003655
21042,0.037049264
21043,0.030265277
21044,0.022534496
21045,0.017704375
21046,0.027774429
21047,0.0484583
21048,0.026862765
21049,0.074198022
21050,0.185848193
21051,0.385404954
21052,0.045173948
21053,0.05132407
21054,0.044181675
21055,0.092850642
21056,0.053039153
21057,0.020102815
21058,0.065367093
21059,0.024370572
21060,0.180689932
21061,0.02854103
21062,0.023931842
21063,0.027193835
21064,0.006473915
21065,0.245573903
21066,0.06958713
21067,0.229617017
21068,0.23362576
21069,0.458353853
21070,0.082337058
21071,0.06190669
21072,0.02093749
21073,0.058141573
21074,0.06857563
21075,0.00711147
21076,0.123638589
21077,0.053106666
21078,0.548073818
21079,0.108761382
21080,0.029002785
21081,0.117745684
21082,0.055336982
21083,0.035531829
21084,0.020647416
21085,0.016679981
21086,0.010152833
21087,0.01005585
21088,0.068364402
21089,0.019889766
21090,0.017462842
21091,0.078848415
21092,0.055079188
21093,0.076562172
21094,0.071124878
21095,0.100011262
21096,0.234257209
21097,0.382842914
21098,0.08422754
21099,0.025713686
21100,0.084287209
21101,0.013193646
21102,0.046398309
21103,0.027419468
21104,0.009006472
21105,0.071556035
21106,0.063354985
21107,0.131533179
21108,0.056382463
21109,0.109681236
21110,0.044339929
21111,0.057453004
21112,0.037908934
21113,0.019360578
21114,0.020498862
21115,0.234813239
21116,0.011083544
21117,0.029482271
21118,0.054908833
21119,0.031402585
21120,0.022879748
21121,0.032805151
21122,0.060440536
21123,0.054736895
21124,0.111390461
21125,0.088442514
21126,0.254681662
21127,0.249934078
21128,0.162630528
21129,0.010675151
21130,0.089795594
21131,0.057094995
21132,0.011184009
21133,0.048075015
21134,0.076782602
21135,0.032019397
21136,0.042881252
21137,0.041047351
21138,0.053691804
21139,0.073908535
21140,0.03488803
21141,0.071935461
21142,0.020161975
21143,0.017901492
21144,0.067154552
21145,0.015627953
21146,0.04637588
21147,0.1227001
21148,0.075440992
21149,0.132055906
21150,0.4738718
21151,0.09168809
21152,0.107265336
21153,0.074230561
21154,0.065732798
21155,0.075701383
21156,0.075106971
21157,0.057091255
21158,0.023805443
21159,0.17099405
21160,0.069993161
21161,0.081443361
21162,0.067130063
21163,0.08087417
21164,0.021003187
21165,0.028289552
21166,0.020952567
21167,0.032722783
21168,0.048443349
21169,0.298592987
21170,0.059934042
21171,0.05110048
21172,0.110687873
21173,0.562105575
21174,0.075611052
21175,0.016164654
21176,0.441858244
21177,0.072483073
21178,0.263880455
21179,0.287314508
21180,0.060732862
21181,0.049944639
21182,0.050065471
21183,0.114818195
21184,0.150927122
21185,0.0476153
21186,0.249531162
21187,0.065294212
21188,0.063398218
21189,0.016543246
21190,0.018611447
21191,0.04395906
21192,0.063307174
21193,0.013085329
21194,0.111994297
21195,0.120094694
21196,0.156124842
21197,0.093240361
21198,0.035498117
21199,0.122408136
21200,0.168182947
21201,0.389553771
21202,0.063183979
21203,0.01162859
21204,0.043405355
21205,0.032629341
21206,0.009284773
21207,0.066514848
21208,0.573743477
21209,0.052009613
21210,0.081039461
21211,0.400536718
21212,0.251109508
21213,0.013059934
21214,0.00826157
21215,0.045095579
21216,0.046409341
21217,0.268500201
21218,0.43709308
21219,0.008378851
21220,0.102430003
21221,0.084721688
21222,0.242532917
21223,0.132708477
21224,0.135038479
21225,0.169527036
21226,0.387062757
21227,0.088432982
21228,0.04636336
21229,0.077906656
21230,0.05447625
21231,0.271867831
21232,0.825961939
21233,0.004429749
21234,0.061468434
21235,0.390653131
21236,0.015199171
21237,0.059142792
21238,0.182139313
21239,0.050712392
21240,0.075901896
21241,0.017454662
21242,0.052375274
21243,0.006151046
21244,0.392425699
21245,0.252927269
21246,0.08701559
21247,0.255354011
21248,0.122710573
21249,0.263994688
21250,0.384563854
21251,0.382907979
21252,0.028543698
21253,0.149694353
21254,0.258056119
21255,0.111818443
21256,0.834992666
21257,0.410022046
21258,0.410072854
21259,0.007137021
21260,0.025621306
21261,0.241744102
21262,0.088816148
21263,0.027097073
21264,0.008963966
21265,0.055394617
21266,0.007096286
21267,0.008878768
21268,0.027582259
21269,0.068674089
21270,0.092985932
21271,0.092454294
21272,0.104142966
21273,0.088612711
21274,0.455091182
21275,0.242856504
21276,0.028144631
21277,0.097930403
21278,0.261312152
21279,0.024049633
21280,0.069618134
21281,0.971837872
21282,0.904504424
21283,0.579780019
21284,0.029285171
21285,0.014891931
21286,0.06982457
21287,0.41153842
21288,0.07961533
21289,0.018177926
21290,0.063762157
21291,0.009846414
21292,0.048386843
21293,0.065904298
21294,0.059367931
21295,0.010070089
21296,0.389359014
21297,0.011007519
21298,0.046895337
21299,0.240484655
21300,0.094719926
21301,0.0405577
21302,0.04682246
21303,0.436055392
21304,0.434232762
21305,0.028844186
21306,0.121902937
21307,0.098137261
21308,0.098452498
21309,0.986780992
21310,0.78820294
21311,0.532942955
21312,0.014469822
21313,0.080748545
21314,0.028751582
21315,0.382298866
21316,0.079790214
21317,0.384929225
21318,0.047002774
21319,0.071548338
21320,0.022964297
21321,0.091530557
21322,0.103094867
21323,0.130245378
21324,0.135439334
21325,0.532254267
21326,0.390635547
21327,0.23054048
21328,0.128133019
21329,0.092526907
21330,0.057978171
21331,0.091128126
21332,0.047100151
21333,0.273081905
21334,0.231354315
21335,0.146144429
21336,0.062021293
21337,0.106427205
21338,0.029089187
21339,0.889377578
21340,0.98333882
21341,0.979468792
21342,0.121101503
21343,0.050361199
21344,0.234384543
21345,0.383246142
21346,0.018371793
21347,0.062001561
21348,0.079006362
21349,0.051347947
21350,0.380726547
21351,0.984022348
21352,0.06907974
21353,0.096723321
21354,0.071445217
21355,0.152883515
21356,0.060405991
21357,0.455973581
21358,0.238985164
21359,0.023845948
21360,0.081837972
21361,0.104829605
21362,0.105847729
21363,0.052892678
21364,0.02455401
21365,0.271483832
21366,0.285950176
21367,0.152619345
21368,0.069918455
21369,0.079261223
21370,0.06377043
21371,0.274300719
21372,0.045468732
21373,0.050385231
21374,0.044787931
21375,0.019584442
21376,0.059569984
21377,0.044121951
21378,0.440246081
21379,0.778291214
21380,0.392903413
21381,0.255478543
21382,0.109588294
21383,0.140093337
21384,0.150477127
21385,0.534280527
21386,0.075286926
21387,0.039933281
21388,0.023827567
21389,0.123328564
21390,0.16468449
21391,0.14306334
21392,0.291764073
21393,0.274427556
21394,0.240644484
21395,0.979921082
21396,0.23269367
21397,0.020438983
21398,0.112715923
21399,0.255068901
21400,0.019425293
21401,0.05150507
21402,0.468511257
21403,0.078933987
21404,0.041458843
21405,0.047987198
21406,0.05625393
21407,0.127180897
21408,0.386204622
21409,0.387251977
21410,0.440497491
21411,0.304242886
21412,0.137545312
21413,0.123256778
21414,0.225286786
21415,0.022687901
21416,0.239139701
21417,0.078796948
21418,0.049493519
21419,0.395357726
21420,0.276753559
21421,0.050477989
21422,0.545517734
21423,0.277110596
21424,0.0060337
21425,0.081166266
21426,0.106476198
21427,0.082435451
21428,0.009642628
21429,0.016196046
21430,0.023962242
21431,0.045234507
21432,0.088967629
21433,0.078560416
21434,0.115438243
21435,0.388257974
21436,0.702778321
21437,0.39450245
21438,0.38889991
21439,0.568912571
21440,0.083306291
21441,0.017427659
21442,0.066009746
21443,0.068586514
21444,0.125598869
21445,0.259526597
21446,0.082895628
21447,0.030320945
21448,0.075445538
21449,0.117096203
21450,0.001635906
21451,0.05504525
21452,0.098106896
21453,0.035763239
21454,0.015985988
21455,0.044482199
21456,0.017965565
21457,0.010497971
21458,0.027777953
21459,0.07979033
21460,0.047374927
21461,0.075619325
21462,0.431043787
21463,0.153904701
21464,0.440515389
21465,0.820303992
21466,0.632519312
21467,0.387991844
21468,0.113064355
21469,0.051668494
21470,0.020062037
21471,0.047453969
21472,0.111179079
21473,0.016951083
21474,0.008505234
21475,0.030706631
21476,0.977499001
21477,0.051784971
21478,0.015955504
21479,0.085947765
21480,0.050823622
21481,0.240168143
21482,0.054053597
21483,0.015124187
21484,0.053473861
21485,0.010953317
21486,0.017492638
21487,0.031198326
21488,0.075491949
21489,0.110294052
21490,0.553503321
21491,0.388414207
21492,0.236368214
21493,0.837496539
21494,0.390719469
21495,0.543176753
21496,0.236941177
21497,0.037539244
21498,0.033069
21499,0.058466765
21500,0.049972406
21501,0.041276607
21502,0.071012949
21503,0.406555566
21504,0.235373366
21505,0.390428344
21506,0.036812191
21507,0.08307607
21508,0.115333933
21509,0.119179719
21510,0.155417272
21511,0.047996966
21512,0.036996311
21513,0.008148893
21514,0.046456374
21515,0.139463554
21516,0.961849343
21517,0.426761833
21518,0.544083179
21519,0.25742068
21520,0.280991718
21521,0.244940686
21522,0.099775478
21523,0.045243357
21524,0.008496055
21525,0.050621421
21526,0.039716797
21527,0.134081858
21528,0.104251878
21529,0.063258315
21530,0.273248816
21531,0.028478148
21532,0.055580311
21533,0.009268679
21534,0.394236542
21535,0.057758575
21536,0.010361484
21537,0.012327055
21538,0.106435118
21539,0.241002366
21540,0.045696974
21541,0.00293211
21542,0.231130328
21543,0.161138927
21544,0.073815938
21545,0.100213529
21546,0.024299417
21547,0.093489471
21548,0.076329749
21549,0.053755935
21550,0.12276961
21551,0.102605726
21552,0.045770064
21553,0.034485148
21554,0.116862364
21555,0.012606266
21556,0.018817276
21557,0.070097397
21558,0.032312129
21559,0.111444746
21560,0.043863456
21561,0.066019646
21562,0.008241382
21563,0.052089579
21564,0.254067376
21565,0.390916888
21566,0.537870731
21567,0.105116729
21568,0.049389725
21569,0.060074541
21570,0.116969464
21571,0.015762426
21572,0.023764685
21573,0.014009806
21574,0.028291586
21575,0.069219859
21576,0.073784934
21577,0.382087058
21578,0.014015187
21579,0.01788545
21580,0.2579765
21581,0.056479677
21582,0.089597019
21583,0.392066886
21584,0.106973976
21585,0.012334285
21586,0.134066723
21587,0.022649439
21588,0.014373891
21589,0.069153319
21590,0.124736464
21591,0.042417622
21592,0.011073297
21593,0.022212158
21594,0.009735371
21595,0.281347974
21596,0.01326289
21597,0.022649077
21598,0.120757226
21599,0.099060481
21600,0.052724224
21601,0.016098904
21602,0.026194644
21603,0.078172986
21604,0.290889462
21605,0.041040993
21606,0.021265908
21607,0.021146031
21608,0.050768084
21609,0.072514863
21610,0.255856636
21611,0.100290282
21612,0.149615595
21613,0.082813425
21614,0.031104483
21615,0.048067869
21616,0.039164398
21617,0.033170629
21618,0.271727461
21619,0.017242834
21620,0.144298856
21621,0.018705079
21622,0.072669773
21623,0.060868124
21624,0.009386699
21625,0.011979967
21626,0.388737939
21627,0.599566772
21628,0.234176914
21629,0.061760883
21630,0.009503674
21631,0.086538748
21632,0.051520622
21633,0.042427101
21634,0.094297571
21635,0.082965855
21636,0.088631499
21637,0.917381964
21638,0.079796343
21639,0.017003349
21640,0.081763597
21641,0.077805641
21642,0.020526735
21643,0.04200478
21644,0.139911766
21645,0.503444422
21646,0.062040304
21647,0.13699849
21648,0.047251673
21649,0.009759899
21650,0.084982624
21651,0.028456844
21652,0.022213195
21653,0.05948136
21654,0.054034052
21655,0.030490211
21656,0.061763816
21657,0.016892896
21658,0.121612717
21659,0.027476574
21660,0.042595407
21661,0.013548436
21662,0.033520324
21663,0.080552554
21664,0.080989743
21665,0.040446377
21666,0.022425415
21667,0.052188624
21668,0.99250601
21669,0.056567765
21670,0.23387142
21671,0.057200552
21672,0.055499151
21673,0.052711148
21674,0.051980162
21675,0.009474387
21676,0.013322693
21677,0.286535555
21678,0.027157385
21679,0.005759233
21680,0.015217785
21681,0.011439696
21682,0.055159589
21683,0.237776066
21684,0.01608179
21685,0.010915795
21686,0.11151179
21687,0.044599418
21688,0.020258578
21689,0.052448972
21690,0.394139875
21691,0.026243472
21692,0.023512318
21693,0.057822392
21694,0.030540516
21695,0.156795642
21696,0.075029574
21697,0.01934043
21698,0.014293973
21699,0.007156107
21700,0.061799521
21701,0.142124998
21702,0.087661644
21703,0.071507162
21704,0.080789404
21705,0.027129302
21706,0.044444067
21707,0.018359821
21708,0.237297925
21709,0.172534488
21710,0.233711007
21711,0.007570717
21712,0.029465374
21713,0.01345944
21714,0.008891643
21715,0.017077361
21716,0.009998843
21717,0.022074928
21718,0.011464018
21719,0.019040202
21720,0.02310494
21721,0.037863225
21722,0.048566006
21723,0.114964474
21724,0.012369687
21725,0.010732226
21726,0.112391788
21727,0.397108466
21728,0.009667532
21729,0.009911503
21730,0.022734089
21731,0.008911065
21732,0.027883487
21733,0.010524954
21734,0.016673887
21735,0.023148983
21736,0.006078911
21737,0.015086991
21738,0.02804819
21739,0.008812753
21740,0.012366098
21741,0.079967723
21742,0.031204277
21743,0.057696122
21744,0.01477999
21745,0.011629063
21746,0.008571735
21747,0.010566552
21748,0.109991233
21749,0.031398132
21750,0.057935488
21751,0.008525306
21752,0.027381545
21753,0.019130885
21754,0.079132316
21755,0.010286389
21756,0.011319501
21757,0.00768088
21758,0.390469613
21759,0.073006699
21760,0.066701086
21761,0.068187081
21762,0.078601757
21763,0.025615746
21764,0.090587202
21765,0.018951165
21766,0.094312274
21767,0.009924796
21768,0.147645738
21769,0.012587815
21770,0.029183278
21771,0.032578747
21772,0.035531441
21773,0.023857913
21774,0.005640731
21775,0.009493406
21776,0.009574517
21777,0.035600449
21778,0.01006159
21779,0.010357619
21780,0.086386599
21781,0.060461398
21782,0.008682961
21783,0.165481751
21784,0.020406063
21785,0.024222951
21786,0.029315809
21787,0.010704885
21788,0.019223574
21789,0.053795732
21790,0.014663253
21791,0.015082227
21792,0.031537569
21793,0.031257053
21794,0.008861245
21795,0.030285392
21796,0.156769622
21797,0.160170617
21798,0.089663406
21799,0.009310038
21800,0.018979159
21801,0.069640069
21802,0.036876223
21803,0.060011949
21804,0.049557734
21805,0.056962239
21806,0.105331939
21807,0.041768892
21808,0.047136601
21809,0.027110967
21810,0.032592609
21811,0.135150398
21812,0.055330326
21813,0.072624865
21814,0.265401479
21815,0.410148722
21816,0.027846758
21817,0.04510592
21818,0.391337165
21819,0.075822993
21820,0.293941356
21821,0.098370284
21822,0.24797032
21823,0.02037246
21824,0.086364704
21825,0.03644819
21826,0.015794821
21827,0.257825961
21828,0.032378847
21829,0.634716612
21830,0.14289705
21831,0.116463526
21832,0.040793043
21833,0.022607905
21834,0.111824923
21835,0.142897137
21836,0.531972816
21837,0.542092639
21838,0.048656444
21839,0.07097195
21840,0.129070247
21841,0.158424766
21842,0.072045415
21843,0.051992438
21844,0.05937143
21845,0.092014692
21846,0.028167411
21847,0.416319362
21848,0.141584326
21849,0.246960696
21850,0.553239528
21851,0.108710194
21852,0.539793336
21853,0.066227177
21854,0.295802726
21855,0.057863184
21856,0.047279421
21857,0.03816695
21858,0.076059529
21859,0.258942219
21860,0.087289201
21861,0.032795165
21862,0.051422397
21863,0.060887158
21864,0.393585604
21865,0.046560011
21866,0.078848097
21867,0.064295512
21868,0.071051678
21869,0.029299172
21870,0.0618891
21871,0.093533571
21872,0.029352152
21873,0.062805562
21874,0.255728609
21875,0.05560105
21876,0.17822126
21877,0.020398791
21878,0.048032254
21879,0.022697326
21880,0.013665674
21881,0.30484597
21882,0.11119616
21883,0.013279163
21884,0.075406415
21885,0.270979569
21886,0.436992663
21887,0.091480183
21888,0.049078267
21889,0.012791986
21890,0.022585362
21891,0.018217438
21892,0.006877586
21893,0.036316071
21894,0.081513644
21895,0.065164824
21896,0.087324886
21897,0.266189975
21898,0.291336586
21899,0.011110852
21900,0.411860503
21901,0.055607401
21902,0.009105927
21903,0.023894072
21904,0.02322936
21905,0.044134518
21906,0.260855681
21907,0.018963489
21908,0.055011436
21909,0.054505627
21910,0.053276837
21911,0.023396753
21912,0.114157589
21913,0.517474323
21914,0.068716677
21915,0.080456075
21916,0.017507137
21917,0.028013278
21918,0.054313461
21919,0.080100071
21920,0.026786032
21921,0.128729076
21922,0.165594065
21923,0.110104826
21924,0.076179354
21925,0.058241229
21926,0.033865764
21927,0.033785138
21928,0.035692356
21929,0.026050217
21930,0.103012772
21931,0.063111536
21932,0.263099074
21933,0.023893556
21934,0.060168171
21935,0.033741702
21936,0.019532435
21937,0.017212918
21938,0.019431177
21939,0.046969705
21940,0.02402965
21941,0.069643473
21942,0.198061971
21943,0.279792732
21944,0.046500401
21945,0.051327645
21946,0.041733693
21947,0.093933332
21948,0.063534215
21949,0.017406151
21950,0.061266807
21951,0.02686389
21952,0.259795464
21953,0.027976062
21954,0.025100762
21955,0.032751394
21956,0.006453679
21957,0.252213576
21958,0.057007251
21959,0.407309256
21960,0.254857051
21961,0.408193505
21962,0.088752395
21963,0.060911434
21964,0.01980258
21965,0.057680316
21966,0.050615177
21967,0.007772918
21968,0.123286836
21969,0.052453969
21970,0.538796659
21971,0.109872475
21972,0.027704068
21973,0.114007149
21974,0.048812745
21975,0.045500287
21976,0.026387161
21977,0.018006782
21978,0.058404336
21979,0.01651488
21980,0.018893565
21981,0.080567589
21982,0.053186289
21983,0.270190816
21984,0.065567122
21985,0.112830451
21986,0.412420422
21987,0.378128391
21988,0.088328634
21989,0.023797801
21990,0.067918581
21991,0.043061612
21992,0.082130691
21993,0.062485436
21994,0.113365642
21995,0.057193105
21996,0.097162768
21997,0.054543729
21998,0.061009158
21999,0.034634855
22000,0.128577005
22001,0.056931016
22002,0.025155496
22003,0.011169903
22004,0.020687427
22005,0.042437167
22006,0.06043445
22007,0.070887366
22008,0.109365042
22009,0.085949342
22010,0.261534738
22011,0.246048282
22012,0.251536065
22013,0.010230478
22014,0.093362193
22015,0.010606187
22016,0.053318059
22017,0.073285421
22018,0.031502707
22019,0.028602759
22020,0.042786952
22021,0.047892025
22022,0.010243875
22023,0.054069646
22024,0.070384092
22025,0.029412294
22026,0.05398424
22027,0.024466304
22028,0.029962296
22029,0.066852469
22030,0.033603046
22031,0.122001819
22032,0.064011178
22033,0.132147728
22034,0.468368882
22035,0.090133582
22036,0.105357064
22037,0.081137792
22038,0.072788764
22039,0.07874671
22040,0.079427986
22041,0.054559016
22042,0.022201537
22043,0.178917293
22044,0.075795539
22045,0.084236765
22046,0.057011425
22047,0.07956129
22048,0.028011546
22049,0.028084563
22050,0.047840071
22051,0.186964082
22052,0.061433741
22053,0.050998999
22054,0.103444407
22055,0.595171913
22056,0.075163641
22057,0.017301321
22058,0.416987785
22059,0.08437212
22060,0.187694781
22061,0.294758293
22062,0.060431628
22063,0.004830853
22064,0.02419208
22065,0.047769711
22066,0.043122286
22067,0.102131269
22068,0.159671771
22069,0.044091702
22070,0.259805458
22071,0.070010092
22072,0.057197993
22073,0.018457095
22074,0.013124141
22075,0.027925735
22076,0.041422491
22077,0.068340085
22078,0.019068767
22079,0.110813931
22080,0.130375234
22081,0.160490114
22082,0.091612739
22083,0.032762484
22084,0.121584766
22085,0.176025131
22086,0.390144681
22087,0.063143268
22088,0.008873315
22089,0.046274446
22090,0.008258042
22091,0.061562042
22092,0.537077934
22093,0.055806027
22094,0.075603968
22095,0.405596464
22096,0.262304181
22097,0.008413684
22098,0.045010201
22099,0.051482345
22100,0.263012736
22101,0.427106192
22102,0.011098066
22103,0.101803592
22104,0.069512873
22105,0.141315214
22106,0.130341697
22107,0.120314602
22108,0.178642388
22109,0.380936003
22110,0.088095973
22111,0.054025415
22112,0.072545115
22113,0.042919827
22114,0.273233057
22115,0.929549179
22116,0.005144467
22117,0.070416533
22118,0.388775896
22119,0.016355334
22120,0.060064546
22121,0.263894544
22122,0.047309034
22123,0.063701125
22124,0.018915122
22125,0.051142865
22126,0.005177282
22127,0.390106452
22128,0.411373263
22129,0.089706702
22130,0.257454385
22131,0.115024564
22132,0.18556209
22133,0.385188053
22134,0.388513974
22135,0.032617026
22136,0.182999981
22137,0.257879058
22138,0.104035577
22139,0.874957216
22140,0.274546774
22141,0.407623088
22142,0.005858355
22143,0.027189999
22144,0.137412744
22145,0.072100982
22146,0.024720886
22147,0.009064952
22148,0.046735795
22149,0.007171197
22150,0.006946505
22151,0.010736641
22152,0.026759972
22153,0.254706533
22154,0.086248472
22155,0.086472442
22156,0.108127474
22157,0.098328075
22158,0.41862711
22159,0.260486929
22160,0.098753003
22161,0.263799241
22162,0.018231029
22163,0.066415092
22164,0.993554169
22165,0.901623791
22166,0.539162776
22167,0.014977633
22168,0.093333001
22169,0.409500509
22170,0.07913082
22171,0.015606222
22172,0.069399815
22173,0.054686105
22174,0.077500096
22175,0.052313743
22176,0.012525849
22177,0.384567261
22178,0.015699554
22179,0.047074365
22180,0.27179531
22181,0.107179788
22182,0.049267765
22183,0.05171497
22184,0.411629014
22185,0.260842974
22186,0.030506948
22187,0.111297531
22188,0.111590268
22189,0.102403181
22190,0.984725296
22191,0.774774728
22192,0.545004248
22193,0.015953637
22194,0.080374398
22195,0.008480734
22196,0.387459405
22197,0.095494476
22198,0.269891092
22199,0.059134081
22200,0.089016884
22201,0.022536511
22202,0.107186336
22203,0.117661838
22204,0.137541321
22205,0.159289736
22206,0.572215117
22207,0.410203704
22208,0.243115667
22209,0.126956753
22210,0.0862037
22211,0.055007233
22212,0.100984963
22213,0.052542453
22214,0.031383152
22215,0.02090214
22216,0.133615576
22217,0.138911646
22218,0.060500254
22219,0.098628912
22220,0.87904831
22221,0.979415849
22222,0.971021314
22223,0.119239486
22224,0.041781953
22225,0.251218939
22226,0.013509444
22227,0.397164419
22228,0.017495952
22229,0.062817607
22230,0.078388019
22231,0.051187763
22232,0.378043562
22233,0.997127303
22234,0.073134121
22235,0.095962924
22236,0.08065827
22237,0.154911964
22238,0.062380092
22239,0.415874203
22240,0.268559607
22241,0.031279144
22242,0.081321817
22243,0.092406162
22244,0.096526568
22245,0.061765307
22246,0.022049596
22247,0.420028082
22248,0.433433383
22249,0.251022311
22250,0.071839563
22251,0.034694774
22252,0.081627956
22253,0.072099104
22254,0.183140816
22255,0.030260376
22256,0.044070523
22257,0.045336861
22258,0.061762523
22259,0.047696492
22260,0.429266139
22261,0.774537094
22262,0.265387833
22263,0.268051219
22264,0.114472789
22265,0.177427655
22266,0.249476964
22267,0.54691055
22268,0.077812982
22269,0.044342793
22270,0.023844782
22271,0.114643287
22272,0.175369919
22273,0.130893106
22274,0.292182264
22275,0.276301963
22276,0.176401639
22277,0.980105699
22278,0.117969523
22279,0.01797897
22280,0.135293764
22281,0.144846006
22282,0.023981286
22283,0.051900488
22284,0.291987441
22285,0.069786675
22286,0.042456289
22287,0.055866676
22288,0.058260217
22289,0.12497581
22290,0.386354115
22291,0.264103945
22292,0.457863217
22293,0.304044917
22294,0.131061237
22295,0.133266717
22296,0.39142258
22297,0.01442296
22298,0.024800743
22299,0.249694821
22300,0.074671771
22301,0.053221272
22302,0.405249534
22303,0.276438828
22304,0.039641853
22305,0.546843402
22306,0.398201196
22307,0.079266969
22308,0.093511376
22309,0.084364196
22310,0.046101427
22311,0.008584217
22312,0.011420587
22313,0.033096071
22314,0.053388027
22315,0.074196365
22316,0.077483058
22317,0.123809192
22318,0.386535525
22319,0.723228604
22320,0.393780726
22321,0.401897706
22322,0.55894414
22323,0.103208882
22324,0.062918818
22325,0.07218203
22326,0.128123255
22327,0.261727881
22328,0.083685443
22329,0.030437086
22330,0.068752948
22331,0.1265861
22332,0.054500692
22333,0.112708028
22334,0.026126147
22335,0.017123733
22336,0.047626344
22337,0.025193183
22338,0.121777537
22339,0.012065917
22340,0.033699744
22341,0.080376805
22342,0.058468795
22343,0.072172532
22344,0.250627273
22345,0.263537813
22346,0.421289058
22347,0.805868249
22348,0.645241729
22349,0.281192248
22350,0.10873767
22351,0.024129088
22352,0.042539033
22353,0.093930896
22354,0.015657363
22355,0.029809367
22356,0.995037359
22357,0.04651598
22358,0.022662499
22359,0.075061792
22360,0.042943606
22361,0.09440099
22362,0.055579316
22363,0.050910832
22364,0.05371188
22365,0.013421022
22366,0.017761436
22367,0.030852881
22368,0.074657574
22369,0.100530215
22370,0.563772637
22371,0.390152322
22372,0.246048382
22373,0.922811111
22374,0.286076078
22375,0.503769645
22376,0.250183296
22377,0.041202932
22378,0.023410279
22379,0.041306274
22380,0.053784308
22381,0.060039563
22382,0.040982174
22383,0.063001063
22384,0.432302914
22385,0.08519242
22386,0.389344352
22387,0.035682188
22388,0.099347211
22389,0.11558072
22390,0.11982197
22391,0.246262859
22392,0.051228407
22393,0.040468693
22394,0.038619258
22395,0.127397512
22396,0.983785991
22397,0.417762716
22398,0.547868055
22399,0.259631896
22400,0.265476897
22401,0.174311198
22402,0.099788871
22403,0.047250071
22404,0.008003426
22405,0.024202071
22406,0.053392633
22407,0.035206997
22408,0.114642647
22409,0.109485338
22410,0.07709927
22411,0.263705448
22412,0.029654618
22413,0.063210517
22414,0.258820251
22415,0.057926607
22416,0.100565806
22417,0.24455397
22418,0.050515297
22419,0.245754591
22420,0.161913463
22421,0.075508651
22422,0.093644465
22423,0.032195339
22424,0.0995144
22425,0.075065494
22426,0.126171945
22427,0.094131831
22428,0.050860906
22429,0.007583255
22430,0.245854371
22431,0.012748322
22432,0.090980512
22433,0.049823692
22434,0.037203481
22435,0.111835934
22436,0.036853012
22437,0.065482276
22438,0.07120869
22439,0.161181485
22440,0.388001938
22441,0.558516626
22442,0.111383613
22443,0.008128259
22444,0.018910377
22445,0.028154669
22446,0.05914734
22447,0.053683762
22448,0.123059319
22449,0.015853669
22450,0.028986287
22451,0.016361437
22452,0.027493556
22453,0.019554384
22454,0.012776452
22455,0.068384243
22456,0.080737104
22457,0.426601224
22458,0.010862719
22459,0.016502444
22460,0.284342907
22461,0.057237531
22462,0.101118288
22463,0.392321976
22464,0.116505321
22465,0.009826512
22466,0.250487767
22467,0.014391029
22468,0.02593447
22469,0.016216671
22470,0.070932407
22471,0.119546022
22472,0.045554014
22473,0.016423046
22474,0.01005614
22475,0.280675593
22476,0.029757565
22477,0.01624184
22478,0.022565779
22479,0.112602978
22480,0.073658698
22481,0.059000356
22482,0.015566816
22483,0.024022798
22484,0.070505166
22485,0.309500691
22486,0.038030924
22487,0.017652252
22488,0.026634985
22489,0.047691897
22490,0.0652559
22491,0.263637579
22492,0.083525693
22493,0.266688803
22494,0.075399328
22495,0.028998212
22496,0.049905631
22497,0.047793403
22498,0.034454519
22499,0.264836747
22500,0.01822885
22501,0.16534619
22502,0.020176741
22503,0.08047165
22504,0.055093485
22505,0.011746656
22506,0.385455561
22507,0.564540108
22508,0.244754091
22509,0.072855146
22510,0.010185787
22511,0.088562876
22512,0.048229346
22513,0.046622392
22514,0.080967318
22515,0.107935194
22516,0.100185962
22517,0.890041255
22518,0.077533955
22519,0.017130173
22520,0.073727919
22521,0.075345387
22522,0.015884783
22523,0.035222902
22524,0.145558498
22525,0.300032092
22526,0.054085346
22527,0.15590095
22528,0.02342529
22529,0.05482403
22530,0.085348067
22531,0.02626564
22532,0.020903393
22533,0.051159551
22534,0.057141774
22535,0.030144829
22536,0.018743313
22537,0.056766064
22538,0.016911541
22539,0.120428889
22540,0.029198564
22541,0.041355203
22542,0.017496307
22543,0.031533089
22544,0.07681088
22545,0.083831501
22546,0.024128878
22547,0.022882939
22548,0.048757372
22549,0.988911673
22550,0.05233839
22551,0.111424948
22552,0.060443489
22553,0.040180827
22554,0.051956385
22555,0.065105763
22556,0.013617947
22557,0.0173243
22558,0.263607347
22559,0.031089306
22560,0.016755224
22561,0.049534273
22562,0.113490087
22563,0.022688245
22564,0.01019749
22565,0.110114511
22566,0.047046845
22567,0.028233947
22568,0.052753117
22569,0.388878483
22570,0.025398764
22571,0.022235535
22572,0.023497711
22573,0.008904177
22574,0.045001765
22575,0.033545427
22576,0.004432371
22577,0.161716389
22578,0.08013581
22579,0.013950374
22580,0.005777041
22581,0.063102454
22582,0.143116123
22583,0.088022688
22584,0.068152187
22585,0.072371407
22586,0.024357881
22587,0.01422308
22588,0.249428106
22589,0.272038887
22590,0.253869513
22591,0.010793506
22592,0.010746591
22593,0.029681781
22594,0.012860986
22595,0.009095131
22596,0.014812817
22597,0.011453278
22598,0.021465377
22599,0.018650773
22600,0.007151311
22601,0.017776979
22602,0.006195306
22603,0.024490056
22604,0.052958105
22605,0.051547607
22606,0.118994081
22607,0.11196789
22608,0.180200315
22609,0.010959356
22610,0.006473605
22611,0.027375205
22612,0.012501906
22613,0.00822153
22614,0.018706159
22615,0.023054177
22616,0.014166277
22617,0.02649447
22618,0.009330369
22619,0.016396258
22620,0.010616588
22621,0.071226829
22622,0.02570803
22623,0.048358666
22624,0.009633902
22625,0.057401316
22626,0.017519022
22627,0.009860406
22628,0.008294609
22629,0.008563174
22630,0.114075362
22631,0.068023966
22632,0.006933899
22633,0.029016041
22634,0.01820453
22635,0.094568666
22636,0.010845809
22637,0.389910399
22638,0.06291105
22639,0.062696042
22640,0.060366136
22641,0.010166938
22642,0.075306846
22643,0.018598545
22644,0.085591707
22645,0.116614483
22646,0.007535337
22647,0.144577663
22648,0.01704459
22649,0.034682606
22650,0.033067115
22651,0.006585361
22652,0.011043216
22653,0.0109943
22654,0.027829167
22655,0.011184554
22656,0.011388543
22657,0.066104807
22658,0.066506078
22659,0.004155992
22660,0.153598432
22661,0.016152963
22662,0.024925023
22663,0.015999096
22664,0.030651859
22665,0.01101099
22666,0.014180379
22667,0.051563722
22668,0.019691944
22669,0.013927903
22670,0.023043168
22671,0.02994994
22672,0.009865558
22673,0.008605649
22674,0.018344265
22675,0.029754987
22676,0.16503106
22677,0.163876916
22678,0.017748496
22679,0.097085068
22680,0.019290945
22681,0.033167609
22682,0.060111743
22683,0.053257885
22684,0.05846686
22685,0.110405979
22686,0.028829556
22687,0.10132622
22688,0.052954609
22689,0.090590806
22690,0.042274552
22691,0.257356336
22692,0.413780954
22693,0.041367136
22694,0.167042527
22695,0.298928677
22696,0.100562143
22697,0.158809879
22698,0.019839153
22699,0.08557883
22700,0.016298796
22701,0.039140339
22702,0.015133893
22703,0.256341762
22704,0.036877694
22705,0.594934001
22706,0.261516191
22707,0.045411315
22708,0.132297264
22709,0.06519789
22710,0.056412605
22711,0.037471558
22712,0.013869828
22713,0.050300068
22714,0.098995816
22715,0.253450932
22716,0.544590662
22717,0.530234193
22718,0.050561966
22719,0.077647289
22720,0.143027674
22721,0.257000862
22722,0.023941634
22723,0.08369494
22724,0.055389213
22725,0.060396924
22726,0.030958034
22727,0.401488703
22728,0.125816861
22729,0.160321711
22730,0.511082685
22731,0.124836683
22732,0.541629669
22733,0.065992915
22734,0.297948178
22735,0.057477997
22736,0.038281249
22737,0.064835612
22738,0.102989224
22739,0.098541361
22740,0.035214331
22741,0.048858695
22742,0.067478642
22743,0.293558546
22744,0.043539257
22745,0.031335666
22746,0.087631948
22747,0.065296439
22748,0.082007458
22749,0.028350738
22750,0.041012527
22751,0.101867746
22752,0.068485134
22753,0.170543987
22754,0.053417629
22755,0.153804817
22756,0.034369843
22757,0.024026766
22758,0.30844686
22759,0.105123581
22760,0.072876975
22761,0.286368449
22762,0.29906121
22763,0.008741305
22764,0.006910676
22765,0.082719276
22766,0.039929047
22767,0.012542287
22768,0.015265517
22769,0.042023222
22770,0.06862307
22771,0.102654904
22772,0.1824186
22773,0.307361505
22774,0.010932226
22775,0.022192785
22776,0.271931448
22777,0.039555951
22778,0.00821245
22779,0.028814633
22780,0.02910362
22781,0.039985583
22782,0.266029362
22783,0.023473434
22784,0.055099159
22785,0.049431183
22786,0.046347397
22787,0.112454152
22788,0.529660675
22789,0.073236826
22790,0.070937658
22791,0.018646555
22792,0.027229001
22793,0.059081134
22794,0.087511206
22795,0.016020715
22796,0.023989728
22797,0.124062031
22798,0.149519913
22799,0.094276688
22800,0.087666928
22801,0.062348814
22802,0.01088271
22803,0.03422957
22804,0.031341556
22805,0.029171875
22806,0.035317457
22807,0.002941688
22808,0.076285402
22809,0.056058663
22810,0.237921586
22811,0.021613183
22812,0.04672599
22813,0.036494456
22814,0.018397707
22815,0.021317252
22816,0.046276779
22817,0.028293765
22818,0.078103082
22819,0.174329703
22820,0.389209056
22821,0.056515574
22822,0.053926817
22823,0.033276997
22824,0.09605105
22825,0.071285856
22826,0.017271892
22827,0.068350497
22828,0.019442618
22829,0.025327331
22830,0.259232555
22831,0.024562034
22832,0.023481947
22833,0.027533355
22834,0.004534716
22835,0.246322105
22836,0.066159287
22837,0.238057784
22838,0.406995133
22839,0.41855374
22840,0.074328659
22841,0.058327575
22842,0.02092996
22843,0.057209847
22844,0.06067116
22845,0.122277169
22846,0.0454798
22847,0.553095358
22848,0.110562856
22849,0.022030794
22850,0.109975525
22851,0.035438711
22852,0.042197306
22853,0.01882085
22854,0.010520895
22855,0.064147663
22856,0.021228648
22857,0.017861344
22858,0.021032684
22859,0.083432314
22860,0.056342285
22861,0.245947878
22862,0.063734637
22863,0.097492032
22864,0.423106641
22865,0.397238029
22866,0.072482892
22867,0.028005323
22868,0.077250709
22869,0.015398549
22870,0.048837313
22871,0.074947767
22872,0.052252709
22873,0.12583631
22874,0.053707496
22875,0.1077651
22876,0.050955833
22877,0.055847703
22878,0.0337718
22879,0.142397312
22880,0.010181159
22881,0.053515538
22882,0.031637851
22883,0.00936412
22884,0.025723524
22885,0.036598321
22886,0.057600656
22887,0.065676141
22888,0.108017662
22889,0.092706715
22890,0.252103435
22891,0.119810406
22892,0.239563048
22893,0.01357612
22894,0.089903027
22895,0.012815717
22896,0.047729592
22897,0.045640794
22898,0.071122344
22899,0.028920231
22900,0.028625001
22901,0.047445114
22902,0.051073867
22903,0.054045191
22904,0.062858355
22905,0.037477946
22906,0.066089412
22907,0.023971899
22908,0.030687152
22909,0.074287824
22910,0.017211201
22911,0.034573726
22912,0.13361958
22913,0.070179836
22914,0.134112768
22915,0.307058993
22916,0.083346152
22917,0.104319647
22918,0.079481154
22919,0.084519131
22920,0.077753641
22921,0.077161664
22922,0.050868666
22923,0.00924673
22924,0.385627332
22925,0.078191872
22926,0.079778533
22927,0.057215662
22928,0.073954271
22929,0.0297163
22930,0.016372075
22931,0.019357841
22932,0.054384334
22933,0.187888816
22934,0.055665399
22935,0.053829684
22936,0.081730425
22937,0.569256205
22938,0.069668387
22939,0.018426484
22940,0.408415164
22941,0.058168474
22942,0.175331424
22943,0.185029257
22944,0.063457128
22945,0.019140104
22946,0.042103985
22947,0.032217736
22948,0.097383844
22949,0.143277166
22950,0.040612179
22951,0.148183884
22952,0.072878384
22953,0.061527917
22954,0.021270681
22955,0.05011112
22956,0.066845955
22957,0.018053519
22958,0.114846856
22959,0.130617199
22960,0.251580773
22961,0.089072701
22962,0.03568248
22963,0.104107883
22964,0.169823894
22965,0.396847108
22966,0.059158145
22967,0.054597867
22968,0.061903856
22969,0.523731253
22970,0.040562133
22971,0.083548841
22972,0.393215514
22973,0.14596786
22974,0.00878759
22975,0.020794822
22976,0.008052491
22977,0.048637225
22978,0.044644739
22979,0.255045995
22980,0.242251896
22981,0.009972111
22982,0.107736536
22983,0.06686743
22984,0.147167394
22985,0.118075898
22986,0.125595183
22987,0.171393518
22988,0.390866528
22989,0.082816927
22990,0.053000903
22991,0.075149973
22992,0.035649904
22993,0.165253796
22994,0.851438831
22995,0.003953944
22996,0.070784986
22997,0.389004858
22998,0.020245395
22999,0.043829288
23000,0.272166596
23001,0.015104391
23002,0.008140585
23003,0.051044687
23004,0.081845279
23005,0.018581409
23006,0.054003309
23007,0.007262542
23008,0.395491575
23009,0.257310005
23010,0.091203721
23011,0.256262069
23012,0.123745988
23013,0.176329157
23014,0.388206177
23015,0.388466911
23016,0.156788538
23017,0.100063382
23018,0.272765551
23019,0.868089561
23020,0.299168541
23021,0.313008383
23022,0.028424403
23023,0.236718276
23024,0.091299775
23025,0.031099149
23026,0.020030602
23027,0.04490567
23028,0.006737757
23029,0.01067775
23030,0.027368594
23031,0.060187463
23032,0.082660091
23033,0.086839551
23034,0.098797221
23035,0.092663441
23036,0.235970484
23037,0.41836691
23038,0.022122657
23039,0.096749375
23040,0.263756544
23041,0.019716236
23042,0.07361022
23043,0.990363012
23044,0.822084588
23045,0.538262206
23046,0.00529603
23047,0.028599722
23048,0.097701946
23049,0.418948934
23050,0.076181351
23051,0.020875641
23052,0.066301054
23053,0.032958498
23054,0.008140165
23055,0.05594012
23056,0.062528049
23057,0.044443263
23058,0.013357805
23059,0.384885556
23060,0.019518868
23061,0.044758682
23062,0.237443403
23063,0.09784394
23064,0.047238453
23065,0.048487605
23066,0.408233982
23067,0.238965178
23068,0.026673747
23069,0.109515149
23070,0.105882022
23071,0.106805236
23072,0.99184995
23073,0.784648574
23074,0.556022567
23075,0.019803732
23076,0.075675375
23077,0.028505768
23078,0.38641827
23079,0.086794504
23080,0.265980432
23081,0.059440449
23082,0.076989609
23083,0.018815166
23084,0.090338942
23085,0.103082031
23086,0.142025527
23087,0.159499508
23088,0.558582335
23089,0.415287791
23090,0.237433131
23091,0.121307057
23092,0.067685339
23093,0.055657615
23094,0.09831354
23095,0.052954275
23096,0.257303448
23097,0.130079968
23098,0.130624418
23099,0.059694142
23100,0.107932039
23101,0.024287635
23102,0.851831196
23103,0.985861859
23104,0.992812705
23105,0.115239922
23106,0.047938267
23107,0.232108089
23108,0.392401613
23109,0.021467823
23110,0.064463055
23111,0.094043855
23112,0.051686748
23113,0.387945976
23114,0.997328466
23115,0.077389071
23116,0.091031989
23117,0.084280221
23118,0.157714691
23119,0.062556334
23120,0.4168121
23121,0.239317947
23122,0.020755544
23123,0.066901694
23124,0.102857335
23125,0.096150566
23126,0.056663557
23127,0.032526624
23128,0.250677407
23129,0.303262238
23130,0.153675081
23131,0.078258027
23132,0.024727312
23133,0.083149937
23134,0.068028882
23135,0.175498813
23136,0.038110031
23137,0.04068506
23138,0.049457994
23139,0.019236263
23140,0.022281799
23141,0.054163468
23142,0.048275901
23143,0.421453467
23144,0.776056518
23145,0.267786162
23146,0.262867789
23147,0.102547149
23148,0.149736604
23149,0.140713724
23150,0.541172592
23151,0.08141385
23152,0.048516754
23153,0.028169325
23154,0.141072617
23155,0.173162608
23156,0.137804318
23157,0.282544021
23158,0.262544454
23159,0.147921496
23160,0.981718621
23161,0.115652528
23162,0.017474337
23163,0.130874697
23164,0.246201471
23165,0.023681086
23166,0.056275675
23167,0.291488798
23168,0.082621684
23169,0.038177831
23170,0.039730369
23171,0.053935803
23172,0.123903676
23173,0.392413403
23174,0.192186705
23175,0.445540964
23176,0.300096214
23177,0.124583117
23178,0.144964536
23179,0.259175123
23180,0.022114454
23181,0.17010463
23182,0.084490943
23183,0.055987646
23184,0.439102681
23185,0.278497643
23186,0.044189833
23187,0.492553037
23188,0.291129841
23189,0.005259332
23190,0.06796222
23191,0.079914197
23192,0.066318601
23193,0.044115305
23194,0.009463325
23195,0.014221785
23196,0.035894237
23197,0.048301976
23198,0.085004787
23199,0.070970287
23200,0.112162271
23201,0.40766791
23202,0.69609732
23203,0.398092031
23204,0.383999178
23205,0.579738962
23206,0.101144137
23207,0.02004301
23208,0.066839789
23209,0.075276389
23210,0.233033573
23211,0.255771266
23212,0.079979057
23213,0.033792187
23214,0.071381121
23215,0.111524019
23216,0.020221075
23217,0.050450066
23218,0.107084091
23219,0.026063738
23220,0.046515115
23221,0.017007874
23222,0.122669456
23223,0.010384534
23224,0.035683248
23225,0.089186405
23226,0.045209029
23227,0.06939847
23228,0.249382488
23229,0.250267057
23230,0.423085472
23231,0.81249062
23232,0.640195121
23233,0.281886362
23234,0.236650323
23235,0.054739896
23236,0.048292577
23237,0.097582447
23238,0.015331563
23239,0.028476534
23240,0.986762075
23241,0.048135317
23242,0.017888304
23243,0.087975708
23244,0.046846214
23245,0.092891783
23246,0.053935303
23247,0.055478111
23248,0.014283145
23249,0.04884075
23250,0.015403377
23251,0.017579728
23252,0.029037578
23253,0.076519278
23254,0.095136921
23255,0.558944893
23256,0.393660209
23257,0.235317831
23258,0.915461744
23259,0.282044158
23260,0.523614783
23261,0.243120288
23262,0.043269547
23263,0.031427764
23264,0.05014184
23265,0.046075235
23266,0.059907031
23267,0.038848889
23268,0.067346921
23269,0.411439679
23270,0.237904576
23271,0.274714384
23272,0.034171779
23273,0.079834699
23274,0.120806538
23275,0.113154192
23276,0.241875264
23277,0.053644747
23278,0.002928169
23279,0.043499122
23280,0.008304722
23281,0.050480449
23282,0.124233821
23283,0.959101123
23284,0.408779741
23285,0.52746134
23286,0.256437672
23287,0.262279955
23288,0.151911991
23289,0.238336702
23290,0.046860698
23291,0.010052125
23292,0.025774374
23293,0.008456143
23294,0.033941698
23295,0.112149033
23296,0.107098475
23297,0.074258853
23298,0.187459429
23299,0.02761913
23300,0.069366664
23301,0.012036704
23302,0.383537712
23303,0.058451845
23304,0.106886372
23305,0.243147058
23306,0.046396554
23307,0.237905627
23308,0.160831326
23309,0.083611239
23310,0.08425961
23311,0.035653815
23312,0.083270886
23313,0.080271332
23314,0.056191794
23315,0.111311701
23316,0.088244255
23317,0.056438114
23318,0.030247534
23319,0.101632124
23320,0.009975133
23321,0.011649998
23322,0.018702377
23323,0.065171116
23324,0.03974284
23325,0.104254584
23326,0.043383852
23327,0.070915139
23328,0.007739622
23329,0.064124718
23330,0.163746151
23331,0.281558414
23332,0.536275975
23333,0.122479855
23334,0.060433059
23335,0.015116557
23336,0.062319758
23337,0.119411283
23338,0.014004435
23339,0.029884442
23340,0.016801469
23341,0.029528373
23342,0.022968851
23343,0.011591569
23344,0.02897131
23345,0.067132636
23346,0.0783829
23347,0.389833945
23348,0.017986951
23349,0.017975184
23350,0.048308835
23351,0.05522333
23352,0.093360999
23353,0.390071235
23354,0.117904676
23355,0.237324697
23356,0.023435117
23357,0.017726575
23358,0.071339581
23359,0.096263809
23360,0.040097492
23361,0.012521932
23362,0.021310872
23363,0.012015126
23364,0.270847766
23365,0.031006033
23366,0.012256075
23367,0.0134019
23368,0.029043371
23369,0.121161513
23370,0.075771045
23371,0.051264168
23372,0.015792019
23373,0.029391476
23374,0.066996331
23375,0.388010119
23376,0.032547702
23377,0.020339656
23378,0.021995617
23379,0.048086038
23380,0.069495502
23381,0.256584255
23382,0.09223574
23383,0.127718364
23384,0.075797081
23385,0.026991
23386,0.020600713
23387,0.067671732
23388,0.059679889
23389,0.033571712
23390,0.382890993
23391,0.247767999
23392,0.018406306
23393,0.078408263
23394,0.055718123
23395,0.010176739
23396,0.010412185
23397,0.389724488
23398,0.585240633
23399,0.23588956
23400,0.065137715
23401,0.091411104
23402,0.046474094
23403,0.042783982
23404,0.081457404
23405,0.096176911
23406,0.074554168
23407,0.8971626
23408,0.083935626
23409,0.017311321
23410,0.068592138
23411,0.08034556
23412,0.018525144
23413,0.051073602
23414,0.140011007
23415,0.486535953
23416,0.07050601
23417,0.151916075
23418,0.03003882
23419,0.050066907
23420,0.08488107
23421,0.031512862
23422,0.02418289
23423,0.054925347
23424,0.048126268
23425,0.026966114
23426,0.018987573
23427,0.058530467
23428,0.019654935
23429,0.114881709
23430,0.02185062
23431,0.050206223
23432,0.015659175
23433,0.03288643
23434,0.073938681
23435,0.077531479
23436,0.026886204
23437,0.037624017
23438,0.993832553
23439,0.061706776
23440,0.107815578
23441,0.058584539
23442,0.044899773
23443,0.054321532
23444,0.052288693
23445,0.011958424
23446,0.018005383
23447,0.19333326
23448,0.031567407
23449,0.01882358
23450,0.046436866
23451,0.104191872
23452,0.016732193
23453,0.115671706
23454,0.050025732
23455,0.031179559
23456,0.042111103
23457,0.389951888
23458,0.015681046
23459,0.017655132
23460,0.057177842
23461,0.035756011
23462,0.15576305
23463,0.075716706
23464,0.01716091
23465,0.005670814
23466,0.055823455
23467,0.146768624
23468,0.089389625
23469,0.065585625
23470,0.072800336
23471,0.026749873
23472,0.048973615
23473,0.021864481
23474,0.242041867
23475,0.161019104
23476,0.236103229
23477,0.010457609
23478,0.036719838
23479,0.012329005
23480,0.008852209
23481,0.020836164
23482,0.019289323
23483,0.006581502
23484,0.012973723
23485,0.009956995
23486,0.016906436
23487,0.014829247
23488,0.025262077
23489,0.046762991
23490,0.047322107
23491,0.114945336
23492,0.008655483
23493,0.240295253
23494,0.197451974
23495,0.011332414
23496,0.008403686
23497,0.028783176
23498,0.00924452
23499,0.008224704
23500,0.020512415
23501,0.015790616
23502,0.02804561
23503,0.008934661
23504,0.013345978
23505,0.007005071
23506,0.006171434
23507,0.078893433
23508,0.024215019
23509,0.050753691
23510,0.009561812
23511,0.012754098
23512,0.009138135
23513,0.120844115
23514,0.028601483
23515,0.063916897
23516,0.008873117
23517,0.011228546
23518,0.0290022
23519,0.086968826
23520,0.012236816
23521,0.009982788
23522,0.412802196
23523,0.0645564
23524,0.064664005
23525,0.069105721
23526,0.023886826
23527,0.010098104
23528,0.070040132
23529,0.023160115
23530,0.099313649
23531,0.097675751
23532,0.152911182
23533,0.018316759
23534,0.026682078
23535,0.031741148
23536,0.033078424
23537,0.006156657
23538,0.009242937
23539,0.010898899
23540,0.027683031
23541,0.01143983
23542,0.009441265
23543,0.077857427
23544,0.062681801
23545,0.259362456
23546,0.011660509
23547,0.017689834
23548,0.026357227
23549,0.012452708
23550,0.013299512
23551,0.04880891
23552,0.021805229
23553,0.011107341
23554,0.027846565
23555,0.025992297
23556,0.008987117
23557,0.010269728
23558,0.015933546
23559,0.032349545
23560,0.161384065
23561,0.159088247
23562,0.019510019
23563,0.086419659
23564,0.022948138
23565,0.038169248
23566,0.069066922
23567,0.066024032
23568,0.065164346
23569,0.027590384
23570,0.060788283
23571,0.035457986
23572,0.100079644
23573,0.04753357
23574,0.043582771
23575,0.032891455
23576,0.109796267
23577,0.038356378
23578,0.086774116
23579,0.272894398
23580,0.243715951
23581,0.047380739
23582,0.16108922
23583,0.065180021
23584,0.393681026
23585,0.107329501
23586,0.167259628
23587,0.061125359
23588,0.070849888
23589,0.033982054
23590,0.011291449
23591,0.151242424
23592,0.035179396
23593,0.718216298
23594,0.141621118
23595,0.047499755
23596,0.043354115
23597,0.111284394
23598,0.050677366
23599,0.020250271
23600,0.048786632
23601,0.038874225
23602,0.109431706
23603,0.268018198
23604,0.528383209
23605,0.530781233
23606,0.06997614
23607,0.143812209
23608,0.275361148
23609,0.020575538
23610,0.072435948
23611,0.051849095
23612,0.063426795
23613,0.089012313
23614,0.027168111
23615,0.408436057
23616,0.138307682
23617,0.175060263
23618,0.542237452
23619,0.123603109
23620,0.496590807
23621,0.022004342
23622,0.065678188
23623,0.302535963
23624,0.052753568
23625,0.050410739
23626,0.037389903
23627,0.068301572
23628,0.105271846
23629,0.098211273
23630,0.059554544
23631,0.036884204
23632,0.073324744
23633,0.169853019
23634,0.043870299
23635,0.030541427
23636,0.073289185
23637,0.063223803
23638,0.082330138
23639,0.028505534
23640,0.044633815
23641,0.055734454
23642,0.078484085
23643,0.026826374
23644,0.061086322
23645,0.170884202
23646,0.059010061
23647,0.274961628
23648,0.024084237
23649,0.055377974
23650,0.042317283
23651,0.017968317
23652,0.491274196
23653,0.113318554
23654,0.072881543
23655,0.290576285
23656,0.442800826
23657,0.011983229
23658,0.004700204
23659,0.083292735
23660,0.046338918
23661,0.012010695
23662,0.01211944
23663,0.077436053
23664,0.083208215
23665,0.182333101
23666,0.299929773
23667,0.020019828
23668,0.440330233
23669,0.048057742
23670,0.025425022
23671,0.040707229
23672,0.419364718
23673,0.021576196
23674,0.051735992
23675,0.061988897
23676,0.052910968
23677,0.163591487
23678,0.500792401
23679,0.077054051
23680,0.075364773
23681,0.03035423
23682,0.059693204
23683,0.072748473
23684,0.009593031
23685,0.022594628
23686,0.028206589
23687,0.009818683
23688,0.12358817
23689,0.164868768
23690,0.084554039
23691,0.099776648
23692,0.066302327
23693,0.010253012
23694,0.035804488
23695,0.032996916
23696,0.028549561
23697,0.024123942
23698,0.00378961
23699,0.095840208
23700,0.055848385
23701,0.242344066
23702,0.024213735
23703,0.044551881
23704,0.029938868
23705,0.019346724
23706,0.018778106
23707,0.021953005
23708,0.045499681
23709,0.022974621
23710,0.026164484
23711,0.074286082
23712,0.186929711
23713,0.393896324
23714,0.050276221
23715,0.051654056
23716,0.04356092
23717,0.10371476
23718,0.05199385
23719,0.066615758
23720,0.009798454
23721,0.026935534
23722,0.266803847
23723,0.027724985
23724,0.021980591
23725,0.031055817
23726,0.006070289
23727,0.245750541
23728,0.067968677
23729,0.239080824
23730,0.237571085
23731,0.447426156
23732,0.076356911
23733,0.063749279
23734,0.021500968
23735,0.049994191
23736,0.048364574
23737,0.104580212
23738,0.045559009
23739,0.574537023
23740,0.104070332
23741,0.106229374
23742,0.047263905
23743,0.018026891
23744,0.009131896
23745,0.010710326
23746,0.071144672
23747,0.023117488
23748,0.021414386
23749,0.021460781
23750,0.018226098
23751,0.083225174
23752,0.032968994
23753,0.08063149
23754,0.069152878
23755,0.104152599
23756,0.443280812
23757,0.414617226
23758,0.072292887
23759,0.028347082
23760,0.075873795
23761,0.017030954
23762,0.04530839
23763,0.030080152
23764,0.010843215
23765,0.073606115
23766,0.062470061
23767,0.121252693
23768,0.057759258
23769,0.108098156
23770,0.052580621
23771,0.058657428
23772,0.03318351
23773,0.019693568
23774,0.15190353
23775,0.011101289
23776,0.053293709
23777,0.033146506
23778,0.008772573
23779,0.024217187
23780,0.039492691
23781,0.066352431
23782,0.062686972
23783,0.112566752
23784,0.084043417
23785,0.268432173
23786,0.237203488
23787,0.148697091
23788,0.010363362
23789,0.087571382
23790,0.012311059
23791,0.041192513
23792,0.047687605
23793,0.069178454
23794,0.0309547
23795,0.031035639
23796,0.042249038
23797,0.048448803
23798,0.014465775
23799,0.052619965
23800,0.070456963
23801,0.033448039
23802,0.05857923
23803,0.024524615
23804,0.025918053
23805,0.017632165
23806,0.017825781
23807,0.062990813
23808,0.016803857
23809,0.037287619
23810,0.125101436
23811,0.06701283
23812,0.137505241
23813,0.311532603
23814,0.08556928
23815,0.100712739
23816,0.074114165
23817,0.071144462
23818,0.082007961
23819,0.081749746
23820,0.054597711
23821,0.009838121
23822,0.021227669
23823,0.175625764
23824,0.069971053
23825,0.073564562
23826,0.060244015
23827,0.082874772
23828,0.020072742
23829,0.02746738
23830,0.018645981
23831,0.020493339
23832,0.049149414
23833,0.308066602
23834,0.061634452
23835,0.052461075
23836,0.105001546
23837,0.592718643
23838,0.075398608
23839,0.021230246
23840,0.444521493
23841,0.070677006
23842,0.171263278
23843,0.280643296
23844,0.06140663
23845,0.024900192
23846,0.042942594
23847,0.035552588
23848,0.099841265
23849,0.175695731
23850,0.049006529
23851,0.147026988
23852,0.065270887
23853,0.057696983
23854,0.019795082
23855,0.024728252
23856,0.04656242
23857,0.06098243
23858,0.017989044
23859,0.105582361
23860,0.131964103
23861,0.238716487
23862,0.084605318
23863,0.029406242
23864,0.116290513
23865,0.164717536
23866,0.398570935
23867,0.05961522
23868,0.009524995
23869,0.049962664
23870,0.023116393
23871,0.010629503
23872,0.059516475
23873,0.53279123
23874,0.035263054
23875,0.078870909
23876,0.39842028
23877,0.140596648
23878,0.021677667
23879,0.0533107
23880,0.055251141
23881,0.269995377
23882,0.248809728
23883,0.008407692
23884,0.103573716
23885,0.071305706
23886,0.143568859
23887,0.236834826
23888,0.123259428
23889,0.177786437
23890,0.395547265
23891,0.082019965
23892,0.01842121
23893,0.054122727
23894,0.081099479
23895,0.051001183
23896,0.189021412
23897,0.860422983
23898,0.070655421
23899,0.389377687
23900,0.021537994
23901,0.049090775
23902,0.270738505
23903,0.01544273
23904,0.041417889
23905,0.077616737
23906,0.020125528
23907,0.056424085
23908,0.004575641
23909,0.429137757
23910,0.258385183
23911,0.089434581
23912,0.260467421
23913,0.125421758
23914,0.177605851
23915,0.395438825
23916,0.398228947
23917,0.253872651
23918,0.252609852
23919,0.109064687
23920,0.855799999
23921,0.311300884
23922,0.413077265
23923,0.004969308
23924,0.026154728
23925,0.138939276
23926,0.073420392
23927,0.026592398
23928,0.022270414
23929,0.051685311
23930,0.005288762
23931,0.010823203
23932,0.030200591
23933,0.059984299
23934,0.084014444
23935,0.091374495
23936,0.102135265
23937,0.085733269
23938,0.238416717
23939,0.459686353
23940,0.027402404
23941,0.100459602
23942,0.279595062
23943,0.020583441
23944,0.063287024
23945,0.978907103
23946,0.850172087
23947,0.533570967
23948,0.02887791
23949,0.073583856
23950,0.408399799
23951,0.076215703
23952,0.016977656
23953,0.066954203
23954,0.00669926
23955,0.049349413
23956,0.056934006
23957,0.044515869
23958,0.011745077
23959,0.403824426
23960,0.01695795
23961,0.047988074
23962,0.097033604
23963,0.101008666
23964,0.038134952
23965,0.050928855
23966,0.460022903
23967,0.435228512
23968,0.033597266
23969,0.116808865
23970,0.105399596
23971,0.097509544
23972,0.98995876
23973,0.796437623
23974,0.527381102
23975,0.014930459
23976,0.255312107
23977,0.024960909
23978,0.389464422
23979,0.079612389
23980,0.262005355
23981,0.050320951
23982,0.087322092
23983,0.022923016
23984,0.091558339
23985,0.107054059
23986,0.133523997
23987,0.16298106
23988,0.536991448
23989,0.424669301
23990,0.457616011
23991,0.129800157
23992,0.07980773
23993,0.060902887
23994,0.099510175
23995,0.058279455
23996,0.029258811
23997,0.139811727
23998,0.156563339
23999,0.06090801
24000,0.112773816
24001,0.024051686
24002,0.867403652
24003,0.99380351
24004,0.989708747
24005,0.126253547
24006,0.05057921
24007,0.237688768
24008,0.404980361
24009,0.027847369
24010,0.010499715
24011,0.018322803
24012,0.073364572
24013,0.090106806
24014,0.048994918
24015,0.396505007
24016,0.97955578
24017,0.068258712
24018,0.09811929
24019,0.080486726
24020,0.155052004
24021,0.061941925
24022,0.458451867
24023,0.241470944
24024,0.02445719
24025,0.075278187
24026,0.098195005
24027,0.096591392
24028,0.057655522
24029,0.034013608
24030,0.274707141
24031,0.398771851
24032,0.252024921
24033,0.075388062
24034,0.086291329
24035,0.011310758
24036,0.065883881
24037,0.180249031
24038,0.033896316
24039,0.051257011
24040,0.051312967
24041,0.021268542
24042,0.064547314
24043,0.053654168
24044,0.43904183
24045,0.768104204
24046,0.262828077
24047,0.265976617
24048,0.113831717
24049,0.154623361
24050,0.25220087
24051,0.54993952
24052,0.076052634
24053,0.02777884
24054,0.045738157
24055,0.035723756
24056,0.137482975
24057,0.172612483
24058,0.27329684
24059,0.424577132
24060,0.269563133
24061,0.189652718
24062,0.984903346
24063,0.124450057
24064,0.018249422
24065,0.238042013
24066,0.255774371
24067,0.02617243
24068,0.048820927
24069,0.491894802
24070,0.093502924
24071,0.036048814
24072,0.046937064
24073,0.052485122
24074,0.128207837
24075,0.400118796
24076,0.282526111
24077,0.440374667
24078,0.307063042
24079,0.136389009
24080,0.134135442
24081,0.275855079
24082,0.02717162
24083,0.174509326
24084,0.079666467
24085,0.044615476
24086,0.400496588
24087,0.290770858
24088,0.054531486
24089,0.511238815
24090,0.287230725
24091,0.00536825
24092,0.07073365
24093,0.095174275
24094,0.073760147
24095,0.00906511
24096,0.034539299
24097,0.047134329
24098,0.080298196
24099,0.074666027
24100,0.116277122
24101,0.398710057
24102,0.703175353
24103,0.404998264
24104,0.399020729
24105,0.591118922
24106,0.09093284
24107,0.050164274
24108,0.059979793
24109,0.13571436
24110,0.163402018
24111,0.071863694
24112,0.028708324
24113,0.0734018
24114,0.117200641
24115,0.019335657
24116,0.003037546
24117,0.051140084
24118,0.098965418
24119,0.023400982
24120,0.01537106
24121,0.042998808
24122,0.022042385
24123,0.008882431
24124,0.037434906
24125,0.084997422
24126,0.056852534
24127,0.071937118
24128,0.265915032
24129,0.149271406
24130,0.461388725
24131,0.818159706
24132,0.637332442
24133,0.265801461
24134,0.239524071
24135,0.047280048
24136,0.100769197
24137,0.014218046
24138,0.009087892
24139,0.991622978
24140,0.048478474
24141,0.019019185
24142,0.075072342
24143,0.046902655
24144,0.093446685
24145,0.055787122
24146,0.055636061
24147,0.019768849
24148,0.049866974
24149,0.0037124
24150,0.015716863
24151,0.017692088
24152,0.02695246
24153,0.082719647
24154,0.102743731
24155,0.545041843
24156,0.392624386
24157,0.237119247
24158,0.945768431
24159,0.392955477
24160,0.535045195
24161,0.240757127
24162,0.046883046
24163,0.041507923
24164,0.045609194
24165,0.060250246
24166,0.021271956
24167,0.037936127
24168,0.065463643
24169,0.413501536
24170,0.242491649
24171,0.39732851
24172,0.037048155
24173,0.08283778
24174,0.122144607
24175,0.12681032
24176,0.258254908
24177,0.049009536
24178,0.053787855
24179,0.141274695
24180,0.962849599
24181,0.446507265
24182,0.535508518
24183,0.258199718
24184,0.286915237
24185,0.175829992
24186,0.10242482
24187,0.033977129
24188,0.028038782
24189,0.036361611
24190,0.113347055
24191,0.107738769
24192,0.084992424
24193,0.172465041
24194,0.027088177
24195,0.054215015
24196,0.011550856
24197,0.27630622
24198,0.057400814
24199,0.009426072
24200,0.11002318
24201,0.244133634
24202,0.050241031
24203,0.24635205
24204,0.156371852
24205,0.074468232
24206,0.097052504
24207,0.041023617
24208,0.074153404
24209,0.08896153
24210,0.054727666
24211,0.125192921
24212,0.098637032
24213,0.051189225
24214,0.010509724
24215,0.127839654
24216,0.012367281
24217,0.252497376
24218,0.006878738
24219,0.029798242
24220,0.116051913
24221,0.044941061
24222,0.062872619
24223,0.065882611
24224,0.168797907
24225,0.404555219
24226,0.537173735
24227,0.107999977
24228,0.007636896
24229,0.01759838
24230,0.031213098
24231,0.052241666
24232,0.070585497
24233,0.142644438
24234,0.01399632
24235,0.034880958
24236,0.019754144
24237,0.029022422
24238,0.020283427
24239,0.011327285
24240,0.028154748
24241,0.006005102
24242,0.059979103
24243,0.073406349
24244,0.401612496
24245,0.017113428
24246,0.01707164
24247,0.051960601
24248,0.054570464
24249,0.096043876
24250,0.405319823
24251,0.112352222
24252,0.014132539
24253,0.009467499
24254,0.239106627
24255,0.010739567
24256,0.022964824
24257,0.020362535
24258,0.067381138
24259,0.23748007
24260,0.04238114
24261,0.017859214
24262,0.010358926
24263,0.265457252
24264,0.027816828
24265,0.021577914
24266,0.025759725
24267,0.132174132
24268,0.076454555
24269,0.053665616
24270,0.017411555
24271,0.026074663
24272,0.066626197
24273,0.39285596
24274,0.03337573
24275,0.019307521
24276,0.02504976
24277,0.05492275
24278,0.0647466
24279,0.271332065
24280,0.077374761
24281,0.272495762
24282,0.073246015
24283,0.026803881
24284,0.050384952
24285,0.057490251
24286,0.034990924
24287,0.264139991
24288,0.16159642
24289,0.020250802
24290,0.075505188
24291,0.056365249
24292,0.011817252
24293,0.400322804
24294,0.575444661
24295,0.238290436
24296,0.065518805
24297,0.013524148
24298,0.091668233
24299,0.047870135
24300,0.045876962
24301,0.093093686
24302,0.087474821
24303,0.091890023
24304,0.90958457
24305,0.021377632
24306,0.084352331
24307,0.014394139
24308,0.077511216
24309,0.076924139
24310,0.019950165
24311,0.045708712
24312,0.122939643
24313,0.317686581
24314,0.06206782
24315,0.247202944
24316,0.028279284
24317,0.049058393
24318,0.081238201
24319,0.021756799
24320,0.022779106
24321,0.04689539
24322,0.056328008
24323,0.029349805
24324,0.019232474
24325,0.05111834
24326,0.019138589
24327,0.119193252
24328,0.030014084
24329,0.042018081
24330,0.039917886
24331,0.078543751
24332,0.077672532
24333,0.029612017
24334,0.056668163
24335,0.993373289
24336,0.039032966
24337,0.125968835
24338,0.053611947
24339,0.05129406
24340,0.059743513
24341,0.046507035
24342,0.008892476
24343,0.178732686
24344,0.030106592
24345,0.015692454
24346,0.05555586
24347,0.240718448
24348,0.016144389
24349,0.008440864
24350,0.236563534
24351,0.047796312
24352,0.055058115
24353,0.394178262
24354,0.02718624
24355,0.020175646
24356,0.004174835
24357,0.021179403
24358,0.011224482
24359,0.049595987
24360,0.043357942
24361,0.163319073
24362,0.090577923
24363,0.003950185
24364,0.064021613
24365,0.138836398
24366,0.085450922
24367,0.064201557
24368,0.093300924
24369,0.040073653
24370,0.017102869
24371,0.24265413
24372,0.172012953
24373,0.240473803
24374,0.010538202
24375,0.02645593
24376,0.015229516
24377,0.010670433
24378,0.018850754
24379,0.009582056
24380,0.021905781
24381,0.024571761
24382,0.011531536
24383,0.019998383
24384,0.022159295
24385,0.010648283
24386,0.027234173
24387,0.04386646
24388,0.046489063
24389,0.114469983
24390,0.003896252
24391,0.11857602
24392,0.010122646
24393,0.274265918
24394,0.019761609
24395,0.02769061
24396,0.01217172
24397,0.019478137
24398,0.027847534
24399,0.008481548
24400,0.003443071
24401,0.012755646
24402,0.018487968
24403,0.009487747
24404,0.007974591
24405,0.083342849
24406,0.024668159
24407,0.054292531
24408,0.013811061
24409,0.051140137
24410,0.01748646
24411,0.010179149
24412,0.011169134
24413,0.010669811
24414,0.128548384
24415,0.030925791
24416,0.053374806
24417,0.008698271
24418,0.009340252
24419,0.030289118
24420,0.012362899
24421,0.016159325
24422,0.073752011
24423,0.008063081
24424,0.008525538
24425,0.01037765
24426,0.012059816
24427,0.39586961
24428,0.072186684
24429,0.068222146
24430,0.064656499
24431,0.00452899
24432,0.071015159
24433,0.023749651
24434,0.075856426
24435,0.099019181
24436,0.152983345
24437,0.018552632
24438,0.036253112
24439,0.035424289
24440,0.03783962
24441,0.022469852
24442,0.030647075
24443,0.009387982
24444,0.031726262
24445,0.011330142
24446,0.01098576
24447,0.066782459
24448,0.064863481
24449,0.030064676
24450,0.173679387
24451,0.013775458
24452,0.024640038
24453,0.011043459
24454,0.017290174
24455,0.048268972
24456,0.010908895
24457,0.028732571
24458,0.026243873
24459,0.009785886
24460,0.031375
24461,0.260848869
24462,0.152273793
24463,0.020890178
24464,0.087097627
24465,0.023169919
24466,0.037229464
24467,0.06442352
24468,0.052473799
24469,0.064922534
24470,0.044839843
24471,0.009614449
24472,0.143570479
24473,0.053919424
24474,0.091002047
24475,0.125311773
24476,0.233566724
24477,0.037872837
24478,0.013323008
24479,0.291647566
24480,0.068037185
24481,0.284431078
24482,0.09592592
24483,0.166748065
24484,0.027999032
24485,0.02170286
24486,0.09274211
24487,0.011937855
24488,0.037924567
24489,0.017110242
24490,0.132219785
24491,0.031029226
24492,0.636563004
24493,0.27039439
24494,0.062120028
24495,0.129242728
24496,0.063051096
24497,0.058978159
24498,0.017651594
24499,0.015567592
24500,0.048021049
24501,0.112783833
24502,0.439568823
24503,0.541723282
24504,0.537765015
24505,0.049693199
24506,0.080694715
24507,0.132775487
24508,0.161607553
24509,0.008537265
24510,0.029339863
24511,0.081858852
24512,0.049919243
24513,0.06424765
24514,0.094918159
24515,0.030426216
24516,0.397483939
24517,0.140239133
24518,0.464493898
24519,0.507276507
24520,0.105752086
24521,0.022165556
24522,0.521263118
24523,0.021130284
24524,0.059769215
24525,0.276128334
24526,0.060796205
24527,0.045674914
24528,0.039012758
24529,0.064576216
24530,0.087358778
24531,0.098589135
24532,0.093685338
24533,0.031058529
24534,0.055706433
24535,0.07657142
24536,0.17568909
24537,0.056429448
24538,0.034719358
24539,0.078206801
24540,0.073257309
24541,0.085555953
24542,0.032680364
24543,0.044056978
24544,0.050596138
24545,0.099630378
24546,0.033006066
24547,0.062246554
24548,0.161466473
24549,0.070940095
24550,0.283491659
24551,0.061088025
24552,0.042295583
24553,0.020703091
24554,0.013233197
24555,0.011506581
24556,0.012789299
24557,0.488637395
24558,0.106322997
24559,0.078344573
24560,0.162868521
24561,0.177100675
24562,0.086187389
24563,0.060818268
24564,0.033846362
24565,0.076747452
24566,0.074253302
24567,0.180863212
24568,0.270974347
24569,0.015090997
24570,0.471447794
24571,0.062202936
24572,0.008416692
24573,0.035661912
24574,0.264127085
24575,0.020137462
24576,0.055614697
24577,0.008715061
24578,0.053338941
24579,0.052153778
24580,0.025838829
24581,0.127381381
24582,0.507575008
24583,0.072192691
24584,0.083281575
24585,0.020794279
24586,0.030051945
24587,0.053732765
24588,0.095636325
24589,0.009784167
24590,0.020736331
24591,0.010156546
24592,0.119559481
24593,0.169122948
24594,0.090596433
24595,0.087692323
24596,0.065849748
24597,0.009238264
24598,0.034910591
24599,0.032952298
24600,0.030231052
24601,0.024831653
24602,0.087987731
24603,0.065592213
24604,0.466272506
24605,0.025852428
24606,0.045427038
24607,0.022335805
24608,0.020503138
24609,0.014847463
24610,0.024238542
24611,0.054667639
24612,0.022698526
24613,0.024522813
24614,0.073338346
24615,0.278548611
24616,0.43289495
24617,0.050237308
24618,0.05425958
24619,0.038550763
24620,0.08979483
24621,0.067546989
24622,0.064819743
24623,0.015593639
24624,0.013298526
24625,0.022899591
24626,0.255500549
24627,0.02500434
24628,0.024310355
24629,0.026066534
24630,0.006173441
24631,0.243512386
24632,0.068448858
24633,0.471762799
24634,0.485269023
24635,0.457901527
24636,0.075796237
24637,0.043320215
24638,0.020387089
24639,0.055815984
24640,0.052392964
24641,0.135054206
24642,0.049340637
24643,0.564305196
24644,0.110044636
24645,0.028778234
24646,0.108752343
24647,0.048257177
24648,0.040361702
24649,0.014982136
24650,0.008579015
24651,0.008231758
24652,0.074895551
24653,0.021813123
24654,0.024964693
24655,0.007748431
24656,0.019478461
24657,0.016126298
24658,0.082134337
24659,0.058206348
24660,0.08082956
24661,0.072716307
24662,0.100274189
24663,0.485013529
24664,0.408237248
24665,0.073881584
24666,0.030940446
24667,0.079229984
24668,0.011951196
24669,0.042692211
24670,0.03063577
24671,0.077559266
24672,0.060457896
24673,0.118833217
24674,0.051759211
24675,0.117240341
24676,0.049325343
24677,0.054544739
24678,0.031739372
24679,0.020914122
24680,0.138820264
24681,0.026016691
24682,0.058220885
24683,0.025600442
24684,0.008799078
24685,0.018966448
24686,0.041907143
24687,0.060211195
24688,0.068025115
24689,0.116484496
24690,0.089264175
24691,0.464284823
24692,0.232660857
24693,0.235639657
24694,0.009864571
24695,0.07893161
24696,0.006852538
24697,0.053668789
24698,0.050988882
24699,0.071697495
24700,0.031953288
24701,0.027270408
24702,0.052708017
24703,0.046860181
24704,0.015866962
24705,0.048530911
24706,0.071331676
24707,0.035671
24708,0.070960158
24709,0.029183752
24710,0.01805179
24711,0.074238139
24712,0.010842192
24713,0.05002139
24714,0.121265027
24715,0.067684461
24716,0.119905494
24717,0.322522392
24718,0.091877138
24719,0.108540732
24720,0.073470804
24721,0.240841336
24722,0.076272257
24723,0.0833762
24724,0.061423828
24725,0.008453015
24726,0.008124188
24727,0.020622725
24728,0.29085562
24729,0.077392632
24730,0.081458412
24731,0.058709702
24732,0.076136929
24733,0.020990351
24734,0.029757011
24735,0.029279509
24736,0.050107355
24737,0.310462222
24738,0.062633144
24739,0.038802082
24740,0.102269722
24741,0.604562408
24742,0.076444731
24743,0.014822919
24744,0.467769455
24745,0.065908361
24746,0.26081855
24747,0.297419786
24748,0.064728152
24749,0.050979162
24750,0.059057569
24751,0.094490985
24752,0.163048311
24753,0.045249457
24754,0.149780952
24755,0.07138043
24756,0.005600572
24757,0.067161755
24758,0.024070735
24759,0.037361848
24760,0.076550441
24761,0.016487426
24762,0.102354884
24763,0.116402217
24764,0.238021651
24765,0.088077185
24766,0.032860578
24767,0.103010137
24768,0.155956691
24769,0.40454275
24770,0.066595024
24771,0.008745089
24772,0.054620763
24773,0.022954257
24774,0.007002305
24775,0.069295771
24776,0.547321203
24777,0.048005978
24778,0.101333714
24779,0.445146687
24780,0.136034015
24781,0.020787536
24782,0.011857287
24783,0.051309389
24784,0.056793676
24785,0.263162788
24786,0.481737255
24787,0.009268173
24788,0.237091376
24789,0.085561945
24790,0.242208984
24791,0.234874329
24792,0.122521747
24793,0.16594614
24794,0.402878658
24795,0.090289329
24796,0.05899394
24797,0.087026124
24798,0.039488368
24799,0.276351258
24800,0.947279884
24801,0.008008729
24802,0.065470403
24803,0.432736791
24804,0.02172141
24805,0.053977481
24806,0.185257977
24807,0.008156769
24808,0.050667175
24809,0.065942771
24810,0.016326747
24811,0.053619947
24812,0.005515849
24813,0.447528636
24814,0.471439103
24815,0.089013323
24816,0.255651901
24817,0.118387246
24818,0.258198897
24819,0.398017716
24820,0.278429412
24821,0.028822356
24822,0.25115173
24823,0.247013199
24824,0.125847211
24825,0.919956541
24826,0.278308663
24827,0.281512659
24828,0.009165274
24829,0.023028445
24830,0.238404564
24831,0.083144176
24832,0.026882966
24833,0.025640383
24834,0.010880973
24835,0.053562959
24836,0.007281043
24837,0.008885869
24838,0.023870975
24839,0.248145159
24840,0.084414245
24841,0.08673246
24842,0.092828719
24843,0.07793876
24844,0.471446992
24845,0.254122781
24846,0.030490382
24847,0.11115141
24848,0.266723179
24849,0.020830612
24850,0.062241036
24851,0.985093626
24852,0.96375401
24853,0.54391062
24854,0.029021523
24855,0.017638029
24856,0.095898437
24857,0.401593605
24858,0.086012532
24859,0.072463058
24860,0.054363631
24861,0.06126294
24862,0.049218635
24863,0.015630299
24864,0.44459082
24865,0.015803214
24866,0.047092572
24867,0.094751778
24868,0.091707158
24869,0.050344535
24870,0.052238802
24871,0.463189008
24872,0.475399071
24873,0.028731979
24874,0.115499584
24875,0.111894552
24876,0.09235846
24877,0.982065665
24878,0.801319795
24879,0.539953046
24880,0.240938867
24881,0.023962226
24882,0.007644531
24883,0.381373657
24884,0.0605929
24885,0.262078431
24886,0.041631167
24887,0.097137549
24888,0.016461013
24889,0.11586097
24890,0.10632889
24891,0.133803909
24892,0.151080629
24893,0.541845553
24894,0.439038035
24895,0.473135466
24896,0.124588979
24897,0.09924131
24898,0.056920975
24899,0.103243566
24900,0.057152089
24901,0.03234475
24902,0.018644234
24903,0.130784452
24904,0.139144315
24905,0.067030174
24906,0.109660561
24907,0.027159528
24908,0.957704536
24909,0.981013168
24910,0.979495427
24911,0.131390254
24912,0.051302487
24913,0.237316147
24914,0.399063314
24915,0.028466754
24916,0.007469432
24917,0.017749407
24918,0.018980093
24919,0.059311881
24920,0.073686465
24921,0.049005925
24922,0.392419257
24923,0.996634202
24924,0.069450315
24925,0.090858372
24926,0.072989755
24927,0.152012511
24928,0.062848884
24929,0.472948523
24930,0.121590603
24931,0.027482619
24932,0.087112436
24933,0.085440233
24934,0.095406601
24935,0.050585499
24936,0.023025386
24937,0.246025159
24938,0.282188326
24939,0.159933999
24940,0.072196664
24941,0.0223472
24942,0.083734047
24943,0.082058647
24944,0.277181885
24945,0.039128405
24946,0.048669967
24947,0.043806346
24948,0.022482596
24949,0.060112779
24950,0.053892834
24951,0.48264882
24952,0.772333375
24953,0.403103069
24954,0.168104047
24955,0.108676801
24956,0.153001144
24957,0.125075878
24958,0.545619143
24959,0.077218394
24960,0.036742384
24961,0.028648821
24962,0.232293524
24963,0.177997746
24964,0.495240155
24965,0.449242834
24966,0.392882119
24967,0.238341356
24968,0.942531418
24969,0.106933927
24970,0.021186594
24971,0.236922843
24972,0.242336505
24973,0.02996752
24974,0.051470125
24975,0.274210647
24976,0.072703195
24977,0.037231294
24978,0.042312132
24979,0.055544909
24980,0.121060633
24981,0.399525882
24982,0.276960606
24983,0.432166169
24984,0.309485728
24985,0.132769079
24986,0.13088329
24987,0.39920479
24988,0.022850839
24989,0.167867733
24990,0.077982895
24991,0.055266518
24992,0.445105624
24993,0.280305214
24994,0.047939888
24995,0.528947392
24996,0.285706695
24997,0.005090035
24998,0.076038046
24999,0.114508683
25000,0.075748445
25001,0.010670557
25002,0.009422654
25003,0.008813627
25004,0.024724587
25005,0.047419553
25006,0.070385197
25007,0.077370022
25008,0.124232579
25009,0.395673245
25010,0.69178252
25011,0.410316625
25012,0.418273162
25013,0.569456531
25014,0.079413777
25015,0.060626519
25016,0.062641874
25017,0.13412997
25018,0.19153999
25019,0.071267533
25020,0.029399702
25021,0.004959128
25022,0.07433944
25023,0.117272338
25024,0.022570187
25025,0.051594631
25026,0.115200429
25027,0.016591843
25028,0.047507577
25029,0.018126979
25030,0.026875482
25031,0.009078668
25032,0.034358884
25033,0.084066055
25034,0.050042231
25035,0.077220226
25036,0.453348355
25037,0.263462074
25038,0.478252747
25039,0.811639746
25040,0.621702657
25041,0.409338682
25042,0.270337604
25043,0.051394086
25044,0.024420352
25045,0.050114876
25046,0.098838196
25047,0.01499837
25048,0.035198825
25049,0.991054543
25050,0.051246178
25051,0.021167144
25052,0.080253724
25053,0.054142853
25054,0.103691539
25055,0.050171953
25056,0.047275651
25057,0.019251954
25058,0.0447093
25059,0.013127437
25060,0.016275713
25061,0.032376909
25062,0.074234505
25063,0.097116003
25064,0.561917088
25065,0.395038487
25066,0.235552285
25067,0.954733865
25068,0.446866309
25069,0.49820267
25070,0.232054865
25071,0.049665778
25072,0.027550306
25073,0.052866117
25074,0.053600506
25075,0.035224374
25076,0.062456346
25077,0.42616625
25078,0.236656218
25079,0.412131721
25080,0.042503493
25081,0.094203325
25082,0.11456355
25083,0.127634744
25084,0.243294854
25085,0.243853498
25086,0.025473877
25087,0.051230577
25088,0.120575505
25089,0.98207734
25090,0.463976872
25091,0.58999753
25092,0.468212756
25093,0.286763446
25094,0.161280344
25095,0.235424778
25096,0.048068913
25097,0.023073933
25098,0.009387125
25099,0.013403226
25100,0.05144854
25101,0.032884597
25102,0.120694992
25103,0.11138689
25104,0.08109787
25105,0.279998478
25106,0.028813747
25107,0.073200421
25108,0.010590951
25109,0.404620322
25110,0.064249792
25111,0.009784612
25112,0.111475366
25113,0.232011586
25114,0.045432416
25115,0.002931387
25116,0.234041237
25117,0.153684595
25118,0.08679198
25119,0.096408818
25120,0.030311454
25121,0.083903724
25122,0.076985599
25123,0.060785404
25124,0.113480183
25125,0.095148575
25126,0.038751612
25127,0.034797601
25128,0.007163044
25129,0.234059126
25130,0.009253067
25131,0.090941744
25132,0.056512122
25133,0.029277065
25134,0.119518864
25135,0.042456476
25136,0.059949985
25137,0.010115112
25138,0.06048834
25139,0.165535339
25140,0.442017042
25141,0.549582018
25142,0.098367382
25143,0.011721961
25144,0.01869656
25145,0.021666776
25146,0.032538242
25147,0.051582942
25148,0.019126845
25149,0.069075501
25150,0.233477057
25151,0.013061054
25152,0.027051971
25153,0.015756298
25154,0.020809049
25155,0.014460076
25156,0.035897053
25157,0.061816601
25158,0.074424234
25159,0.394703505
25160,0.011353535
25161,0.013510708
25162,0.048707443
25163,0.063763543
25164,0.101138914
25165,0.393218939
25166,0.117701698
25167,0.010315699
25168,0.231696901
25169,0.011241648
25170,0.023325001
25171,0.064141845
25172,0.131062382
25173,0.045692176
25174,0.009946795
25175,0.019706182
25176,0.010666727
25177,0.287485172
25178,0.026179321
25179,0.011788042
25180,0.034319116
25181,0.133296344
25182,0.08544003
25183,0.045863682
25184,0.01434011
25185,0.029154547
25186,0.076599893
25187,0.404107013
25188,0.029121424
25189,0.02138911
25190,0.024752032
25191,0.059023724
25192,0.061116484
25193,0.253467795
25194,0.072600568
25195,0.261113402
25196,0.086620428
25197,0.030247851
25198,0.058119471
25199,0.057027822
25200,0.030470904
25201,0.28011059
25202,0.020002572
25203,0.1615874
25204,0.02014943
25205,0.078787237
25206,0.059356569
25207,0.011069419
25208,0.434342124
25209,0.55632664
25210,0.08466574
25211,0.070928084
25212,0.099036988
25213,0.046563024
25214,0.051253843
25215,0.23744338
25216,0.090680767
25217,0.085745124
25218,0.940282608
25219,0.021511564
25220,0.080684011
25221,0.013633591
25222,0.072748323
25223,0.081213352
25224,0.018374788
25225,0.040120258
25226,0.134965743
25227,0.52771115
25228,0.07570279
25229,0.231980668
25230,0.023950086
25231,0.063058685
25232,0.020992678
25233,0.07551165
25234,0.028329272
25235,0.021544857
25236,0.047201855
25237,0.054341707
25238,0.030511962
25239,0.020646792
25240,0.061421947
25241,0.019075564
25242,0.138894893
25243,0.021134037
25244,0.044306094
25245,0.016701391
25246,0.028613368
25247,0.055095402
25248,0.092949236
25249,0.02880627
25250,0.041431096
25251,0.995330591
25252,0.054400342
25253,0.117066709
25254,0.058607854
25255,0.035213835
25256,0.045325612
25257,0.054649669
25258,0.014540559
25259,0.014365791
25260,0.266903036
25261,0.033278742
25262,0.004750876
25263,0.056001955
25264,0.125608798
25265,0.020455887
25266,0.010390519
25267,0.114509949
25268,0.055586985
25269,0.032792684
25270,0.049358102
25271,0.393512268
25272,0.030246538
25273,0.016887555
25274,0.006502757
25275,0.007293091
25276,0.012252186
25277,0.049804263
25278,0.007986913
25279,0.032225034
25280,0.240078538
25281,0.072748954
25282,0.012910695
25283,0.020990491
25284,0.073185466
25285,0.141060375
25286,0.090880298
25287,0.071723164
25288,0.075138363
25289,0.026832335
25290,0.045106056
25291,0.017623
25292,0.06619455
25293,0.254090855
25294,0.235805608
25295,0.008052801
25296,0.029785599
25297,0.013436149
25298,0.011506599
25299,0.015528119
25300,0.009638531
25301,0.020523601
25302,0.008249533
25303,0.016571161
25304,0.009099016
25305,0.014252732
25306,0.017189646
25307,0.01154064
25308,0.024762659
25309,0.052897953
25310,0.054635839
25311,0.10333967
25312,0.003793002
25313,0.007272794
25314,0.124464237
25315,0.418671963
25316,0.021896046
25317,0.009754165
25318,0.010294787
25319,0.022821811
25320,0.007394364
25321,0.02640798
25322,0.009338375
25323,0.012312572
25324,0.009362622
25325,0.088529336
25326,0.02911212
25327,0.049676743
25328,0.012800026
25329,0.049798347
25330,0.011110224
25331,0.009293692
25332,0.014758844
25333,0.010182556
25334,0.13482897
25335,0.03453519
25336,0.054884865
25337,0.008008319
25338,0.010069686
25339,0.031296489
25340,0.006996851
25341,0.013185842
25342,0.080186943
25343,0.012860084
25344,0.411669701
25345,0.069960961
25346,0.072066573
25347,0.065451006
25348,0.078112951
25349,0.026801017
25350,0.008660283
25351,0.004335865
25352,0.087766684
25353,0.012802026
25354,0.096989525
25355,0.168334061
25356,0.017087318
25357,0.037102506
25358,0.030769561
25359,0.028197944
25360,0.026200495
25361,0.009480267
25362,0.030582919
25363,0.010259876
25364,0.008747245
25365,0.006459749
25366,0.076240494
25367,0.064027191
25368,0.028168364
25369,0.171816058
25370,0.020886623
25371,0.022280668
25372,0.004521871
25373,0.008546674
25374,0.015188262
25375,0.053139074
25376,0.020520454
25377,0.013851361
25378,0.02762106
25379,0.024745021
25380,0.009538962
25381,0.012917221
25382,0.035376936
25383,0.263380298
25384,0.231220568
25385,0.016380832
25386,0.237707014
25387,0.026995303
25388,0.080472913
25389,0.058564541
25390,0.056672616
25391,0.018173648
25392,0.047324372
25393,0.070633328
25394,0.058533602
25395,0.110205141
25396,0.036423038
25397,0.054485015
25398,0.031002913
25399,0.165205375
25400,0.054517729
25401,0.082627393
25402,0.049255776
25403,0.163820676
25404,0.243179203
25405,0.129707834
25406,0.03348718
25407,0.256076781
25408,0.071440419
25409,0.389953895
25410,0.091707315
25411,0.244927239
25412,0.066039206
25413,0.035317514
25414,0.018860685
25415,0.126331556
25416,0.009428268
25417,0.272820835
25418,0.586935201
25419,0.151908041
25420,0.055792125
25421,0.140086707
25422,0.050893709
25423,0.027487419
25424,0.048267642
25425,0.040012357
25426,0.016032519
25427,0.049296565
25428,0.242926529
25429,0.426253969
25430,0.527101753
25431,0.523803574
25432,0.050288589
25433,0.066307562
25434,0.152308414
25435,0.158780179
25436,0.010185307
25437,0.077367356
25438,0.058433344
25439,0.063031569
25440,0.088046546
25441,0.034907323
25442,0.423148365
25443,0.143167746
25444,0.266295452
25445,0.521784363
25446,0.127594385
25447,0.025498986
25448,0.509614974
25449,0.063076819
25450,0.291866281
25451,0.06419826
25452,0.049156108
25453,0.035795325
25454,0.087974709
25455,0.078150261
25456,0.093855788
25457,0.032305395
25458,0.044697808
25459,0.07489332
25460,0.286113531
25461,0.043962915
25462,0.033373278
25463,0.074853752
25464,0.082455353
25465,0.079466842
25466,0.044561703
25467,0.053979716
25468,0.022232505
25469,0.06171903
25470,0.162730218
25471,0.18818285
25472,0.052346909
25473,0.013473883
25474,0.016127352
25475,0.47662299
25476,0.119529795
25477,0.073778213
25478,0.286821663
25479,0.291466361
25480,0.104370149
25481,0.062417177
25482,0.018294537
25483,0.024542513
25484,0.042897357
25485,0.074954048
25486,0.089436145
25487,0.269314502
25488,0.441873196
25489,0.015516646
25490,0.414822226
25491,0.064806313
25492,0.032438594
25493,0.022806153
25494,0.041025926
25495,0.269997214
25496,0.022379812
25497,0.065780859
25498,0.010261677
25499,0.059146346
25500,0.062389795
25501,0.030062747
25502,0.157465838
25503,0.31362771
25504,0.093929449
25505,0.105084028
25506,0.020497996
25507,0.031901125
25508,0.054301033
25509,0.073233255
25510,0.021714401
25511,0.13171746
25512,0.151112694
25513,0.086760556
25514,0.265351166
25515,0.064048507
25516,0.036161423
25517,0.031042478
25518,0.029309688
25519,0.032326432
25520,0.004677854
25521,0.109378736
25522,0.06299978
25523,0.443127078
25524,0.022228424
25525,0.059296323
25526,0.040326693
25527,0.020152495
25528,0.016241331
25529,0.021566996
25530,0.05103854
25531,0.023985823
25532,0.073506708
25533,0.27855771
25534,0.394251184
25535,0.051390584
25536,0.058881057
25537,0.105493517
25538,0.064969098
25539,0.016213297
25540,0.071670559
25541,0.016610706
25542,0.033358096
25543,0.250036456
25544,0.028885077
25545,0.019374204
25546,0.031759833
25547,0.005359983
25548,0.245625247
25549,0.066033018
25550,0.434595056
25551,0.440751442
25552,0.423730723
25553,0.071568384
25554,0.055916293
25555,0.016846093
25556,0.055921165
25557,0.052964406
25558,0.143031954
25559,0.05865124
25560,0.535732214
25561,0.099464249
25562,0.126004682
25563,0.059763244
25564,0.041553515
25565,0.020213058
25566,0.063296393
25567,0.019781323
25568,0.02451198
25569,0.086973768
25570,0.063543658
25571,0.084584256
25572,0.069416988
25573,0.110386645
25574,0.417016227
25575,0.407744761
25576,0.079665531
25577,0.027277253
25578,0.076596375
25579,0.017245286
25580,0.045865981
25581,0.072519454
25582,0.06705899
25583,0.130425777
25584,0.051586473
25585,0.122105542
25586,0.048479223
25587,0.057829644
25588,0.039971064
25589,0.23658306
25590,0.008743605
25591,0.026173704
25592,0.061233582
25593,0.029201307
25594,0.008575374
25595,0.018787201
25596,0.045902802
25597,0.062588849
25598,0.072953968
25599,0.110702661
25600,0.085047127
25601,0.44301492
25602,0.239576301
25603,0.240801166
25604,0.011903729
25605,0.093019762
25606,0.048684237
25607,0.050666868
25608,0.079607656
25609,0.043710625
25610,0.045452891
25611,0.054245669
25612,0.073749929
25613,0.041264904
25614,0.064362373
25615,0.029911997
25616,0.069953151
25617,0.016263557
25618,0.046783658
25619,0.132787628
25620,0.070247185
25621,0.236909905
25622,0.496765054
25623,0.110249427
25624,0.24384602
25625,0.070218903
25626,0.071019001
25627,0.076212942
25628,0.0770139
25629,0.059083297
25630,0.022039626
25631,0.190866537
25632,0.0781791
25633,0.07739604
25634,0.060938835
25635,0.078781966
25636,0.027071198
25637,0.020986372
25638,0.060089098
25639,0.298531126
25640,0.070240565
25641,0.054274406
25642,0.095020397
25643,0.628541775
25644,0.079246464
25645,0.019685265
25646,0.439068761
25647,0.060881729
25648,0.261282439
25649,0.291587729
25650,0.069958967
25651,0.025087195
25652,0.046608878
25653,0.095029973
25654,0.164353009
25655,0.048667839
25656,0.27175734
25657,0.069517989
25658,0.064416468
25659,0.016934692
25660,0.017777407
25661,0.038704348
25662,0.071900405
25663,0.019388993
25664,0.102810313
25665,0.130148553
25666,0.236007241
25667,0.085523549
25668,0.034992954
25669,0.110729424
25670,0.148327595
25671,0.425497399
25672,0.061225577
25673,0.046012295
25674,0.023610858
25675,0.246314733
25676,0.561069641
25677,0.040472162
25678,0.119782733
25679,0.401741018
25680,0.15002088
25681,0.018764048
25682,0.012376594
25683,0.052739624
25684,0.056607024
25685,0.4429481
25686,0.433633724
25687,0.009462155
25688,0.266414387
25689,0.08761434
25690,0.243415773
25691,0.12251494
25692,0.132523205
25693,0.179400578
25694,0.397902606
25695,0.085208669
25696,0.058719094
25697,0.087602278
25698,0.057218829
25699,0.27266901
25700,0.969239453
25701,0.0687816
25702,0.416326936
25703,0.055561314
25704,0.267249393
25705,0.052436285
25706,0.067150671
25707,0.020640988
25708,0.055789398
25709,0.005825175
25710,0.409474293
25711,0.269691677
25712,0.094222823
25713,0.258644931
25714,0.121588204
25715,0.272162983
25716,0.410312317
25717,0.396358384
25718,0.03435811
25719,0.245886498
25720,0.249702574
25721,0.113890345
25722,0.964620297
25723,0.421438629
25724,0.406579775
25725,0.007561165
25726,0.020650185
25727,0.135084872
25728,0.095021863
25729,0.040772678
25730,0.024222867
25731,0.011944632
25732,0.00867526
25733,0.048117363
25734,0.005356271
25735,0.007656973
25736,0.009244868
25737,0.031946044
25738,0.250858601
25739,0.089028433
25740,0.085202072
25741,0.108147028
25742,0.243162007
25743,0.432618825
25744,0.248409665
25745,0.028060312
25746,0.107582506
25747,0.275937808
25748,0.019743315
25749,0.067084892
25750,0.997454774
25751,0.983156623
25752,0.570097453
25753,0.02867229
25754,0.014687389
25755,0.0922195
25756,0.417882862
25757,0.080413253
25758,0.015052437
25759,0.059513669
25760,0.030280906
25761,0.00785381
25762,0.008099053
25763,0.055182477
25764,0.069001707
25765,0.045349238
25766,0.014081566
25767,0.391222418
25768,0.014881049
25769,0.048094224
25770,0.097929363
25771,0.103470702
25772,0.038143782
25773,0.049504667
25774,0.240710817
25775,0.432554479
25776,0.112995231
25777,0.106871644
25778,0.108921247
25779,0.99672148
25780,0.840958251
25781,0.592106529
25782,0.018480157
25783,0.094893834
25784,0.019801766
25785,0.008436381
25786,0.403211727
25787,0.073148786
25788,0.267032147
25789,0.045407477
25790,0.10510092
25791,0.122937029
25792,0.114379879
25793,0.129201939
25794,0.150347407
25795,0.525265614
25796,0.434088445
25797,0.245659174
25798,0.101867954
25799,0.089690496
25800,0.073295331
25801,0.097990943
25802,0.054630557
25803,0.03349129
25804,0.133555001
25805,0.136812856
25806,0.062589409
25807,0.108307946
25808,0.022331564
25809,0.96244476
25810,0.993921218
25811,0.996952582
25812,0.133893398
25813,0.04143298
25814,0.434113187
25815,0.012597184
25816,0.392466292
25817,0.010021073
25818,0.015711618
25819,0.016983341
25820,0.064488716
25821,0.080562517
25822,0.045951469
25823,0.398076045
25824,0.999537892
25825,0.071267898
25826,0.090863189
25827,0.082482959
25828,0.159600175
25829,0.06035043
25830,0.461651626
25831,0.244732594
25832,0.030353488
25833,0.079898199
25834,0.089687415
25835,0.099138341
25836,0.050580472
25837,0.02358387
25838,0.250813601
25839,0.274570403
25840,0.158192286
25841,0.073077507
25842,0.0295348
25843,0.09850545
25844,0.076918424
25845,0.28438451
25846,0.031199725
25847,0.049496727
25848,0.047157006
25849,0.020831016
25850,0.064265969
25851,0.052191308
25852,0.418399812
25853,0.763711781
25854,0.27756604
25855,0.171300421
25856,0.116154539
25857,0.143355227
25858,0.129098584
25859,0.536466617
25860,0.246961827
25861,0.049500183
25862,0.033749739
25863,0.131027808
25864,0.163348233
25865,0.243379062
25866,0.458870874
25867,0.280491829
25868,0.234822028
25869,0.993313952
25870,0.119336828
25871,0.016452146
25872,0.240713334
25873,0.241955712
25874,0.026131934
25875,0.062871885
25876,0.269759687
25877,0.004374175
25878,0.084660091
25879,0.038035301
25880,0.042159094
25881,0.060314772
25882,0.111031975
25883,0.427462518
25884,0.258332607
25885,0.455354122
25886,0.292524191
25887,0.135586412
25888,0.139907397
25889,0.406975372
25890,0.014731372
25891,0.029931902
25892,0.159625648
25893,0.073169707
25894,0.048268533
25895,0.416216707
25896,0.285650664
25897,0.062427637
25898,0.51899916
25899,0.280306772
25900,0.00458419
25901,0.076277888
25902,0.135159614
25903,0.076998756
25904,0.007980038
25905,0.009422406
25906,0.031814694
25907,0.053470603
25908,0.083670105
25909,0.079636479
25910,0.118337853
25911,0.417736893
25912,0.681664851
25913,0.408122578
25914,0.397489763
25915,0.577367338
25916,0.08256585
25917,0.01902518
25918,0.060091227
25919,0.067398191
25920,0.140609539
25921,0.256000436
25922,0.069574
25923,0.028528746
25924,0.070786314
25925,0.111082244
25926,0.017568331
25927,0.002325207
25928,0.05633167
25929,0.10540593
25930,0.028229967
25931,0.053029137
25932,0.019327722
25933,0.021181961
25934,0.007363529
25935,0.033927713
25936,0.086013047
25937,0.04992763
25938,0.083046941
25939,0.260264064
25940,0.146108537
25941,0.418078178
25942,0.770778533
25943,0.631340399
25944,0.287793041
25945,0.272441824
25946,0.060899414
25947,0.022725832
25948,0.047877887
25949,0.123312248
25950,0.016360435
25951,0.031903883
25952,0.999554849
25953,0.048813359
25954,0.022938872
25955,0.251830185
25956,0.05946272
25957,0.274829197
25958,0.055636288
25959,0.055131818
25960,0.018976461
25961,0.021527625
25962,0.076188483
25963,0.099055919
25964,0.547620146
25965,0.419082781
25966,0.235929016
25967,0.988487233
25968,0.414658679
25969,0.471399725
25970,0.150950658
25971,0.052016198
25972,0.033881085
25973,0.051274179
25974,0.058643247
25975,0.053818498
25976,0.04306252
25977,0.067113677
25978,0.439247103
25979,0.251237658
25980,0.392651433
25981,0.040778799
25982,0.095999357
25983,0.112331701
25984,0.113666177
25985,0.175959991
25986,0.053707313
25987,0.043757724
25988,0.00721729
25989,0.043982228
25990,0.125803247
25991,0.999058343
25992,0.433894612
25993,0.594523139
25994,0.430897458
25995,0.258295398
25996,0.159440928
25997,0.26452814
25998,0.023470562
25999,0.055619792
26000,0.035949057
26001,0.131668098
26002,0.123088104
26003,0.081333351
26004,0.281063324
26005,0.023917935
26006,0.064010454
26007,0.010878936
26008,0.392343691
26009,0.060790723
26010,0.11695458
26011,0.237000656
26012,0.046982866
26013,0.002833845
26014,0.238527585
26015,0.159977421
26016,0.073235153
26017,0.109074979
26018,0.08819293
26019,0.082703525
26020,0.056519451
26021,0.114219391
26022,0.113484878
26023,0.027004038
26024,0.007884384
26025,0.246221245
26026,0.009742428
26027,0.016149933
26028,0.105946083
26029,0.007513882
26030,0.031491707
26031,0.124314584
26032,0.044803982
26033,0.063548907
26034,0.008401784
26035,0.061884157
26036,0.164538548
26037,0.417425065
26038,0.546076183
26039,0.121363277
26040,0.017798543
26041,0.019649117
26042,0.029618665
26043,0.049466419
26044,0.018969231
26045,0.064987954
26046,0.237355708
26047,0.012117743
26048,0.035161136
26049,0.014529084
26050,0.029768176
26051,0.01037669
26052,0.02936985
26053,0.065683353
26054,0.078516825
26055,0.388874211
26056,0.012266796
26057,0.016373876
26058,0.054489137
26059,0.064532988
26060,0.094824768
26061,0.408675655
26062,0.123338684
26063,0.011349976
26064,0.009001719
26065,0.235941825
26066,0.013115645
26067,0.026622272
26068,0.05859857
26069,0.137005387
26070,0.046154022
26071,0.011177511
26072,0.018431661
26073,0.009727534
26074,0.193292813
26075,0.030889253
26076,0.008247801
26077,0.013794825
26078,0.027403211
26079,0.121634319
26080,0.088263519
26081,0.050313758
26082,0.016535571
26083,0.029510215
26084,0.069497278
26085,0.406742976
26086,0.037162155
26087,0.019269012
26088,0.025721153
26089,0.060878429
26090,0.177884822
26091,0.074496645
26092,0.272280486
26093,0.090432873
26094,0.029577358
26095,0.015445144
26096,0.059855096
26097,0.048076101
26098,0.033653356
26099,0.198451546
26100,0.018889209
26101,0.017666534
26102,0.268095638
26103,0.014775504
26104,0.075738365
26105,0.056516246
26106,0.010291602
26107,0.277787063
26108,0.540083401
26109,0.08941042
26110,0.084601
26111,0.014898963
26112,0.096710261
26113,0.044814889
26114,0.050455
26115,0.242008411
26116,0.111633284
26117,0.091784791
26118,0.985981273
26119,0.070808377
26120,0.016338663
26121,0.079450318
26122,0.0775494
26123,0.021342091
26124,0.047701502
26125,0.117404516
26126,0.314648264
26127,0.075141177
26128,0.240853277
26129,0.023158744
26130,0.018885349
26131,0.064458827
26132,0.021309152
26133,0.088302473
26134,0.023242334
26135,0.006418804
26136,0.024088769
26137,0.046190506
26138,0.055625758
26139,0.027552546
26140,0.066679302
26141,0.13962838
26142,0.023374271
26143,0.042443008
26144,0.014709314
26145,0.032814862
26146,0.078289086
26147,0.092533445
26148,0.025676773
26149,0.041778443
26150,0.994300151
26151,0.060512755
26152,0.129826521
26153,0.055144997
26154,0.040076817
26155,0.050251881
26156,0.036492203
26157,0.012403554
26158,0.013854322
26159,0.296508272
26160,0.028076463
26161,0.005854034
26162,0.009900744
26163,0.008215817
26164,0.015499334
26165,0.010385863
26166,0.04916154
26167,0.132314443
26168,0.022355186
26169,0.008325625
26170,0.092261561
26171,0.054040979
26172,0.027394933
26173,0.046711497
26174,0.422375491
26175,0.018552139
26176,0.009912418
26177,0.022779589
26178,0.057471233
26179,0.011173475
26180,0.033501406
26181,0.165587274
26182,0.082742645
26183,0.013231819
26184,0.016890295
26185,0.06394697
26186,0.160024005
26187,0.103360396
26188,0.079239397
26189,0.075180346
26190,0.026862017
26191,0.044746229
26192,0.013746111
26193,0.077899292
26194,0.161179961
26195,0.240183067
26196,0.008553742
26197,0.036359226
26198,0.0131721
26199,0.010604102
26200,0.017042732
26201,0.00943505
26202,0.018264234
26203,0.007593796
26204,0.007696784
26205,0.019098804
26206,0.008808297
26207,0.022424406
26208,0.054907413
26209,0.050712615
26210,0.114060484
26211,0.109649966
26212,0.008693801
26213,0.283819975
26214,0.017580593
26215,0.009789548
26216,0.025798779
26217,0.008856083
26218,0.010773298
26219,0.007413151
26220,0.015124841
26221,0.02845048
26222,0.012218674
26223,0.010165526
26224,0.018888208
26225,0.010516664
26226,0.005719369
26227,0.080013973
26228,0.026362071
26229,0.052373023
26230,0.009457146
26231,0.056416575
26232,0.017785297
26233,0.010634918
26234,0.011842835
26235,0.00789339
26236,0.128372007
26237,0.024072256
26238,0.061944573
26239,0.004136481
26240,0.009838177
26241,0.029768793
26242,0.008880032
26243,0.014361287
26244,0.075889609
26245,0.010399267
26246,0.009516791
26247,0.008884348
26248,0.279166739
26249,0.066248282
26250,0.070904121
26251,0.070909828
26252,0.003175951
26253,0.079086418
26254,0.027343132
26255,0.090594047
26256,0.014349997
26257,0.107816728
26258,0.151374678
26259,0.016063062
26260,0.011138634
26261,0.032668787
26262,0.029799782
26263,0.008150568
26264,0.013156574
26265,0.008069522
26266,0.009781794
26267,0.037448684
26268,0.009891101
26269,0.080261833
26270,0.064229222
26271,0.037689443
26272,0.157408533
26273,0.017030392
26274,0.024019326
26275,0.003623146
26276,0.009773615
26277,0.01640703
26278,0.048324298
26279,0.019389525
26280,0.02054975
26281,0.027944148
26282,0.00976186
26283,0.01093098
26284,0.017949959
26285,0.032631787
26286,0.274167251
26287,0.17292605
26288,0.009686482
26289,0.090648636
26290,0.011788105
26291,0.024725484
26292,0.068489498
26293,0.023378796
26294,0.035951373
26295,0.036929867
26296,0.045721294
26297,0.056096657
26298,0.105488287
26299,0.007390572
26300,0.043610733
26301,0.029469215
26302,0.147193223
26303,0.055566205
26304,0.075013792
26305,0.139263828
26306,0.426197163
26307,0.027970145
26308,0.04787667
26309,0.040965991
26310,0.27719548
26311,0.064142084
26312,0.199704262
26313,0.090599563
26314,0.162510736
26315,0.05577144
26316,0.032193733
26317,0.070481486
26318,0.00689134
26319,0.034214005
26320,0.014854061
26321,0.130362559
26322,0.033113041
26323,0.67553266
26324,0.127776877
26325,0.047926435
26326,0.046469687
26327,0.133663541
26328,0.072624083
26329,0.01353004
26330,0.025683342
26331,0.051053587
26332,0.019159168
26333,0.098429305
26334,0.262367988
26335,0.500723697
26336,0.499986673
26337,0.071997787
26338,0.122166286
26339,0.158995073
26340,0.080622187
26341,0.061510527
26342,0.071888165
26343,0.087344127
26344,0.453581419
26345,0.145524882
26346,0.155709425
26347,0.529041947
26348,0.131308054
26349,0.027337449
26350,0.520700042
26351,0.019989553
26352,0.071972146
26353,0.275518229
26354,0.06525061
26355,0.049395263
26356,0.038579894
26357,0.074824209
26358,0.093664425
26359,0.101542124
26360,0.0970313
26361,0.028828353
26362,0.055546139
26363,0.070918379
26364,0.262252
26365,0.047231334
26366,0.033677822
26367,0.086748913
26368,0.075422084
26369,0.084789146
26370,0.057398479
26371,0.025011153
26372,0.061609119
26373,0.166487343
26374,0.168672976
26375,0.072540991
26376,0.042194369
26377,0.022807469
26378,0.020237721
26379,0.00247115
26380,0.015882468
26381,0.483883348
26382,0.098576746
26383,0.073340034
26384,0.18129935
26385,0.291697723
26386,0.102202428
26387,0.055648531
26388,0.019732861
26389,0.031206516
26390,0.018590807
26391,0.044798343
26392,0.062462355
26393,0.068994145
26394,0.080211288
26395,0.273102086
26396,0.411665515
26397,0.018060982
26398,0.258747074
26399,0.062073301
26400,0.007626594
26401,0.029440274
26402,0.039180341
26403,0.269938791
26404,0.025085191
26405,0.049520911
26406,0.061389173
26407,0.047334557
26408,0.03169038
26409,0.116268302
26410,0.515085666
26411,0.072368495
26412,0.090496789
26413,0.028070243
26414,0.06263522
26415,0.076046792
26416,0.025190988
26417,0.01243266
26418,0.123920287
26419,0.149103189
26420,0.084130926
26421,0.085804463
26422,0.072821435
26423,0.011546565
26424,0.03649643
26425,0.032538003
26426,0.032226252
26427,0.032562011
26428,0.099819892
26429,0.057431873
26430,0.424746492
26431,0.023584848
26432,0.035925678
26433,0.025303051
26434,0.023982934
26435,0.013480678
26436,0.021125082
26437,0.048154836
26438,0.008043564
26439,0.024703128
26440,0.075225569
26441,0.193440165
26442,0.396373246
26443,0.058017295
26444,0.053615741
26445,0.041425748
26446,0.103229241
26447,0.063080109
26448,0.016556804
26449,0.0691791
26450,0.014558543
26451,0.024063859
26452,0.25270935
26453,0.025220592
26454,0.023911115
26455,0.005617871
26456,0.247199449
26457,0.069980978
26458,0.417533736
26459,0.411333282
26460,0.408094891
26461,0.090601398
26462,0.066644105
26463,0.023239742
26464,0.051635775
26465,0.057869933
26466,0.010398825
26467,0.144071655
26468,0.041940549
26469,0.586058133
26470,0.108276654
26471,0.024081455
26472,0.120326425
26473,0.055950261
26474,0.054429897
26475,0.019354348
26476,0.010532067
26477,0.009321734
26478,0.070709693
26479,0.023450791
26480,0.022485015
26481,0.023019285
26482,0.078212217
26483,0.056694531
26484,0.085908615
26485,0.067687095
26486,0.103752487
26487,0.415590136
26488,0.412065288
26489,0.081353495
26490,0.026763645
26491,0.076840949
26492,0.040031017
26493,0.070797481
26494,0.062181569
26495,0.122301349
26496,0.058645578
26497,0.099507263
26498,0.042693932
26499,0.062927069
26500,0.020842291
26501,0.019707762
26502,0.243713462
26503,0.009520463
26504,0.030664195
26505,0.061836507
26506,0.03195737
26507,0.00832161
26508,0.010330749
26509,0.019909528
26510,0.034216008
26511,0.060437512
26512,0.070994885
26513,0.101697654
26514,0.08794859
26515,0.43258329
26516,0.234243589
26517,0.236292956
26518,0.012908401
26519,0.093964192
26520,0.049068687
26521,0.052504469
26522,0.065627747
26523,0.024519781
26524,0.045298455
26525,0.013125123
26526,0.045095962
26527,0.064570868
26528,0.039089705
26529,0.059418324
26530,0.030433921
26531,0.072907444
26532,0.032346331
26533,0.123051932
26534,0.071907752
26535,0.234273212
26536,0.500010825
26537,0.106094903
26538,0.096342509
26539,0.077361318
26540,0.072585677
26541,0.081286508
26542,0.071663473
26543,0.053616565
26544,0.011412665
26545,0.028987851
26546,0.390496157
26547,0.085229616
26548,0.077348188
26549,0.058033083
26550,0.065532741
26551,0.024730151
26552,0.027996013
26553,0.022257698
26554,0.022989519
26555,0.045277108
26556,0.306062014
26557,0.068425366
26558,0.055720165
26559,0.098690645
26560,0.616389659
26561,0.072635613
26562,0.019762053
26563,0.429639092
26564,0.071303969
26565,0.268166027
26566,0.281138262
26567,0.067808367
26568,0.023416722
26569,0.046715485
26570,0.05063481
26571,0.096623726
26572,0.173435781
26573,0.04622231
26574,0.150203348
26575,0.0857581
26576,0.070978952
26577,0.01081776
26578,0.014050961
26579,0.05236707
26580,0.074214876
26581,0.018922238
26582,0.118094976
26583,0.125461469
26584,0.235245653
26585,0.081662295
26586,0.031879181
26587,0.115550268
26588,0.15578243
26589,0.388028866
26590,0.052584463
26591,0.049783946
26592,0.02247235
26593,0.069158698
26594,0.525929102
26595,0.098577187
26596,0.454796172
26597,0.148890522
26598,0.011102842
26599,0.021478651
26600,0.012864971
26601,0.048952312
26602,0.061337573
26603,0.417269366
26604,0.405772504
26605,0.010438111
26606,0.10665215
26607,0.096307303
26608,0.140543096
26609,0.235879083
26610,0.13340858
26611,0.181212689
26612,0.382804982
26613,0.082214492
26614,0.047037579
26615,0.085176055
26616,0.049790914
26617,0.180929045
26618,0.951590814
26619,0.066030696
26620,0.41913512
26621,0.050494883
26622,0.269465986
26623,0.045978398
26624,0.075852406
26625,0.019996399
26626,0.05313978
26627,0.005400167
26628,0.410844376
26629,0.256034105
26630,0.093313176
26631,0.2575473
26632,0.107023902
26633,0.18089378
26634,0.39036318
26635,0.397696471
26636,0.028433937
26637,0.1686092
26638,0.244856978
26639,0.114206343
26640,0.980416376
26641,0.408944812
26642,0.412585035
26643,0.023982792
26644,0.132766027
26645,0.070807595
26646,0.030746762
26647,0.009979192
26648,0.022457261
26649,0.009101914
26650,0.047319425
26651,0.006098275
26652,0.006378317
26653,0.013148194
26654,0.031490928
26655,0.063895726
26656,0.087449
26657,0.091023203
26658,0.099322562
26659,0.243139523
26660,0.234901859
26661,0.237977119
26662,0.029006895
26663,0.080280306
26664,0.268559213
26665,0.020058117
26666,0.071744011
26667,0.99805093
26668,0.97072499
26669,0.624259613
26670,0.005690529
26671,0.030921413
26672,0.019840502
26673,0.073654918
26674,0.431084871
26675,0.081029614
26676,0.07419395
26677,0.010956911
26678,0.055978402
26679,0.065786708
26680,0.045393365
26681,0.012880949
26682,0.38171054
26683,0.020257566
26684,0.046467336
26685,0.100198058
26686,0.097701367
26687,0.038759193
26688,0.043651894
26689,0.235937101
26690,0.429047863
26691,0.027827586
26692,0.234128299
26693,0.098848809
26694,0.106675821
26695,0.990915797
26696,0.810674926
26697,0.608017813
26698,0.242399765
26699,0.024695709
26700,0.385552231
26701,0.086530938
26702,0.17428492
26703,0.056541501
26704,0.086427291
26705,0.019039765
26706,0.125343074
26707,0.102513084
26708,0.134015177
26709,0.147304777
26710,0.514943522
26711,0.415268786
26712,0.234838664
26713,0.104741839
26714,0.094033022
26715,0.058184955
26716,0.089181944
26717,0.055223009
26718,0.034640567
26719,0.142164017
26720,0.128852178
26721,0.063372359
26722,0.108002823
26723,0.022327713
26724,0.968563202
26725,0.999207475
26726,0.996955002
26727,0.122588985
26728,0.048408952
26729,0.247910258
26730,0.010353146
26731,0.413045072
26732,0.020269052
26733,0.010075785
26734,0.016939379
26735,0.01711069
26736,0.070490942
26737,0.087630437
26738,0.045884123
26739,0.395247899
26740,0.999487767
26741,0.073327637
26742,0.100548887
26743,0.069680828
26744,0.167643108
26745,0.063648866
26746,0.432538253
26747,0.242799925
26748,0.029041773
26749,0.083554877
26750,0.088036756
26751,0.099416168
26752,0.05380011
26753,0.024022282
26754,0.441169498
26755,0.267679226
26756,0.242317134
26757,0.074468064
26758,0.02625433
26759,0.080398063
26760,0.010630639
26761,0.078678845
26762,0.293507088
26763,0.031975033
26764,0.051191315
26765,0.04756637
26766,0.01678565
26767,0.02082304
26768,0.064198764
26769,0.054553126
26770,0.415868562
26771,0.70188077
26772,0.274597307
26773,0.162789493
26774,0.103298694
26775,0.160959995
26776,0.136915628
26777,0.534845601
26778,0.081482803
26779,0.037534832
26780,0.024241997
26781,0.136093216
26782,0.188048754
26783,0.185730114
26784,0.442281271
26785,0.400384948
26786,0.145923884
26787,0.996441669
26788,0.112769115
26789,0.02004867
26790,0.236165382
26791,0.244358537
26792,0.026793927
26793,0.26704598
26794,0.085061948
26795,0.035387244
26796,0.040972659
26797,0.052859161
26798,0.10713627
26799,0.39953282
26800,0.263955982
26801,0.460716157
26802,0.306875645
26803,0.135655784
26804,0.146880441
26805,0.385143546
26806,0.012745226
26807,0.024937089
26808,0.162483964
26809,0.071782714
26810,0.050041539
26811,0.404681165
26812,0.179569567
26813,0.049332282
26814,0.540325747
26815,0.382399464
26816,0.075502268
26817,0.109506794
26818,0.076967801
26819,0.040159578
26820,0.011582811
26821,0.032994868
26822,0.040206542
26823,0.072868499
26824,0.072623724
26825,0.1067982
26826,0.394298694
26827,0.709920148
26828,0.391106103
26829,0.388009053
26830,0.566078515
26831,0.087705911
26832,0.059418093
26833,0.070637597
26834,0.139208748
26835,0.184604613
26836,0.067777748
26837,0.028837168
26838,0.068001289
26839,0.106242761
26840,0.022941044
26841,0.002185035
26842,0.052214233
26843,0.093206202
26844,0.024271251
26845,0.047906347
26846,0.019511646
26847,0.010532106
26848,0.03213559
26849,0.087556287
26850,0.055039586
26851,0.079179798
26852,0.42184455
26853,0.15495499
26854,0.410511787
26855,0.796959953
26856,0.631385847
26857,0.294470171
26858,0.254524441
26859,0.047020011
26860,0.108980766
26861,0.017911372
26862,0.999579049
26863,0.045206967
26864,0.020024866
26865,0.066885681
26866,0.049267036
26867,0.08435029
26868,0.042246225
26869,0.05456212
26870,0.049492184
26871,0.021422267
26872,0.039265445
26873,0.07838459
26874,0.095935472
26875,0.521061365
26876,0.390307159
26877,0.234565402
26878,0.99275333
26879,0.270932742
26880,0.471362631
26881,0.129491949
26882,0.039330922
26883,0.027676781
26884,0.060723844
26885,0.052196905
26886,0.01716986
26887,0.027731537
26888,0.064179457
26889,0.432390295
26890,0.079746617
26891,0.406540742
26892,0.036106833
26893,0.085079131
26894,0.112194497
26895,0.11719633
26896,0.241807617
26897,0.245743619
26898,0.003602839
26899,0.030910642
26900,0.125470735
26901,0.996721389
26902,0.404041663
26903,0.568252796
26904,0.410986416
26905,0.270007484
26906,0.146836824
26907,0.240755564
26908,0.051535732
26909,0.023176057
26910,0.015552202
26911,0.052615344
26912,0.037918644
26913,0.103265849
26914,0.125143467
26915,0.077539207
26916,0.169490098
26917,0.042813004
26918,0.061294214
26919,0.381857278
26920,0.061634856
26921,0.124395823
26922,0.105083619
26923,0.140305732
26924,0.048830205
26925,0.235045335
26926,0.17552043
26927,0.080597061
26928,0.10505091
26929,0.030461403
26930,0.090996664
26931,0.084441499
26932,0.053117385
26933,0.127442156
26934,0.10570529
26935,0.041755681
26936,0.036410664
26937,0.00929438
26938,0.237754126
26939,0.009474878
26940,0.013301253
26941,0.235159921
26942,0.053294407
26943,0.03401905
26944,0.123005827
26945,0.046439556
26946,0.063376273
26947,0.067169585
26948,0.182744125
26949,0.42398882
26950,0.544278366
26951,0.119883304
26952,0.011232025
26953,0.022421817
26954,0.020051233
26955,0.031172058
26956,0.057778311
26957,0.06328681
26958,0.120844031
26959,0.013306134
26960,0.030396781
26961,0.02275723
26962,0.030328724
26963,0.022867334
26964,0.010520995
26965,0.033623659
26966,0.076560288
26967,0.075525142
26968,0.403189946
26969,0.015766563
26970,0.0160929
26971,0.050584586
26972,0.078009769
26973,0.097984377
26974,0.421578474
26975,0.12204253
26976,0.015127341
26977,0.236473453
26978,0.031714586
26979,0.016105439
26980,0.076569717
26981,0.128311372
26982,0.050781248
26983,0.009950925
26984,0.019846488
26985,0.008122144
26986,0.185082771
26987,0.014193878
26988,0.027635865
26989,0.117210815
26990,0.069414877
26991,0.046285009
26992,0.017244505
26993,0.031347587
26994,0.078933764
26995,0.411620504
26996,0.035894466
26997,0.02059047
26998,0.021623764
26999,0.051288363
27000,0.068254323
27001,0.280634672
27002,0.074060744
27003,0.262790194
27004,0.074787989
27005,0.02823916
27006,0.020756726
27007,0.061720965
27008,0.063205735
27009,0.03152657
27010,0.395082527
27011,0.019019531
27012,0.018669563
27013,0.265264211
27014,0.019932613
27015,0.076760327
27016,0.058217701
27017,0.010900774
27018,0.278757586
27019,0.540829186
27020,0.102777204
27021,0.074698866
27022,0.00952668
27023,0.098449144
27024,0.054768881
27025,0.049948141
27026,0.08890051
27027,0.110836352
27028,0.083087129
27029,0.992420391
27030,0.071801867
27031,0.018399057
27032,0.080417212
27033,0.075579568
27034,0.019506127
27035,0.049233597
27036,0.117053766
27037,0.315732065
27038,0.067407105
27039,0.245341901
27040,0.028598588
27041,0.066986409
27042,0.019564431
27043,0.075372034
27044,0.024053302
27045,0.020988082
27046,0.057581734
27047,0.056176185
27048,0.029484214
27049,0.058464402
27050,0.149910027
27051,0.022565819
27052,0.046585798
27053,0.034237273
27054,0.073777543
27055,0.091397214
27056,0.024948405
27057,0.041864598
27058,0.997535144
27059,0.065924504
27060,0.132921718
27061,0.056337772
27062,0.045522475
27063,0.0532939
27064,0.049649847
27065,0.012417194
27066,0.016562518
27067,0.19162617
27068,0.03125123
27069,0.004150885
27070,0.0146756
27071,0.039802693
27072,0.123749022
27073,0.023869987
27074,0.113171111
27075,0.052683291
27076,0.027630268
27077,0.053162744
27078,0.388757517
27079,0.02679768
27080,0.019034402
27081,0.008641899
27082,0.009582311
27083,0.059204491
27084,0.037559436
27085,0.172544795
27086,0.085536749
27087,0.010940851
27088,0.016371551
27089,0.015280551
27090,0.066410525
27091,0.238084017
27092,0.097612247
27093,0.077233853
27094,0.078871554
27095,0.026379579
27096,0.059987704
27097,0.068966536
27098,0.262924106
27099,0.23565258
27100,0.026388758
27101,0.013434188
27102,0.010759181
27103,0.019668215
27104,0.011097742
27105,0.018101156
27106,0.010584479
27107,0.016906218
27108,0.008951369
27109,0.014764956
27110,0.015300541
27111,0.024082276
27112,0.04682643
27113,0.055835948
27114,0.108454
27115,0.011386021
27116,0.11612296
27117,0.011654592
27118,0.292127313
27119,0.010959872
27120,0.008013083
27121,0.025028834
27122,0.009709858
27123,0.010880265
27124,0.010786424
27125,0.027275
27126,0.009360737
27127,0.018654956
27128,0.007573973
27129,0.006943891
27130,0.080326645
27131,0.033156874
27132,0.045687555
27133,0.014337345
27134,0.058507755
27135,0.018026036
27136,0.016332418
27137,0.009105197
27138,0.132936196
27139,0.030492621
27140,0.053882544
27141,0.008163865
27142,0.005215854
27143,0.032339254
27144,0.011656012
27145,0.085141109
27146,0.009816777
27147,0.001847244
27148,0.008749484
27149,0.010877242
27150,0.292245273
27151,0.066374857
27152,0.069515121
27153,0.072431404
27154,0.018892065
27155,0.003322817
27156,0.010758707
27157,0.072095054
27158,0.02230913
27159,0.010134924
27160,0.099917743
27161,0.015177339
27162,0.100611343
27163,0.007866083
27164,0.165097826
27165,0.017468212
27166,0.024260877
27167,0.034702824
27168,0.031930916
27169,0.022038323
27170,0.007612629
27171,0.00954656
27172,0.009804984
27173,0.032657571
27174,0.010045829
27175,0.009012508
27176,0.083909877
27177,0.059100399
27178,0.179118869
27179,0.021590349
27180,0.018774429
27181,0.007109927
27182,0.004280183
27183,0.011080119
27184,0.018204763
27185,0.066952516
27186,0.022175516
27187,0.010367903
27188,0.008743427
27189,0.018106333
27190,0.031467824
27191,0.14829959
27192,0.233107167
27193,0.00994813
27194,0.097957617
27195,0.023176461
27196,0.044009484
27197,0.032607276
27198,0.061224671
27199,0.053443445
27200,0.065065594
27201,0.058957935
27202,0.05808036
27203,0.11129584
27204,0.045078371
27205,0.00920491
27206,0.025257112
27207,0.152926558
27208,0.058180787
27209,0.079980806
27210,0.044213231
27211,0.13853705
27212,0.46397692
27213,0.046538858
27214,0.390227071
27215,0.06335034
27216,0.193321724
27217,0.091572195
27218,0.158279194
27219,0.02448565
27220,0.091689796
27221,0.005572368
27222,0.019095672
27223,0.12761301
27224,0.03226805
27225,0.738424682
27226,0.136224678
27227,0.05060947
27228,0.134523965
27229,0.026947014
27230,0.049023578
27231,0.035478751
27232,0.01874397
27233,0.046543257
27234,0.1077275
27235,0.148028352
27236,0.524649137
27237,0.517325178
27238,0.067577691
27239,0.112683572
27240,0.152655478
27241,0.010286302
27242,0.07941586
27243,0.048221222
27244,0.069781958
27245,0.030924312
27246,0.404218445
27247,0.238522988
27248,0.15864318
27249,0.552217546
27250,0.111861317
27251,0.535653957
27252,0.070918657
27253,0.271661952
27254,0.058689145
27255,0.050052938
27256,0.036926845
27257,0.076593279
27258,0.082409814
27259,0.091532239
27260,0.091641904
27261,0.028921184
27262,0.074955944
27263,0.412924982
27264,0.045879686
27265,0.032699411
27266,0.076218591
27267,0.078656769
27268,0.087878915
27269,0.042991986
27270,0.05218821
27271,0.028553557
27272,0.06415507
27273,0.177842767
27274,0.063726911
27275,0.159944422
27276,0.069898196
27277,0.039013708
27278,0.023618748
27279,0.017575843
27280,0.013380782
27281,0.497494196
27282,0.096619262
27283,0.073585109
27284,0.179935114
27285,0.281532613
27286,0.003919984
27287,0.106647558
27288,0.05092367
27289,0.019785814
27290,0.029072987
27291,0.04416775
27292,0.069075394
27293,0.083861331
27294,0.097550838
27295,0.167295881
27296,0.451448233
27297,0.018054966
27298,0.435604855
27299,0.049380773
27300,0.009150519
27301,0.027352199
27302,0.030429037
27303,0.037223831
27304,0.40691238
27305,0.026494739
27306,0.053786481
27307,0.061201206
27308,0.051171319
27309,0.029087684
27310,0.112166491
27311,0.511408828
27312,0.06578672
27313,0.087742599
27314,0.022437739
27315,0.030604564
27316,0.049822327
27317,0.079525413
27318,0.009297455
27319,0.026014769
27320,0.118447019
27321,0.172163352
27322,0.109689719
27323,0.095908662
27324,0.076068422
27325,0.04075078
27326,0.031713731
27327,0.031943376
27328,0.030131695
27329,0.101465672
27330,0.049986963
27331,0.442918639
27332,0.025203952
27333,0.045458475
27334,0.030020847
27335,0.020499548
27336,0.015524021
27337,0.023565032
27338,0.050033851
27339,0.026831817
27340,0.071661521
27341,0.19163421
27342,0.280496251
27343,0.053486607
27344,0.047695437
27345,0.047396595
27346,0.116364877
27347,0.063704692
27348,0.017549475
27349,0.061808359
27350,0.017155408
27351,0.023573907
27352,0.144609057
27353,0.028804097
27354,0.021911507
27355,0.006113773
27356,0.245170205
27357,0.070438167
27358,0.449804588
27359,0.451260193
27360,0.235272945
27361,0.087919597
27362,0.050623538
27363,0.023601828
27364,0.053860347
27365,0.05193857
27366,0.009274826
27367,0.148119617
27368,0.048219355
27369,0.533877513
27370,0.104092744
27371,0.030952356
27372,0.010920617
27373,0.124128595
27374,0.054983464
27375,0.052789324
27376,0.025502621
27377,0.010042434
27378,0.076778822
27379,0.027925199
27380,0.022079944
27381,0.027752654
27382,0.080796964
27383,0.059222346
27384,0.087467057
27385,0.068241129
27386,0.106641678
27387,0.244771079
27388,0.399569413
27389,0.080086816
27390,0.023435783
27391,0.073236983
27392,0.013385034
27393,0.051573995
27394,0.010197582
27395,0.071586575
27396,0.063781872
27397,0.126121831
27398,0.058567908
27399,0.113632937
27400,0.053601177
27401,0.052134118
27402,0.044640231
27403,0.021744931
27404,0.023083007
27405,0.153346472
27406,0.009673546
27407,0.029774887
27408,0.062721043
27409,0.012102427
27410,0.010573102
27411,0.0256849
27412,0.035848981
27413,0.062166538
27414,0.06444444
27415,0.103638252
27416,0.091698928
27417,0.441060072
27418,0.237879188
27419,0.234755006
27420,0.010819049
27421,0.094266526
27422,0.057971216
27423,0.056012569
27424,0.074248742
27425,0.033323348
27426,0.04358193
27427,0.046368981
27428,0.012121626
27429,0.044471824
27430,0.067024949
27431,0.033689539
27432,0.06259499
27433,0.022910974
27434,0.017645035
27435,0.074341022
27436,0.038917366
27437,0.129461364
27438,0.066034713
27439,0.138538639
27440,0.485465492
27441,0.097261077
27442,0.106142547
27443,0.075838246
27444,0.066612351
27445,0.07351552
27446,0.073573813
27447,0.062578311
27448,0.275287691
27449,0.080346544
27450,0.071337061
27451,0.067331577
27452,0.073687578
27453,0.028151987
27454,0.024047119
27455,0.029320106
27456,0.047159623
27457,0.298773478
27458,0.065053915
27459,0.053068768
27460,0.096802156
27461,0.629475725
27462,0.080916151
27463,0.020717059
27464,0.43965773
27465,0.066414093
27466,0.178464399
27467,0.28339343
27468,0.076091996
27469,0.02099296
27470,0.040737093
27471,0.059559185
27472,0.096065099
27473,0.169193946
27474,0.04021892
27475,0.158782072
27476,0.085087683
27477,0.006604839
27478,0.076515184
27479,0.025318076
27480,0.048982242
27481,0.078854729
27482,0.016583182
27483,0.109833802
27484,0.125576657
27485,0.2356942
27486,0.072961271
27487,0.030021738
27488,0.112291064
27489,0.155899705
27490,0.415065978
27491,0.053029114
27492,0.010346411
27493,0.070691416
27494,0.025344167
27495,0.063272423
27496,0.531052919
27497,0.041940603
27498,0.088818425
27499,0.45156524
27500,0.141914311
27501,0.040424038
27502,0.062371986
27503,0.455943075
27504,0.457381861
27505,0.102075306
27506,0.077371576
27507,0.142685531
27508,0.127352784
27509,0.121492068
27510,0.168230843
27511,0.390542086
27512,0.077918325
27513,0.003061668
27514,0.022597058
27515,0.04351181
27516,0.086997636
27517,0.047329577
27518,0.18933902
27519,0.97801497
27520,0.066054549
27521,0.406735404
27522,0.015663202
27523,0.049689091
27524,0.401415713
27525,0.048715845
27526,0.073717368
27527,0.021261606
27528,0.049126691
27529,0.420131555
27530,0.436890563
27531,0.090567525
27532,0.252936733
27533,0.113128697
27534,0.271727299
27535,0.409509256
27536,0.402103881
27537,0.028623371
27538,0.248088741
27539,0.249387113
27540,0.237190068
27541,0.980398739
27542,0.406335699
27543,0.427720208
27544,0.022395226
27545,0.240800759
27546,0.073517955
27547,0.02862887
27548,0.026850838
27549,0.051777261
27550,0.004741515
27551,0.011822135
27552,0.027418043
27553,0.055671193
27554,0.090967582
27555,0.093407786
27556,0.09719765
27557,0.236810035
27558,0.238591664
27559,0.244717199
27560,0.03154774
27561,0.102230469
27562,0.284053837
27563,0.064122574
27564,0.988429878
27565,0.970968436
27566,0.562156449
27567,0.004373567
27568,0.030397775
27569,0.018568345
27570,0.239475814
27571,0.404739218
27572,0.075872309
27573,0.070616618
27574,0.022262999
27575,0.048424799
27576,0.066634025
27577,0.051249286
27578,0.012446369
27579,0.384975243
27580,0.016129367
27581,0.044746542
27582,0.093724922
27583,0.093807279
27584,0.05636089
27585,0.044904867
27586,0.236084102
27587,0.456889429
27588,0.0306329
27589,0.242701654
27590,0.101446084
27591,0.097511729
27592,0.987963713
27593,0.803275769
27594,0.609213948
27595,0.018725383
27596,0.242309613
27597,0.024014569
27598,0.009096043
27599,0.388231774
27600,0.093311212
27601,0.271330448
27602,0.052134354
27603,0.081629668
27604,0.02356641
27605,0.115454352
27606,0.107188665
27607,0.12539173
27608,0.141385452
27609,0.532148968
27610,0.421842724
27611,0.237666131
27612,0.121328097
27613,0.08994224
27614,0.058973629
27615,0.104634582
27616,0.050900732
27617,0.036565392
27618,0.023402064
27619,0.122692071
27620,0.148674445
27621,0.063412742
27622,0.105540841
27623,0.97366636
27624,0.993695567
27625,0.994755964
27626,0.105353326
27627,0.046400965
27628,0.24870985
27629,0.01067055
27630,0.412316042
27631,0.027957891
27632,0.009275732
27633,0.017461331
27634,0.020133268
27635,0.072199218
27636,0.088202554
27637,0.047381779
27638,0.387011274
27639,0.998467936
27640,0.065916353
27641,0.088591355
27642,0.07477865
27643,0.155641048
27644,0.060912866
27645,0.44384631
27646,0.279195765
27647,0.018739707
27648,0.08073279
27649,0.106976485
27650,0.081847346
27651,0.048940357
27652,0.023499229
27653,0.417896025
27654,0.286537761
27655,0.247151547
27656,0.069335772
27657,0.025327119
27658,0.088544876
27659,0.009902999
27660,0.076894931
27661,0.287895033
27662,0.043071648
27663,0.047133882
27664,0.054843328
27665,0.049458119
27666,0.462447582
27667,0.761900223
27668,0.266334755
27669,0.164556591
27670,0.113877279
27671,0.15898981
27672,0.120090074
27673,0.540515237
27674,0.07900069
27675,0.043116686
27676,0.02871695
27677,0.14369089
27678,0.164934072
27679,0.147992876
27680,0.465573692
27681,0.274782109
27682,0.147588222
27683,0.996555056
27684,0.13256442
27685,0.020120253
27686,0.125927582
27687,0.265029125
27688,0.0300345
27689,0.047913985
27690,0.180447155
27691,0.08303
27692,0.036156197
27693,0.044695259
27694,0.060640675
27695,0.111579786
27696,0.395003153
27697,0.191324552
27698,0.25770901
27699,0.284541605
27700,0.125893732
27701,0.127834671
27702,0.385353349
27703,0.021854894
27704,0.154820808
27705,0.070755635
27706,0.050787755
27707,0.477341005
27708,0.281705928
27709,0.04251219
27710,0.537354946
27711,0.402130312
27712,0.00583497
27713,0.262657045
27714,0.122460498
27715,0.076131997
27716,0.048097538
27717,0.011098273
27718,0.008231119
27719,0.005927059
27720,0.032531792
27721,0.048045369
27722,0.08204111
27723,0.074255726
27724,0.097352853
27725,0.396176224
27726,0.695644314
27727,0.449976699
27728,0.409429696
27729,0.558385369
27730,0.091014214
27731,0.066160478
27732,0.070359309
27733,0.23718167
27734,0.173007123
27735,0.072487211
27736,0.029415946
27737,0.072292969
27738,0.1166783
27739,0.021352769
27740,0.048925979
27741,0.092333687
27742,0.036396436
27743,0.018656768
27744,0.050474055
27745,0.024089525
27746,0.008122006
27747,0.029451468
27748,0.082240587
27749,0.055792489
27750,0.081333586
27751,0.425987636
27752,0.148433193
27753,0.434453163
27754,0.8051706
27755,0.619369407
27756,0.286705202
27757,0.242192919
27758,0.027024763
27759,0.052825225
27760,0.105272605
27761,0.018482059
27762,0.025216643
27763,0.998266337
27764,0.047500662
27765,0.017500739
27766,0.075546332
27767,0.048612981
27768,0.098829397
27769,0.058657538
27770,0.04595673
27771,0.015566727
27772,0.050926549
27773,0.017232749
27774,0.022075321
27775,0.072755982
27776,0.09151321
27777,0.563844927
27778,0.39618274
27779,0.250024787
27780,0.99772267
27781,0.465570173
27782,0.537975456
27783,0.140677143
27784,0.040396959
27785,0.030948152
27786,0.043248872
27787,0.049940027
27788,0.05278139
27789,0.017967413
27790,0.037403212
27791,0.072610288
27792,0.4117748
27793,0.072460861
27794,0.387659035
27795,0.253888508
27796,0.099981642
27797,0.111711293
27798,0.134400398
27799,0.169172798
27800,0.059050226
27801,0.003816497
27802,0.04825146
27803,0.131755189
27804,0.997574282
27805,0.44283509
27806,0.552502413
27807,0.264895864
27808,0.270834463
27809,0.162715846
27810,0.240138575
27811,0.056183115
27812,0.011985437
27813,0.027240891
27814,0.045655084
27815,0.032113732
27816,0.124623517
27817,0.133151172
27818,0.07569487
27819,0.281342164
27820,0.023767497
27821,0.062484325
27822,0.392838349
27823,0.063557633
27824,0.108841928
27825,0.236915564
27826,0.04462334
27827,0.002513766
27828,0.234519116
27829,0.162523838
27830,0.08481743
27831,0.240555262
27832,0.036286
27833,0.096701778
27834,0.082990165
27835,0.056522169
27836,0.123589227
27837,0.093902018
27838,0.051334028
27839,0.033808421
27840,0.009925565
27841,0.243702024
27842,0.008199795
27843,0.105036244
27844,0.031699863
27845,0.102862261
27846,0.043255593
27847,0.062894239
27848,0.006645588
27849,0.06879971
27850,0.162777687
27851,0.398338253
27852,0.551488351
27853,0.116895646
27854,0.024731352
27855,0.055563688
27856,0.064141204
27857,0.139153563
27858,0.016742032
27859,0.027210964
27860,0.017192969
27861,0.02976156
27862,0.02213064
27863,0.009824729
27864,0.030567675
27865,0.062366276
27866,0.081682623
27867,0.419566011
27868,0.014741562
27869,0.014580405
27870,0.260640029
27871,0.072036249
27872,0.094466467
27873,0.406457557
27874,0.111587843
27875,0.011609313
27876,0.009917351
27877,0.23777616
27878,0.033776708
27879,0.017813559
27880,0.070417078
27881,0.120889024
27882,0.046920866
27883,0.010894687
27884,0.019964655
27885,0.011844612
27886,0.180192771
27887,0.0203277
27888,0.023732149
27889,0.113501516
27890,0.086655601
27891,0.051823254
27892,0.017327501
27893,0.029132752
27894,0.072197213
27895,0.454394245
27896,0.030903056
27897,0.02385833
27898,0.024116564
27899,0.055163948
27900,0.066340365
27901,0.178490893
27902,0.073182379
27903,0.26487469
27904,0.070971696
27905,0.029655357
27906,0.022013125
27907,0.042754142
27908,0.057178687
27909,0.025428432
27910,0.386505009
27911,0.019733277
27912,0.024423873
27913,0.263871124
27914,0.021082085
27915,0.071163483
27916,0.059674125
27917,0.010120204
27918,0.2785532
27919,0.537126557
27920,0.109460864
27921,0.071495392
27922,0.018563589
27923,0.098624595
27924,0.043662175
27925,0.047574824
27926,0.248541998
27927,0.112575433
27928,0.077289669
27929,0.995302797
27930,0.019654287
27931,0.084037478
27932,0.087258804
27933,0.066234065
27934,0.02278422
27935,0.049122486
27936,0.116534375
27937,0.313690585
27938,0.071020567
27939,0.239623054
27940,0.028045165
27941,0.018833845
27942,0.06787035
27943,0.007954112
27944,0.021299536
27945,0.079714932
27946,0.028433559
27947,0.022724166
27948,0.047308992
27949,0.053638097
27950,0.027775812
27951,0.022381332
27952,0.058918463
27953,0.157583176
27954,0.028215483
27955,0.042865527
27956,0.019206732
27957,0.031317024
27958,0.069470939
27959,0.105123907
27960,0.040355215
27961,0.993762182
27962,0.061461374
27963,0.134882951
27964,0.057868153
27965,0.035998698
27966,0.061527537
27967,0.04439965
27968,0.01523824
27969,0.013641639
27970,0.192720563
27971,0.029599796
27972,0.004899412
27973,0.009310367
27974,0.044336992
27975,0.110546821
27976,0.024611284
27977,0.009051277
27978,0.115133629
27979,0.054705812
27980,0.028027182
27981,0.041950282
27982,0.432430155
27983,0.028328281
27984,0.025405843
27985,0.004875291
27986,0.01096762
27987,0.052142821
27988,0.034006145
27989,0.248194112
27990,0.084100164
27991,0.013007632
27992,0.015421644
27993,0.006587014
27994,0.06516051
27995,0.237753759
27996,0.108262655
27997,0.075540637
27998,0.073780759
27999,0.028319348
28000,0.041876711
28001,0.019334151
28002,0.278487946
28003,0.171628623
28004,0.238200114
28005,0.026087444
28006,0.017595453
28007,0.009929755
28008,0.010828574
28009,0.020916529
28010,0.009111973
28011,0.016915487
28012,0.019862242
28013,0.025080081
28014,0.045169543
28015,0.051785624
28016,0.109971416
28017,0.009352958
28018,0.116538656
28019,0.010881563
28020,0.391457938
28021,0.01024662
28022,0.008546701
28023,0.025774226
28024,0.008262884
28025,0.016992621
28026,0.014588158
28027,0.02501603
28028,0.010158852
28029,0.004331705
28030,0.015077775
28031,0.008938213
28032,0.006420222
28033,0.088294192
28034,0.026546772
28035,0.052475508
28036,0.056143953
28037,0.016694611
28038,0.011064126
28039,0.008890563
28040,0.13483292
28041,0.033347967
28042,0.05394136
28043,0.004615279
28044,0.009540492
28045,0.029906576
28046,0.008983369
28047,0.07480083
28048,0.012521233
28049,0.002610916
28050,0.011704521
28051,0.012467163
28052,0.380141612
28053,0.073276209
28054,0.0750935
28055,0.072291553
28056,0.06850634
28057,0.022819912
28058,0.011495475
28059,0.084697529
28060,0.019700009
28061,0.095299474
28062,0.239088258
28063,0.015379162
28064,0.025644614
28065,0.032234156
28066,0.021878437
28067,0.010094539
28068,0.006824451
28069,0.028060857
28070,0.01019558
28071,0.007098529
28072,0.085928246
28073,0.067783997
28074,0.026304719
28075,0.255302445
28076,0.024486236
28077,0.023547359
28078,0.028362499
28079,0.010961995
28080,0.017647309
28081,0.040791234
28082,0.022684299
28083,0.013669188
28084,0.030870192
28085,0.027379885
28086,0.008743761
28087,0.030402449
28088,0.275430427
28089,0.152927054
28090,0.009677017
28091,0.022692875
28092,0.095493984
28093,0.024432673
28094,0.049166498
28095,0.061645976
28096,0.027512751
28097,0.054893698
28098,0.072021563
28099,0.015608892
28100,0.062598048
28101,0.066436247
28102,0.051976754
28103,0.09916277
28104,0.052982916
28105,0.008480514
28106,0.028609498
28107,0.029235546
28108,0.273197538
28109,0.054369638
28110,0.08979733
28111,0.260942988
28112,0.444706651
28113,0.028726505
28114,0.027366044
28115,0.038783915
28116,0.272196323
28117,0.090096802
28118,0.294896724
28119,0.088198527
28120,0.259003925
28121,0.065081674
28122,0.098066259
28123,0.033057247
28124,0.011941065
28125,0.008364059
28126,0.267935396
28127,0.034615035
28128,0.685915004
28129,0.267183584
28130,0.053457835
28131,0.057560343
28132,0.113131092
28133,0.067436206
28134,0.012103027
28135,0.029009375
28136,0.055419208
28137,0.026199819
28138,0.016746789
28139,0.016974056
28140,0.115184237
28141,0.26627169
28142,0.527034508
28143,0.535475197
28144,0.043318915
28145,0.078844773
28146,0.029383822
28147,0.143736368
28148,0.152949116
28149,0.076376809
28150,0.055168171
28151,0.066345122
28152,0.096345352
28153,0.029434446
28154,0.428621329
28155,0.174843397
28156,0.157418408
28157,0.516260773
28158,0.106309934
28159,0.02353748
28160,0.503481255
28161,0.019886019
28162,0.071285031
28163,0.589001659
28164,0.063175517
28165,0.064122661
28166,0.0403866
28167,0.07024014
28168,0.092398123
28169,0.089881981
28170,0.085600762
28171,0.035466031
28172,0.05209824
28173,0.072061554
28174,0.277366179
28175,0.054265302
28176,0.026566442
28177,0.076645161
28178,0.090927243
28179,0.083605956
28180,0.029467835
28181,0.034903647
28182,0.045652441
28183,0.078160211
28184,0.021441639
28185,0.068459125
28186,0.155571196
28187,0.060261878
28188,0.295830137
28189,0.024587532
28190,0.072156007
28191,0.04612134
28192,0.019663729
28193,0.013087852
28194,0.018792234
28195,0.502653906
28196,0.235786785
28197,0.085694382
28198,0.176431448
28199,0.288590892
28200,0.093086714
28201,0.063662779
28202,0.012976297
28203,0.033129611
28204,0.010429538
28205,0.064548359
28206,0.066140782
28207,0.073584156
28208,0.174816893
28209,0.427320565
28210,0.439915834
28211,0.059516708
28212,0.007002513
28213,0.027405516
28214,0.028633221
28215,0.041227224
28216,0.39879953
28217,0.019343276
28218,0.051341184
28219,0.010139284
28220,0.05900172
28221,0.050259997
28222,0.021125476
28223,0.105124519
28224,0.502597822
28225,0.069059316
28226,0.249684485
28227,0.028185623
28228,0.025317088
28229,0.056308776
28230,0.091918016
28231,0.026742198
28232,0.133751785
28233,0.172004701
28234,0.107464492
28235,0.097202472
28236,0.069220662
28237,0.031645661
28238,0.02466591
28239,0.029632186
28240,0.11810024
28241,0.057701139
28242,0.428892845
28243,0.0262465
28244,0.055731848
28245,0.021792189
28246,0.019235607
28247,0.016641277
28248,0.022412164
28249,0.052788682
28250,0.027179155
28251,0.076469036
28252,0.190488588
28253,0.421962466
28254,0.057227552
28255,0.057948938
28256,0.042830184
28257,0.101481112
28258,0.053274281
28259,0.015718532
28260,0.065706507
28261,0.01534385
28262,0.012353901
28263,0.025943818
28264,0.170789415
28265,0.027132995
28266,0.017794883
28267,0.028353644
28268,0.004945262
28269,0.249258392
28270,0.065645764
28271,0.441255877
28272,0.455872395
28273,0.438699709
28274,0.080968281
28275,0.054808515
28276,0.020271626
28277,0.052283882
28278,0.053381161
28279,0.165807115
28280,0.062146972
28281,0.550767016
28282,0.107377261
28283,0.031343148
28284,0.011896858
28285,0.104870052
28286,0.056058114
28287,0.059409333
28288,0.017694088
28289,0.008651692
28290,0.010600783
28291,0.064846231
28292,0.018907388
28293,0.023775648
28294,0.080468945
28295,0.043890216
28296,0.25295592
28297,0.069253896
28298,0.12340831
28299,0.259034857
28300,0.408323271
28301,0.069931784
28302,0.026207309
28303,0.075512517
28304,0.043294858
28305,0.078322144
28306,0.064007854
28307,0.134153402
28308,0.056810197
28309,0.105127353
28310,0.053221443
28311,0.060923162
28312,0.034657732
28313,0.020809842
28314,0.027135159
28315,0.142975514
28316,0.009847229
28317,0.02663008
28318,0.065372774
28319,0.031542233
28320,0.022846579
28321,0.03335761
28322,0.059046448
28323,0.063356701
28324,0.117514778
28325,0.091109584
28326,0.431219407
28327,0.236339433
28328,0.236408461
28329,0.009968137
28330,0.097100678
28331,0.064852849
28332,0.054891251
28333,0.080352787
28334,0.026707664
28335,0.027942752
28336,0.0542193
28337,0.046539981
28338,0.056049129
28339,0.07942161
28340,0.030676381
28341,0.060962971
28342,0.025061643
28343,0.068016539
28344,0.011727764
28345,0.047968853
28346,0.111107593
28347,0.074211512
28348,0.237349861
28349,0.48542366
28350,0.114260429
28351,0.108691736
28352,0.066094927
28353,0.077826661
28354,0.07950523
28355,0.082148245
28356,0.055140893
28357,0.007993294
28358,0.021738539
28359,0.416489348
28360,0.075442056
28361,0.074441977
28362,0.066647778
28363,0.073916159
28364,0.020343377
28365,0.027668155
28366,0.015795113
28367,0.029386445
28368,0.052639941
28369,0.44153889
28370,0.067548524
28371,0.055754252
28372,0.092168358
28373,0.610568875
28374,0.089794588
28375,0.02062755
28376,0.442275682
28377,0.061195499
28378,0.163942186
28379,0.294820815
28380,0.062297688
28381,0.024106212
28382,0.048758618
28383,0.079677587
28384,0.111803606
28385,0.154762116
28386,0.051017826
28387,0.13625214
28388,0.083841591
28389,0.062328728
28390,0.009215896
28391,0.017535927
28392,0.024097409
28393,0.053140778
28394,0.066924074
28395,0.018960385
28396,0.109166011
28397,0.127699118
28398,0.434898701
28399,0.083813042
28400,0.030626918
28401,0.095855623
28402,0.153258369
28403,0.385574878
28404,0.058449308
28405,0.0561631
28406,0.029820245
28407,0.065599227
28408,0.575598071
28409,0.045896221
28410,0.116027038
28411,0.418255649
28412,0.264102151
28413,0.020467241
28414,0.047077749
28415,0.049953725
28416,0.425714296
28417,0.425941735
28418,0.007292152
28419,0.099554495
28420,0.081782047
28421,0.118893958
28422,0.135066039
28423,0.11437365
28424,0.159913417
28425,0.436992633
28426,0.081256989
28427,0.027934808
28428,0.057590108
28429,0.086624679
28430,0.066352855
28431,0.176776763
28432,0.946631558
28433,0.067559951
28434,0.394201016
28435,0.0147769
28436,0.058772603
28437,0.264930472
28438,0.013674767
28439,0.056075178
28440,0.075051988
28441,0.018974431
28442,0.051410455
28443,0.00415758
28444,0.407123561
28445,0.25561243
28446,0.092826172
28447,0.262593293
28448,0.103462817
28449,0.275732784
28450,0.389124706
28451,0.418762941
28452,0.249912527
28453,0.242561468
28454,0.129410903
28455,0.961600366
28456,0.427735676
28457,0.418667672
28458,0.004858791
28459,0.01966043
28460,0.251083525
28461,0.07819247
28462,0.030215051
28463,0.021456989
28464,0.01961859
28465,0.05130226
28466,0.00529292
28467,0.005567003
28468,0.009543629
28469,0.022599047
28470,0.253583093
28471,0.099950174
28472,0.092719213
28473,0.093398311
28474,0.097758598
28475,0.238834547
28476,0.271500049
28477,0.020341844
28478,0.101532508
28479,0.27635689
28480,0.017837446
28481,0.06676209
28482,0.992298174
28483,0.9725439
28484,0.581043707
28485,0.006139528
28486,0.028624566
28487,0.018902813
28488,0.088351916
28489,0.419493582
28490,0.080672126
28491,0.016091679
28492,0.070330742
28493,0.030417528
28494,0.007595439
28495,0.009180209
28496,0.052972096
28497,0.063903366
28498,0.057087717
28499,0.012056356
28500,0.391654034
28501,0.019630118
28502,0.046640312
28503,0.099984375
28504,0.09952158
28505,0.055600737
28506,0.058638784
28507,0.233452311
28508,0.238573679
28509,0.024330609
28510,0.234653085
28511,0.099657125
28512,0.097302313
28513,0.992627533
28514,0.822116704
28515,0.570066704
28516,0.013945412
28517,0.097530387
28518,0.023741784
28519,0.39614406
28520,0.093382162
28521,0.271730418
28522,0.055498015
28523,0.099252472
28524,0.018613179
28525,0.119905228
28526,0.098482273
28527,0.123406889
28528,0.158844262
28529,0.550161737
28530,0.425390627
28531,0.243527012
28532,0.122800662
28533,0.09519298
28534,0.054005323
28535,0.11179071
28536,0.054199373
28537,0.0298118
28538,0.13272035
28539,0.163451833
28540,0.072577192
28541,0.095118886
28542,0.020174889
28543,0.955987485
28544,0.993740186
28545,0.992035771
28546,0.124517907
28547,0.053074194
28548,0.23600795
28549,0.011607648
28550,0.401622215
28551,0.028519567
28552,0.009330398
28553,0.017858898
28554,0.015772187
28555,0.064409455
28556,0.093631856
28557,0.050268754
28558,0.449728873
28559,0.999694045
28560,0.064208039
28561,0.092182285
28562,0.077921618
28563,0.133095235
28564,0.061776852
28565,0.440633946
28566,0.242049918
28567,0.019491357
28568,0.075661771
28569,0.110179828
28570,0.101662206
28571,0.053641493
28572,0.265381249
28573,0.405639941
28574,0.251723452
28575,0.072169356
28576,0.028066041
28577,0.09265661
28578,0.011262467
28579,0.077928473
28580,0.277610629
28581,0.047336526
28582,0.051022834
28583,0.055866028
28584,0.049896746
28585,0.432442413
28586,0.767476283
28587,0.276164968
28588,0.278895831
28589,0.105757999
28590,0.155233852
28591,0.13493588
28592,0.540711337
28593,0.078842897
28594,0.028035559
28595,0.042673757
28596,0.025744011
28597,0.235960257
28598,0.154445575
28599,0.23840073
28600,0.271474487
28601,0.276111079
28602,0.245025497
28603,0.998833746
28604,0.117351864
28605,0.018888487
28606,0.119887824
28607,0.244765028
28608,0.022490521
28609,0.055107169
28610,0.283370397
28611,0.089180795
28612,0.041976212
28613,0.039446361
28614,0.055936361
28615,0.10894678
28616,0.440846499
28617,0.26913516
28618,0.270344574
28619,0.298360371
28620,0.136189117
28621,0.139721158
28622,0.266676652
28623,0.021744413
28624,0.164858253
28625,0.080508768
28626,0.055157306
28627,0.45515637
28628,0.269675742
28629,0.048959019
28630,0.537049966
28631,0.417524668
28632,0.004962396
28633,0.078273403
28634,0.111292621
28635,0.076054491
28636,0.047466719
28637,0.010859756
28638,0.012635856
28639,0.031685835
28640,0.051678854
28641,0.093519202
28642,0.07806506
28643,0.119973269
28644,0.424712974
28645,0.654577366
28646,0.41056884
28647,0.392027722
28648,0.56816179
28649,0.098079771
28650,0.064545325
28651,0.070877464
28652,0.147549095
28653,0.274033305
28654,0.063332333
28655,0.261505021
28656,0.075724126
28657,0.125508937
28658,0.019506598
28659,0.096906002
28660,0.031929883
28661,0.011511612
28662,0.040446178
28663,0.017560124
28664,0.005052242
28665,0.029376591
28666,0.087123249
28667,0.052319459
28668,0.06551674
28669,0.418863785
28670,0.134428158
28671,0.452294565
28672,0.804262089
28673,0.623995203
28674,0.289679207
28675,0.241660815
28676,0.049295855
28677,0.108064854
28678,0.01765077
28679,0.010253605
28680,0.030041217
28681,0.999816884
28682,0.050341205
28683,0.019615149
28684,0.242713349
28685,0.064948539
28686,0.252255506
28687,0.049447515
28688,0.055003937
28689,0.016621003
28690,0.055593348
28691,0.024434319
28692,0.076950703
28693,0.086575155
28694,0.528395466
28695,0.439602741
28696,0.241123603
28697,0.990126095
28698,0.46187083
28699,0.482045443
28700,0.129638087
28701,0.0328072
28702,0.040428825
28703,0.060345046
28704,0.053208263
28705,0.038340918
28706,0.242958174
28707,0.45446989
28708,0.102563409
28709,0.446867873
28710,0.252689015
28711,0.056974549
28712,0.124049229
28713,0.113878132
28714,0.170501804
28715,0.052146558
28716,0.028440142
28717,0.059484539
28718,0.127262284
28719,0.998679527
28720,0.445469555
28721,0.572477125
28722,0.422954785
28723,0.287332909
28724,0.14899509
28725,0.24049516
28726,0.025647414
28727,0.016965637
28728,0.05340224
28729,0.033275167
28730,0.138643796
28731,0.123932641
28732,0.089080442
28733,0.421398053
28734,0.029190764
28735,0.064480351
28736,0.408342403
28737,0.06636808
28738,0.008204036
28739,0.008788891
28740,0.104650288
28741,0.242647224
28742,0.046693273
28743,0.00238742
28744,0.235004793
28745,0.282812142
28746,0.083071906
28747,0.100562526
28748,0.240295367
28749,0.088379038
28750,0.041474234
28751,0.112828067
28752,0.239718612
28753,0.054810185
28754,0.032147307
28755,0.01034489
28756,0.11225528
28757,0.111700766
28758,0.034416863
28759,0.112131728
28760,0.045483722
28761,0.066465217
28762,0.062426211
28763,0.162881335
28764,0.422995842
28765,0.565054862
28766,0.106744173
28767,0.010917547
28768,0.020319754
28769,0.059784295
28770,0.017305791
28771,0.061761007
28772,0.152877443
28773,0.012145263
28774,0.027538045
28775,0.014027706
28776,0.027115887
28777,0.016881832
28778,0.011159813
28779,0.035610517
28780,0.063770786
28781,0.090437269
28782,0.383239486
28783,0.011541089
28784,0.050637905
28785,0.059625207
28786,0.086183234
28787,0.40658668
28788,0.114656582
28789,0.010469323
28790,0.237413276
28791,0.01486418
28792,0.036635783
28793,0.015754258
28794,0.069134093
28795,0.266004083
28796,0.058654526
28797,0.011112119
28798,0.020518196
28799,0.009931363
28800,0.189665564
28801,0.025799829
28802,0.015490039
28803,0.030040664
28804,0.117996834
28805,0.064145691
28806,0.053519733
28807,0.017827258
28808,0.030158742
28809,0.071628347
28810,0.418487127
28811,0.03108825
28812,0.027005763
28813,0.027369719
28814,0.056356187
28815,0.072084714
28816,0.274453603
28817,0.07899069
28818,0.171252073
28819,0.092938622
28820,0.030959652
28821,0.013591194
28822,0.050144581
28823,0.05936119
28824,0.034531364
28825,0.428868564
28826,0.019563815
28827,0.020080895
28828,0.271747952
28829,0.020481749
28830,0.0761339
28831,0.052532244
28832,0.011227127
28833,0.47352214
28834,0.534011649
28835,0.102230034
28836,0.074455854
28837,0.01181697
28838,0.096826176
28839,0.051688607
28840,0.048890925
28841,0.096237072
28842,0.092281981
28843,0.087687634
28844,0.993916031
28845,0.088788891
28846,0.014090647
28847,0.077598762
28848,0.061468117
28849,0.017721257
28850,0.049761754
28851,0.114752288
28852,0.517226506
28853,0.068482214
28854,0.237347841
28855,0.028405211
28856,0.020557208
28857,0.062629482
28858,0.008520257
28859,0.019568026
28860,0.071173611
28861,0.022796654
28862,0.023745184
28863,0.001321427
28864,0.054635666
28865,0.054374253
28866,0.028891921
28867,0.017278017
28868,0.067620416
28869,0.021194572
28870,0.143084967
28871,0.018004801
28872,0.045072673
28873,0.029338488
28874,0.072678152
28875,0.11086193
28876,0.015269773
28877,0.043954208
28878,0.997419042
28879,0.064181359
28880,0.110428199
28881,0.056763759
28882,0.042894739
28883,0.051176319
28884,0.044824783
28885,0.012930769
28886,0.01610064
28887,0.279348291
28888,0.031013325
28889,0.017818679
28890,0.046332047
28891,0.105914666
28892,0.024465669
28893,0.008684397
28894,0.111377736
28895,0.05915445
28896,0.031270776
28897,0.056283033
28898,0.44088098
28899,0.025545646
28900,0.018250459
28901,0.007262219
28902,0.024148536
28903,0.05710153
28904,0.036516373
28905,0.25385689
28906,0.072647846
28907,0.011103542
28908,0.015575034
28909,0.066915474
28910,0.147974862
28911,0.106633936
28912,0.07902681
28913,0.075207926
28914,0.026876194
28915,0.054507538
28916,0.064069619
28917,0.1712069
28918,0.131966494
28919,0.005187331
28920,0.033194769
28921,0.011934074
28922,0.011511012
28923,0.011739774
28924,0.029625841
28925,0.014371156
28926,0.013066018
28927,0.024104019
28928,0.050991426
28929,0.057906588
28930,0.107648163
28931,0.004122722
28932,0.13095617
28933,0.281665217
28934,0.008975434
28935,0.026438
28936,0.012148233
28937,0.024044726
28938,0.007031272
28939,0.01671575
28940,0.028202732
28941,0.012551501
28942,0.015539169
28943,0.008903406
28944,0.081184987
28945,0.005466409
28946,0.025764985
28947,0.047950921
28948,0.011535643
28949,0.050252605
28950,0.014865999
28951,0.006298347
28952,0.01177406
28953,0.011639225
28954,0.112683926
28955,0.030388885
28956,0.051857129
28957,0.03151344
28958,0.017116051
28959,0.075443999
28960,0.013315624
28961,0.003031373
28962,0.010214885
28963,0.427550532
28964,0.065575779
28965,0.073274227
28966,0.239815932
28967,0.01905991
28968,0.003454603
28969,0.078427639
28970,0.029042246
28971,0.009770668
28972,0.090703031
28973,0.122813462
28974,0.14686591
28975,0.017800119
28976,0.021058845
28977,0.038113758
28978,0.032645953
28979,0.029422045
28980,0.027398856
28981,0.012163656
28982,0.029850064
28983,0.005564881
28984,0.082242228
28985,0.058271954
28986,0.032069742
28987,0.165768923
28988,0.019873222
28989,0.028465404
28990,0.005156731
28991,0.012628549
28992,0.051660603
28993,0.030595318
28994,0.007293289
28995,0.016925358
28996,0.033260683
28997,0.268055326
28998,0.242618667
28999,0.019813433
29000,0.101835056
29001,0.011278942
29002,0.023077878
29003,0.037634533
29004,0.058889591
29005,0.06920052
29006,0.035614291
29007,0.048600894
29008,0.058594071
29009,0.058306392
29010,0.051512294
29011,0.103499803
29012,0.051632301
29013,0.052195202
29014,0.034319373
29015,0.261121252
29016,0.050425044
29017,0.098958996
29018,0.263293237
29019,0.426890335
29020,0.051776253
29021,0.27712525
29022,0.074422711
29023,0.395154434
29024,0.095608332
29025,0.159685605
29026,0.066003455
29027,0.108990017
29028,0.015809183
29029,0.005611558
29030,0.039927883
29031,0.013845551
29032,0.111714509
29033,0.036731524
29034,0.615887309
29035,0.268189382
29036,0.045507273
29037,0.057674127
29038,0.265129302
29039,0.062807467
29040,0.010801831
29041,0.050032466
29042,0.031192337
29043,0.103865961
29044,0.265050323
29045,0.552835041
29046,0.50575851
29047,0.05094144
29048,0.030358429
29049,0.138994023
29050,0.263581908
29051,0.027411257
29052,0.074303551
29053,0.053302976
29054,0.065766311
29055,0.093757401
29056,0.416461121
29057,0.13987155
29058,0.272951133
29059,0.521266696
29060,0.117262099
29061,0.023304177
29062,0.496561508
29063,0.069731953
29064,0.304199894
29065,0.061696193
29066,0.067210782
29067,0.033235491
29068,0.062550554
29069,0.090499699
29070,0.092985746
29071,0.247356301
29072,0.030037694
29073,0.055630621
29074,0.085360024
29075,0.282286917
29076,0.046193935
29077,0.029269853
29078,0.075090437
29079,0.072402516
29080,0.088457963
29081,0.054736593
29082,0.048803483
29083,0.077374286
29084,0.167584933
29085,0.070312645
29086,0.414804798
29087,0.053481819
29088,0.047416577
29089,0.017565696
29090,0.004699793
29091,0.01416098
29092,0.534183299
29093,0.109718655
29094,0.087216945
29095,0.438749473
29096,0.461710398
29097,0.094770504
29098,0.061752492
29099,0.01364509
29100,0.019394125
29101,0.00638493
29102,0.037393987
29103,0.009804825
29104,0.077716881
29105,0.064790297
29106,0.093834498
29107,0.174931676
29108,0.29860478
29109,0.410977624
29110,0.043354959
29111,0.027458815
29112,0.047829181
29113,0.431276507
29114,0.024098012
29115,0.056290403
29116,0.06021347
29117,0.060666273
29118,0.115460375
29119,0.520851551
29120,0.007051425
29121,0.06742342
29122,0.11466012
29123,0.026407864
29124,0.025933268
29125,0.052851359
29126,0.072142745
29127,0.007803741
29128,0.129122785
29129,0.170891023
29130,0.093143751
29131,0.102680959
29132,0.069689918
29133,0.028472476
29134,0.030012404
29135,0.032594716
29136,0.123184548
29137,0.060034026
29138,0.249228652
29139,0.023046029
29140,0.050095882
29141,0.031499107
29142,0.023844788
29143,0.01502681
29144,0.022643127
29145,0.051574647
29146,0.023620369
29147,0.07227972
29148,0.277463516
29149,0.274770032
29150,0.050184804
29151,0.058447606
29152,0.043829805
29153,0.096248732
29154,0.063295267
29155,0.015742974
29156,0.066087617
29157,0.01696152
29158,0.012537532
29159,0.190616822
29160,0.025871838
29161,0.020175497
29162,0.028646388
29163,0.005707261
29164,0.264402136
29165,0.074601805
29166,0.40073249
29167,0.403433703
29168,0.435858144
29169,0.059640954
29170,0.047975192
29171,0.015510942
29172,0.052102616
29173,0.050316875
29174,0.245947078
29175,0.063863433
29176,0.533849051
29177,0.118302222
29178,0.022305666
29179,0.107443284
29180,0.06312141
29181,0.054626849
29182,0.026093772
29183,0.008563494
29184,0.063139949
29185,0.03251617
29186,0.01064132
29187,0.021587256
29188,0.022155955
29189,0.085935575
29190,0.0507868
29191,0.268792459
29192,0.063774792
29193,0.109526845
29194,0.395962514
29195,0.462320196
29196,0.068967867
29197,0.027041906
29198,0.083669143
29199,0.049042108
29200,0.028940697
29201,0.081110164
29202,0.068560137
29203,0.133995168
29204,0.057411398
29205,0.102844909
29206,0.057130611
29207,0.063161903
29208,0.040078402
29209,0.017944304
29210,0.146587598
29211,0.010947718
29212,0.031613422
29213,0.072091394
29214,0.032226112
29215,0.01010165
29216,0.0188745
29217,0.039288823
29218,0.061549589
29219,0.067364628
29220,0.108563662
29221,0.108813422
29222,0.392309716
29223,0.241630293
29224,0.240898188
29225,0.012800044
29226,0.08005711
29227,0.045910545
29228,0.051055935
29229,0.076122827
29230,0.025405503
29231,0.031141199
29232,0.047903568
29233,0.049856382
29234,0.074922506
29235,0.034776674
29236,0.063777863
29237,0.02092211
29238,0.030569024
29239,0.073245342
29240,0.047181789
29241,0.124249662
29242,0.066215372
29243,0.11971128
29244,0.506260629
29245,0.100170423
29246,0.107258837
29247,0.069760632
29248,0.076295006
29249,0.081228762
29250,0.079337877
29251,0.052121169
29252,0.010558172
29253,0.023740258
29254,0.384215494
29255,0.077157542
29256,0.066566095
29257,0.056806812
29258,0.071962481
29259,0.01879433
29260,0.02557618
29261,0.02616026
29262,0.05666013
29263,0.298275898
29264,0.067376568
29265,0.052032678
29266,0.102731582
29267,0.634041996
29268,0.080112437
29269,0.019709942
29270,0.416982397
29271,0.069087638
29272,0.26842016
29273,0.303295001
29274,0.065101003
29275,0.026982765
29276,0.050655023
29277,0.072345136
29278,0.113596224
29279,0.162345517
29280,0.049876187
29281,0.251780467
29282,0.077510623
29283,0.062966781
29284,0.011485973
29285,0.017150408
29286,0.025234183
29287,0.059788457
29288,0.076642659
29289,0.018711801
29290,0.107293035
29291,0.128402024
29292,0.258803383
29293,0.081249546
29294,0.034274894
29295,0.107928766
29296,0.15026935
29297,0.421306857
29298,0.061372934
29299,0.046272077
29300,0.022104654
29301,0.071338572
29302,0.548249218
29303,0.043807463
29304,0.112174887
29305,0.424107382
29306,0.263738433
29307,0.01069822
29308,0.049530828
29309,0.052389516
29310,0.405275208
29311,0.398869146
29312,0.00767776
29313,0.10363857
29314,0.081152806
29315,0.127045042
29316,0.130392259
29317,0.118777566
29318,0.173804927
29319,0.44145764
29320,0.082413172
29321,0.025009969
29322,0.062570001
29323,0.115644782
29324,0.065176072
29325,0.185488862
29326,0.957664739
29327,0.06685013
29328,0.391814431
29329,0.018298255
29330,0.057961625
29331,0.279298123
29332,0.01500634
29333,0.051390174
29334,0.064936408
29335,0.020333344
29336,0.051198522
29337,0.007171968
29338,0.407745381
29339,0.254602703
29340,0.090085314
29341,0.399813313
29342,0.120192049
29343,0.272785146
29344,0.378865225
29345,0.422594382
29346,0.261193116
29347,0.244570853
29348,0.117839074
29349,0.94814936
29350,0.432154215
29351,0.422324687
29352,0.0234156
29353,0.243110636
29354,0.089169145
29355,0.021507522
29356,0.025583154
29357,0.012417414
29358,0.051081928
29359,0.006149355
29360,0.009594462
29361,0.028408217
29362,0.250936433
29363,0.098669986
29364,0.083007528
29365,0.098427367
29366,0.102684627
29367,0.25067348
29368,0.426149585
29369,0.031783199
29370,0.106675014
29371,0.265822584
29372,0.02138046
29373,0.067212767
29374,0.996898605
29375,0.981015688
29376,0.60581153
29377,0.006303917
29378,0.029267504
29379,0.016426416
29380,0.075836461
29381,0.44345475
29382,0.081360886
29383,0.016941773
29384,0.074007659
29385,0.061045368
29386,0.06910964
29387,0.051532259
29388,0.011954306
29389,0.422588609
29390,0.017913416
29391,0.049578433
29392,0.099692574
29393,0.099225008
29394,0.050129663
29395,0.049610029
29396,0.40227088
29397,0.249818719
29398,0.027290589
29399,0.25008126
29400,0.121598778
29401,0.10463609
29402,0.998958076
29403,0.809887859
29404,0.589686302
29405,0.018641017
29406,0.246724762
29407,0.019751023
29408,0.010847982
29409,0.433371897
29410,0.093694052
29411,0.269975327
29412,0.056790343
29413,0.097614792
29414,0.02457518
29415,0.114709389
29416,0.102882731
29417,0.125325375
29418,0.176066914
29419,0.540264694
29420,0.485733528
29421,0.251014798
29422,0.112546407
29423,0.102216552
29424,0.059338503
29425,0.110438052
29426,0.052693944
29427,0.035120935
29428,0.021645512
29429,0.23965218
29430,0.153599853
29431,0.070089154
29432,0.100401212
29433,0.021201011
29434,0.971407407
29435,0.997379668
29436,0.995290496
29437,0.109164134
29438,0.056285702
29439,0.402394037
29440,0.391101344
29441,0.019661544
29442,0.010558767
29443,0.01787375
29444,0.070186235
29445,0.096151889
29446,0.05726448
29447,0.42193464
29448,0.998078778
29449,0.07669609
29450,0.092159347
29451,0.085289655
29452,0.119875389
29453,0.067071909
29454,0.405950002
29455,0.2477058
29456,0.030216212
29457,0.094273768
29458,0.09484311
29459,0.114188444
29460,0.05667888
29461,0.438114366
29462,0.402649836
29463,0.251058434
29464,0.071096432
29465,0.022499944
29466,0.087637934
29467,0.013687461
29468,0.068145709
29469,0.180413131
29470,0.045507143
29471,0.048933319
29472,0.014083441
29473,0.01975823
29474,0.057338433
29475,0.054183124
29476,0.425261908
29477,0.709503085
29478,0.283814638
29479,0.27184325
29480,0.099262393
29481,0.134128184
29482,0.1265972
29483,0.526988408
29484,0.080233971
29485,0.05565307
29486,0.037552162
29487,0.15246371
29488,0.167502658
29489,0.17917649
29490,0.461068879
29491,0.280412673
29492,0.150038357
29493,0.99723402
29494,0.120361834
29495,0.017793003
29496,0.12857059
29497,0.255636805
29498,0.026795435
29499,0.050875145
29500,0.505760281
29501,0.076322941
29502,0.052996387
29503,0.044265761
29504,0.057385564
29505,0.24585419
29506,0.386382521
29507,0.273789111
29508,0.460960385
29509,0.290288827
29510,0.128384979
29511,0.142061904
29512,0.38710474
29513,0.02197706
29514,0.14883021
29515,0.082643491
29516,0.05764301
29517,0.410062377
29518,0.276462817
29519,0.054402632
29520,0.540151896
29521,0.382668662
29522,0.074283732
29523,0.242080139
29524,0.077052835
29525,0.046265479
29526,0.010983694
29527,0.008404744
29528,0.033422087
29529,0.061592596
29530,0.089700391
29531,0.088506023
29532,0.128885406
29533,0.453904086
29534,0.705297785
29535,0.510377607
29536,0.417083522
29537,0.557393856
29538,0.098297332
29539,0.052172331
29540,0.064022084
29541,0.157373048
29542,0.252783295
29543,0.067525638
29544,0.02274815
29545,0.067020035
29546,0.127761228
29547,0.019953758
29548,0.054860648
29549,0.098717197
29550,0.026019856
29551,0.047125437
29552,0.035483466
29553,0.080262843
29554,0.056552187
29555,0.075476894
29556,0.398741552
29557,0.262369446
29558,0.402653917
29559,0.791702017
29560,0.637333475
29561,0.29215467
29562,0.119061187
29563,0.046574059
29564,0.05092585
29565,0.112187871
29566,0.014590226
29567,0.009872207
29568,0.029294854
29569,0.9982052
29570,0.047980421
29571,0.017940111
29572,0.084181195
29573,0.066087169
29574,0.251062836
29575,0.060335489
29576,0.06383613
29577,0.018332325
29578,0.054162914
29579,0.012729617
29580,0.022044559
29581,0.089322028
29582,0.091619412
29583,0.546486856
29584,0.426867367
29585,0.245906908
29586,0.996920436
29587,0.413262263
29588,0.479629454
29589,0.139182327
29590,0.041307585
29591,0.028881654
29592,0.044387086
29593,0.061170136
29594,0.062889715
29595,0.046750748
29596,0.061403161
29597,0.413749943
29598,0.100529468
29599,0.389879853
29600,0.044069027
29601,0.092143755
29602,0.120898887
29603,0.103661672
29604,0.161673762
29605,0.052519801
29606,0.030429899
29607,0.049789283
29608,0.129521803
29609,0.999491853
29610,0.404435147
29611,0.569057618
29612,0.4007658
29613,0.387876378
29614,0.246256848
29615,0.255433936
29616,0.054285877
29617,0.012635861
29618,0.025050428
29619,0.013596675
29620,0.034590214
29621,0.138129615
29622,0.124281814
29623,0.095155994
29624,0.443554266
29625,0.022508608
29626,0.06728749
29627,0.010341238
29628,0.389047065
29629,0.061555868
29630,0.10376936
29631,0.243396264
29632,0.045300686
29633,0.003497208
29634,0.246528786
29635,0.252785684
29636,0.073884087
29637,0.109726162
29638,0.09458982
29639,0.070982844
29640,0.057192085
29641,0.125096009
29642,0.112772444
29643,0.009516736
29644,0.246026875
29645,0.010165938
29646,0.112723932
29647,0.056356476
29648,0.03282934
29649,0.110640615
29650,0.043605832
29651,0.0599027
29652,0.062429893
29653,0.160815584
29654,0.282735818
29655,0.585968386
29656,0.107771423
29657,0.008559615
29658,0.0218223
29659,0.059938315
29660,0.063575443
29661,0.149187674
29662,0.010889274
29663,0.032022891
29664,0.015894431
29665,0.030222231
29666,0.019307026
29667,0.012274523
29668,0.021687393
29669,0.0748776
29670,0.099753303
29671,0.401253491
29672,0.0141582
29673,0.060411504
29674,0.062535973
29675,0.100893971
29676,0.400915903
29677,0.109455222
29678,0.0122982
29679,0.243375006
29680,0.013555009
29681,0.032974436
29682,0.020073018
29683,0.073215177
29684,0.248549545
29685,0.061165906
29686,0.010325391
29687,0.0203093
29688,0.010668073
29689,0.183825681
29690,0.016517042
29691,0.025636695
29692,0.115426922
29693,0.079266864
29694,0.051816534
29695,0.01561377
29696,0.027239174
29697,0.070020807
29698,0.403180723
29699,0.03077975
29700,0.009503996
29701,0.023683876
29702,0.026827271
29703,0.050928069
29704,0.059742385
29705,0.259500314
29706,0.072886915
29707,0.175218362
29708,0.07785194
29709,0.029720139
29710,0.018991148
29711,0.060728166
29712,0.067251293
29713,0.027643862
29714,0.392353697
29715,0.014876014
29716,0.146171398
29717,0.019434131
29718,0.084554236
29719,0.053849935
29720,0.011439971
29721,0.278443568
29722,0.523438957
29723,0.1093289
29724,0.079117972
29725,0.012416782
29726,0.096813619
29727,0.048592374
29728,0.054165045
29729,0.104013921
29730,0.099510869
29731,0.101543392
29732,0.996612425
29733,0.079329809
29734,0.015531481
29735,0.078226342
29736,0.079412284
29737,0.038685267
29738,0.094693054
29739,0.52729523
29740,0.068247887
29741,0.241812086
29742,0.023222929
29743,0.016917818
29744,0.054661843
29745,0.018783677
29746,0.083863152
29747,0.027440095
29748,0.017241033
29749,0.061103244
29750,0.060143863
29751,0.025239497
29752,0.059879927
29753,0.130344366
29754,0.030903364
29755,0.041278573
29756,0.036096815
29757,0.073979
29758,0.119231965
29759,0.020545803
29760,0.052892376
29761,0.99976108
29762,0.069834685
29763,0.096567022
29764,0.059588294
29765,0.042127394
29766,0.051723193
29767,0.049317055
29768,0.015345586
29769,0.012355136
29770,0.397193555
29771,0.027374197
29772,0.006405465
29773,0.004149514
29774,0.008779666
29775,0.008717585
29776,0.015462035
29777,0.056081829
29778,0.100295195
29779,0.024996217
29780,0.010204624
29781,0.109265804
29782,0.052938544
29783,0.020561819
29784,0.060956882
29785,0.388200807
29786,0.021240854
29787,0.028872708
29788,0.003970617
29789,0.060447099
29790,0.008559343
29791,0.037018844
29792,0.146494434
29793,0.071593981
29794,0.012993777
29795,0.015369064
29796,0.062909746
29797,0.24254173
29798,0.092479556
29799,0.070569779
29800,0.075768561
29801,0.026066749
29802,0.055029174
29803,0.016993153
29804,0.067303197
29805,0.27251309
29806,0.410102884
29807,0.007205702
29808,0.030394258
29809,0.014187379
29810,0.009885466
29811,0.01778352
29812,0.012656403
29813,0.020444509
29814,0.014651039
29815,0.015325879
29816,0.02071283
29817,0.056713607
29818,0.061004181
29819,0.118651791
29820,0.005396457
29821,0.14276994
29822,0.008453852
29823,0.275187006
29824,0.011130143
29825,0.025342012
29826,0.028871426
29827,0.008797397
29828,0.020374939
29829,0.01461722
29830,0.028876886
29831,0.009865242
29832,0.005350649
29833,0.009652304
29834,0.008637611
29835,0.080980891
29836,0.003630463
29837,0.029283852
29838,0.05107069
29839,0.014021465
29840,0.053856046
29841,0.01424772
29842,0.011319923
29843,0.009492474
29844,0.113604621
29845,0.028354128
29846,0.04985012
29847,0.004218015
29848,0.008139606
29849,0.030004668
29850,0.017148947
29851,0.081389467
29852,0.011099434
29853,0.00321315
29854,0.383052549
29855,0.068549482
29856,0.064439715
29857,0.067836982
29858,0.072867418
29859,0.021881164
29860,0.01012694
29861,0.089864922
29862,0.107285897
29863,0.159071571
29864,0.017784184
29865,0.036548541
29866,0.032446621
29867,0.020727553
29868,0.022093522
29869,0.031332256
29870,0.008310174
29871,0.075783694
29872,0.063016885
29873,0.265752951
29874,0.017158447
29875,0.02307009
29876,0.004819089
29877,0.016486888
29878,0.058192695
29879,0.02784431
29880,0.025159657
29881,0.016540351
29882,0.031032635
29883,0.007761754
29884,0.009989417
29885,0.030198669
29886,0.267174554
29887,0.239885637
29888,0.020316078
29889,0.089656156
29890,0.021026414
29891,0.009210739
29892,0.030906725
29893,0.066001889
29894,0.055320944
29895,0.05580102
29896,0.027615483
29897,0.049677198
29898,0.041196359
29899,0.049957486
29900,0.106993085
29901,0.045361116
29902,0.151288585
29903,0.045981038
29904,0.105393425
29905,0.266641806
29906,0.405317323
29907,0.054694724
29908,0.265068941
29909,0.068916519
29910,0.283173549
29911,0.086176103
29912,0.262124765
29913,0.069824587
29914,0.035624377
29915,0.125984632
29916,0.014591522
29917,0.033976848
29918,0.016476721
29919,0.264861387
29920,0.037230098
29921,0.612656836
29922,0.253166886
29923,0.052953858
29924,0.261689795
29925,0.010373508
29926,0.057968246
29927,0.029525241
29928,0.110860521
29929,0.265203861
29930,0.57209646
29931,0.530979778
29932,0.05086567
29933,0.075504697
29934,0.150450401
29935,0.155804379
29936,0.006998377
29937,0.008166713
29938,0.071758941
29939,0.053141314
29940,0.067129857
29941,0.090770447
29942,0.0351965
29943,0.424114216
29944,0.238420333
29945,0.39534776
29946,0.554243759
29947,0.131942973
29948,0.50279956
29949,0.073351694
29950,0.188014176
29951,0.075358227
29952,0.054703742
29953,0.032493932
29954,0.082324157
29955,0.097328896
29956,0.119922151
29957,0.093237507
29958,0.029688624
29959,0.047735571
29960,0.068230605
29961,0.273903715
29962,0.047033981
29963,0.083308498
29964,0.080926293
29965,0.087684963
29966,0.037742051
29967,0.048303516
29968,0.030613259
29969,0.265111313
29970,0.06624943
29971,0.167012168
29972,0.064560871
29973,0.04090998
29974,0.004823857
29975,0.46942357
29976,0.1178787
29977,0.013010451
29978,0.077693209
29979,0.186834431
29980,0.296893229
29981,0.092378014
29982,0.056828665
29983,0.015346818
29984,0.015126273
29985,0.040063324
29986,0.009072486
29987,0.126109641
29988,0.057647061
29989,0.081498465
29990,0.076854727
29991,0.283432817
29992,0.299549303
29993,0.015726913
29994,0.411420058
29995,0.048344052
29996,0.03497303
29997,0.270396793
29998,0.026109692
29999,0.051784423
30000,0.011482461
30001,0.24231799
30002,0.051988149
30003,0.025499758
30004,0.255069853
30005,0.52590293
30006,0.101546611
30007,0.023349239
30008,0.028473106
30009,0.054619272
30010,0.077320018
30011,0.011123952
30012,0.028869561
30013,0.132975853
30014,0.146958505
30015,0.090358006
30016,0.100272755
30017,0.067794503
30018,0.005057564
30019,0.009967112
30020,0.030564429
30021,0.034077661
30022,0.024195762
30023,0.032765957
30024,0.110471732
30025,0.054888962
30026,0.237372956
30027,0.022227133
30028,0.035838212
30029,0.025469476
30030,0.02231391
30031,0.013595346
30032,0.024496606
30033,0.054137029
30034,0.022493105
30035,0.076746188
30036,0.521883957
30037,0.389045258
30038,0.047612312
30039,0.055961348
30040,0.097569732
30041,0.07051053
30042,0.014408332
30043,0.068116669
30044,0.014108991
30045,0.011536337
30046,0.024449671
30047,0.258950904
30048,0.027720771
30049,0.023345819
30050,0.029540852
30051,0.251807034
30052,0.071942189
30053,0.237584583
30054,0.24132879
30055,0.395205934
30056,0.09029052
30057,0.057260407
30058,0.019210961
30059,0.050460266
30060,0.04739295
30061,0.237229028
30062,0.057203868
30063,0.534183186
30064,0.113941819
30065,0.024824351
30066,0.117501267
30067,0.067252361
30068,0.059233465
30069,0.026130159
30070,0.015823196
30071,0.072070885
30072,0.034001953
30073,0.022572524
30074,0.022196901
30075,0.083779915
30076,0.053713257
30077,0.082322873
30078,0.068081197
30079,0.102806857
30080,0.406779434
30081,0.502471732
30082,0.074434986
30083,0.028042403
30084,0.074411562
30085,0.015061794
30086,0.051183545
30087,0.028263423
30088,0.064301078
30089,0.067185955
30090,0.117171329
30091,0.052723974
30092,0.107420588
30093,0.056319094
30094,0.063402092
30095,0.032565168
30096,0.022303069
30097,0.150959444
30098,0.010281082
30099,0.061551792
30100,0.033196773
30101,0.009679296
30102,0.021530116
30103,0.040239842
30104,0.062279718
30105,0.075711075
30106,0.239775566
30107,0.076037717
30108,0.400730629
30109,0.24342027
30110,0.234401917
30111,0.008773024
30112,0.103805932
30113,0.048575486
30114,0.047201798
30115,0.081651723
30116,0.02746578
30117,0.052165347
30118,0.04192511
30119,0.050388584
30120,0.075892157
30121,0.035004331
30122,0.063903126
30123,0.024781008
30124,0.074744209
30125,0.018466602
30126,0.03884794
30127,0.12205911
30128,0.07076239
30129,0.23328744
30130,0.472562999
30131,0.105346296
30132,0.101918793
30133,0.070044563
30134,0.069918314
30135,0.096711246
30136,0.085683083
30137,0.057726679
30138,0.010467963
30139,0.027258074
30140,0.284072009
30141,0.079221316
30142,0.07336147
30143,0.062017857
30144,0.074089987
30145,0.018742596
30146,0.017730532
30147,0.020612318
30148,0.048711449
30149,0.295449305
30150,0.061087782
30151,0.047941489
30152,0.099126247
30153,0.611993958
30154,0.075895657
30155,0.020731641
30156,0.25110219
30157,0.057335119
30158,0.264518388
30159,0.281417656
30160,0.063489046
30161,0.048345314
30162,0.07196969
30163,0.09123492
30164,0.155357788
30165,0.04794048
30166,0.128304233
30167,0.075302577
30168,0.068115098
30169,0.017065429
30170,0.008261354
30171,0.014133062
30172,0.020277912
30173,0.053792314
30174,0.070144117
30175,0.015805848
30176,0.10642985
30177,0.122819472
30178,0.234563045
30179,0.078480222
30180,0.032841098
30181,0.111914842
30182,0.180273602
30183,0.404148616
30184,0.063212907
30185,0.051031566
30186,0.020233149
30187,0.077525448
30188,0.547760498
30189,0.040738052
30190,0.12305493
30191,0.405290979
30192,0.262202806
30193,0.020595403
30194,0.010630823
30195,0.011204287
30196,0.050664018
30197,0.048631598
30198,0.414478293
30199,0.408090458
30200,0.008901714
30201,0.103683022
30202,0.082201463
30203,0.135438905
30204,0.140760936
30205,0.114194064
30206,0.189239102
30207,0.396798285
30208,0.076176697
30209,0.021705998
30210,0.059254072
30211,0.093518176
30212,0.054128639
30213,0.286717194
30214,0.968831963
30215,0.063582887
30216,0.443591314
30217,0.016603144
30218,0.054117663
30219,0.41810742
30220,0.003199751
30221,0.05249387
30222,0.078786237
30223,0.017646483
30224,0.05569417
30225,0.004414663
30226,0.404747477
30227,0.26698535
30228,0.091722786
30229,0.396919279
30230,0.12746416
30231,0.276934567
30232,0.402309809
30233,0.390557856
30234,0.158067684
30235,0.110333268
30236,0.120392289
30237,0.986380602
30238,0.440159545
30239,0.397373199
30240,0.025218078
30241,0.144407521
30242,0.073260789
30243,0.009523366
30244,0.052984814
30245,0.00435904
30246,0.008358168
30247,0.008843516
30248,0.02996932
30249,0.060812452
30250,0.092638702
30251,0.080243224
30252,0.094917263
30253,0.087270809
30254,0.236364283
30255,0.24164959
30256,0.021944859
30257,0.09126985
30258,0.417334594
30259,0.059093586
30260,0.994799828
30261,0.925460799
30262,0.564570274
30263,0.006714992
30264,0.029308133
30265,0.017970838
30266,0.102478664
30267,0.441654091
30268,0.082928664
30269,0.016332044
30270,0.064534737
30271,0.011109284
30272,0.051247304
30273,0.064455627
30274,0.050027035
30275,0.011521564
30276,0.395053471
30277,0.018343679
30278,0.046073118
30279,0.090161488
30280,0.098982615
30281,0.047175266
30282,0.045429053
30283,0.234084701
30284,0.236556572
30285,0.028033437
30286,0.235239215
30287,0.105788802
30288,0.104262129
30289,0.98871904
30290,0.851663418
30291,0.591149489
30292,0.25769051
30293,0.017558686
30294,0.008873351
30295,0.391576185
30296,0.093988656
30297,0.172343473
30298,0.045167703
30299,0.107330281
30300,0.020759651
30301,0.111384631
30302,0.108595496
30303,0.124447009
30304,0.176297958
30305,0.529909141
30306,0.429629095
30307,0.237648773
30308,0.127418431
30309,0.080673266
30310,0.068534899
30311,0.088568695
30312,0.053232503
30313,0.03192193
30314,0.15838033
30315,0.155414149
30316,0.061625696
30317,0.113776206
30318,0.022826073
30319,0.97456813
30320,0.996831976
30321,0.99857526
30322,0.118868173
30323,0.057582723
30324,0.399191485
30325,0.012675762
30326,0.383598418
30327,0.030131501
30328,0.016807005
30329,0.017387365
30330,0.073153357
30331,0.095821734
30332,0.062606554
30333,0.380435063
30334,0.999509234
30335,0.072299074
30336,0.089895696
30337,0.074893071
30338,0.14170655
30339,0.062134606
30340,0.398666525
30341,0.239820864
30342,0.02904348
30343,0.075666814
30344,0.094738004
30345,0.108362478
30346,0.053461458
30347,0.023320295
30348,0.265640643
30349,0.395945378
30350,0.24841824
30351,0.074010052
30352,0.03259686
30353,0.09846064
30354,0.012275796
30355,0.07491029
30356,0.166947638
30357,0.029977696
30358,0.052165796
30359,0.052643686
30360,0.061390992
30361,0.054466226
30362,0.409016304
30363,0.76074764
30364,0.279693746
30365,0.164216583
30366,0.116173347
30367,0.137837679
30368,0.130044758
30369,0.543274426
30370,0.080025182
30371,0.028396608
30372,0.051748064
30373,0.028213373
30374,0.137190365
30375,0.144814461
30376,0.233718164
30377,0.453777399
30378,0.273684057
30379,0.248035004
30380,0.998277561
30381,0.12298896
30382,0.018539822
30383,0.130460318
30384,0.259109421
30385,0.024353516
30386,0.046213147
30387,0.481316638
30388,0.087813412
30389,0.039044724
30390,0.038391865
30391,0.048000084
30392,0.234578399
30393,0.390902563
30394,0.262650276
30395,0.475696092
30396,0.296494679
30397,0.129692308
30398,0.139268844
30399,0.386390667
30400,0.021176521
30401,0.162317099
30402,0.075112431
30403,0.051301008
30404,0.420388049
30405,0.274170686
30406,0.052171627
30407,0.52553281
30408,0.278992343
30409,0.006487616
30410,0.076527657
30411,0.113199532
30412,0.074838987
30413,0.050627066
30414,0.00934283
30415,0.006781323
30416,0.032207016
30417,0.046081683
30418,0.0951933
30419,0.079245781
30420,0.118412955
30421,0.401427686
30422,0.660518319
30423,0.512136727
30424,0.284399456
30425,0.560814008
30426,0.094151796
30427,0.073390589
30428,0.061591349
30429,0.137748873
30430,0.412792169
30431,0.071471926
30432,0.026088407
30433,0.070866365
30434,0.137645309
30435,0.023730918
30436,0.041378241
30437,0.103680878
30438,0.026587749
30439,0.046281504
30440,0.020969779
30441,0.023092073
30442,0.034347464
30443,0.086324654
30444,0.058578488
30445,0.063831192
30446,0.412701028
30447,0.266839293
30448,0.402469253
30449,0.763082909
30450,0.641296154
30451,0.412288558
30452,0.237218862
30453,0.038065136
30454,0.024928625
30455,0.048070872
30456,0.121006411
30457,0.014197602
30458,0.031460739
30459,0.999141309
30460,0.047373767
30461,0.017072883
30462,0.241077564
30463,0.060398739
30464,0.239901953
30465,0.05704016
30466,0.053140271
30467,0.016473453
30468,0.050365842
30469,0.02521489
30470,0.081224998
30471,0.08776706
30472,0.519959883
30473,0.39122414
30474,0.23486762
30475,0.983299576
30476,0.421543042
30477,0.507746332
30478,0.140490833
30479,0.045613717
30480,0.029637975
30481,0.053287004
30482,0.054859745
30483,0.051834874
30484,0.035739615
30485,0.063853045
30486,0.436947214
30487,0.117872083
30488,0.38776533
30489,0.04005315
30490,0.08436632
30491,0.111087386
30492,0.12127926
30493,0.160276737
30494,0.052861928
30495,0.043073767
30496,0.045519801
30497,0.133204264
30498,0.999401266
30499,0.390273127
30500,0.578277071
30501,0.402570282
30502,0.393913064
30503,0.144104361
30504,0.241555073
30505,0.070049164
30506,0.025639741
30507,0.011108553
30508,0.013183003
30509,0.053165721
30510,0.029107023
30511,0.115654874
30512,0.129237773
30513,0.081586769
30514,0.279983987
30515,0.033225674
30516,0.072862337
30517,0.273112436
30518,0.060805896
30519,0.092775149
30520,0.403874915
30521,0.047805733
30522,0.234222126
30523,0.25001816
30524,0.076026832
30525,0.10272671
30526,0.098233916
30527,0.080664691
30528,0.054412691
30529,0.122764654
30530,0.108931356
30531,0.056409275
30532,0.00864419
30533,0.245958501
30534,0.091674441
30535,0.053173577
30536,0.035347491
30537,0.115371517
30538,0.037494933
30539,0.06060994
30540,0.069036797
30541,0.163823297
30542,0.419872794
30543,0.561739995
30544,0.114250378
30545,0.009363326
30546,0.016295298
30547,0.066616538
30548,0.073496953
30549,0.160582253
30550,0.033916068
30551,0.018369381
30552,0.034309348
30553,0.016811198
30554,0.012566692
30555,0.030406925
30556,0.077110522
30557,0.080091038
30558,0.404759044
30559,0.015790515
30560,0.016674757
30561,0.05043509
30562,0.069933009
30563,0.098750057
30564,0.389519708
30565,0.11305158
30566,0.008003658
30567,0.239480228
30568,0.029329584
30569,0.017323073
30570,0.06960358
30571,0.13697999
30572,0.049476751
30573,0.020379965
30574,0.009844094
30575,0.27649553
30576,0.032099854
30577,0.010611715
30578,0.017383808
30579,0.032849783
30580,0.116820955
30581,0.075285112
30582,0.050020281
30583,0.019542718
30584,0.029033184
30585,0.069259409
30586,0.277148906
30587,0.036421962
30588,0.020258271
30589,0.026442936
30590,0.050604609
30591,0.067086018
30592,0.26272578
30593,0.086963655
30594,0.261491601
30595,0.08604086
30596,0.029574585
30597,0.016444918
30598,0.054031739
30599,0.075503137
30600,0.028516703
30601,0.379080007
30602,0.021841915
30603,0.263214951
30604,0.018123722
30605,0.078147569
30606,0.063850947
30607,0.012459543
30608,0.282967376
30609,0.508533402
30610,0.234806747
30611,0.073348333
30612,0.084796888
30613,0.041488496
30614,0.052566369
30615,0.115825686
30616,0.091411292
30617,0.084244591
30618,0.992870601
30619,0.02218574
30620,0.076028422
30621,0.017881652
30622,0.076350629
30623,0.086227979
30624,0.021583282
30625,0.040193007
30626,0.098815982
30627,0.526789249
30628,0.073373452
30629,0.235882456
30630,0.025953123
30631,0.069767816
30632,0.019349495
30633,0.071540965
30634,0.024429632
30635,0.020645408
30636,0.053104937
30637,0.058810922
30638,0.030331449
30639,0.019343173
30640,0.068894492
30641,0.013089065
30642,0.143780582
30643,0.04123089
30644,0.036773639
30645,0.07250684
30646,0.095252551
30647,0.018670635
30648,0.022974451
30649,0.045821026
30650,0.999970987
30651,0.072426179
30652,0.118561429
30653,0.057677541
30654,0.054024447
30655,0.05243181
30656,0.047721978
30657,0.011532755
30658,0.016066495
30659,0.276805086
30660,0.028322202
30661,0.004526366
30662,0.004534248
30663,0.00911424
30664,0.007634158
30665,0.018384037
30666,0.046396604
30667,0.108314486
30668,0.249705212
30669,0.04580164
30670,0.048185408
30671,0.386888366
30672,0.017236454
30673,0.023635661
30674,0.007761643
30675,0.025317149
30676,0.009044287
30677,0.050655473
30678,0.006065045
30679,0.041445291
30680,0.256760041
30681,0.081046499
30682,0.012891299
30683,0.016928448
30684,0.008695502
30685,0.073037056
30686,0.234078358
30687,0.090482981
30688,0.070758219
30689,0.086891786
30690,0.024698516
30691,0.061824881
30692,0.017797694
30693,0.067505146
30694,0.258457182
30695,0.15274111
30696,0.009554063
30697,0.016496126
30698,0.009465637
30699,0.027989295
30700,0.009248198
30701,0.018666008
30702,0.022639808
30703,0.008181494
30704,0.023468538
30705,0.05078153
30706,0.062686697
30707,0.108866095
30708,0.135368459
30709,0.00929913
30710,0.280925242
30711,0.008317273
30712,0.027948662
30713,0.007612495
30714,0.029038199
30715,0.0089057
30716,0.009877998
30717,0.017212913
30718,0.019486688
30719,0.014303859
30720,0.026225356
30721,0.009087933
30722,0.008018512
30723,0.082909429
30724,0.04635539
30725,0.01274284
30726,0.046768112
30727,0.017013806
30728,0.012325074
30729,0.015523981
30730,0.008607774
30731,0.128157087
30732,0.032984684
30733,0.050087294
30734,0.00418858
30735,0.034107459
30736,0.016101694
30737,0.080258825
30738,0.01099283
30739,0.002668448
30740,0.38975939
30741,0.071033639
30742,0.069800262
30743,0.069101794
30744,0.075385399
30745,0.019497495
30746,0.009157359
30747,0.10201792
30748,0.015505397
30749,0.134471744
30750,0.147646225
30751,0.017307737
30752,0.03792402
30753,0.037262875
30754,0.030157882
30755,0.026340875
30756,0.007521775
30757,0.03162639
30758,0.011379437
30759,0.072732132
30760,0.052936947
30761,0.029399515
30762,0.007368562
30763,0.166548324
30764,0.018759457
30765,0.023254113
30766,0.025236165
30767,0.003475195
30768,0.01628874
30769,0.069030458
30770,0.019381658
30771,0.034265648
30772,0.033785146
30773,0.010071732
30774,0.038565499
30775,0.393429389
30776,0.238897258
30777,0.008671011
30778,0.016687483
30779,0.103161929
30780,0.013433773
30781,0.01804597
30782,0.038480978
30783,0.056211794
30784,0.029947064
30785,0.051604457
30786,0.058529653
30787,0.014416207
30788,0.030986452
30789,0.075364311
30790,0.065422968
30791,0.049589035
30792,0.108316049
30793,0.053188608
30794,0.445663655
30795,0.046238982
30796,0.114628878
30797,0.438737331
30798,0.422657581
30799,0.025398237
30800,0.270399026
30801,0.098824837
30802,0.458051173
30803,0.086604039
30804,0.147479023
30805,0.063128768
30806,0.01951827
30807,0.242816175
30808,0.005766245
30809,0.043597135
30810,0.017067585
30811,0.437194374
30812,0.03421712
30813,0.709819676
30814,0.285707638
30815,0.047037261
30816,0.280170146
30817,0.013962208
30818,0.023585298
30819,0.020738259
30820,0.052610822
30821,0.012180772
30822,0.048445777
30823,0.11734048
30824,0.448039992
30825,0.604357903
30826,0.611781604
30827,0.049863899
30828,0.085385525
30829,0.134622319
30830,0.432457679
30831,0.066772094
30832,0.05552458
30833,0.067869959
30834,0.242199841
30835,0.030880377
30836,0.476547582
30837,0.249188501
30838,0.266298282
30839,0.62537467
30840,0.12994839
30841,0.026874306
30842,0.533763556
30843,0.073997334
30844,0.183192415
30845,0.063460397
30846,0.061733135
30847,0.035221231
30848,0.079598779
30849,0.096272724
30850,0.127795471
30851,0.244412025
30852,0.031037166
30853,0.04690518
30854,0.09549733
30855,0.277987717
30856,0.047004299
30857,0.067925664
30858,0.078110089
30859,0.127480108
30860,0.05110629
30861,0.022208519
30862,0.07119817
30863,0.160019442
30864,0.077507445
30865,0.424916063
30866,0.069608549
30867,0.039600072
30868,0.022830182
30869,0.013782493
30870,0.015671287
30871,0.515465709
30872,0.108970685
30873,0.075629427
30874,0.430493188
30875,0.279347052
30876,0.010035958
30877,0.095850612
30878,0.063843091
30879,0.017807202
30880,0.010077838
30881,0.085261313
30882,0.072188045
30883,0.092675851
30884,0.280280694
30885,0.421038377
30886,0.253493511
30887,0.054617179
30888,0.024573123
30889,0.440690691
30890,0.024330323
30891,0.055562518
30892,0.010244616
30893,0.069187103
30894,0.047988375
30895,0.022905978
30896,0.28706705
30897,0.556716292
30898,0.140536056
30899,0.019839603
30900,0.028859473
30901,0.057931965
30902,0.07546931
30903,0.021264928
30904,0.010971152
30905,0.132139366
30906,0.178849888
30907,0.111539901
30908,0.110020482
30909,0.074831078
30910,0.008233649
30911,0.037281099
30912,0.029240021
30913,0.02889691
30914,0.032679908
30915,0.115029969
30916,0.053855909
30917,0.255605178
30918,0.025421627
30919,0.042907539
30920,0.029351719
30921,0.018568438
30922,0.015025545
30923,0.02795951
30924,0.043161963
30925,0.072357116
30926,0.491261727
30927,0.278886954
30928,0.05390779
30929,0.05194074
30930,0.111057838
30931,0.072443226
30932,0.018773182
30933,0.067272445
30934,0.024849162
30935,0.26936231
30936,0.025408084
30937,0.022269045
30938,0.027503008
30939,0.086671773
30940,0.071203041
30941,0.444337762
30942,0.43450151
30943,0.433093999
30944,0.069304202
30945,0.05611442
30946,0.018988261
30947,0.057150764
30948,0.053136832
30949,0.251988566
30950,0.048127356
30951,0.547678152
30952,0.104621597
30953,0.024706655
30954,0.126332236
30955,0.047413637
30956,0.055037983
30957,0.026682945
30958,0.010290697
30959,0.077582029
30960,0.011064203
30961,0.027356615
30962,0.018959184
30963,0.02014856
30964,0.09215018
30965,0.055486758
30966,0.074984512
30967,0.065607409
30968,0.106924576
30969,0.441105146
30970,0.510847591
30971,0.072690129
30972,0.027900439
30973,0.088090188
30974,0.016623444
30975,0.045121419
30976,0.004796846
30977,0.092939441
30978,0.065072847
30979,0.126251412
30980,0.065251925
30981,0.133692228
30982,0.051163924
30983,0.062347363
30984,0.033455815
30985,0.017964391
30986,0.021549397
30987,0.14524277
30988,0.057447448
30989,0.031436365
30990,0.020886902
30991,0.038955054
30992,0.062610654
30993,0.06954586
30994,0.115227717
30995,0.099815048
30996,0.289017873
30997,0.248520611
30998,0.249415367
30999,0.011117522
31000,0.100266157
31001,0.011850738
31002,0.052271183
31003,0.007842201
31004,0.049677689
31005,0.064829437
31006,0.029538869
31007,0.046699235
31008,0.04434231
31009,0.013503213
31010,0.048017658
31011,0.075663447
31012,0.028711006
31013,0.060292346
31014,0.022101683
31015,0.034820829
31016,0.073628202
31017,0.015593398
31018,0.052938789
31019,0.136469201
31020,0.06055375
31021,0.251732784
31022,0.514908641
31023,0.105092458
31024,0.10016414
31025,0.080458186
31026,0.071666875
31027,0.076669295
31028,0.083661954
31029,0.052035844
31030,0.28279168
31031,0.075763723
31032,0.07275437
31033,0.057252527
31034,0.075736437
31035,0.019133446
31036,0.026754483
31037,0.021853426
31038,0.020127505
31039,0.049599063
31040,0.301064419
31041,0.05632938
31042,0.045310268
31043,0.106817069
31044,0.648177545
31045,0.081842493
31046,0.018862135
31047,0.263453916
31048,0.060850357
31049,0.267457572
31050,0.2870879
31051,0.070111641
31052,0.021903103
31053,0.049837673
31054,0.071067285
31055,0.093073304
31056,0.245275997
31057,0.056500208
31058,0.278806564
31059,0.081503726
31060,0.006193646
31061,0.069481701
31062,0.009501897
31063,0.015921985
31064,0.02475941
31065,0.052709198
31066,0.069231309
31067,0.019642494
31068,0.119198998
31069,0.11794689
31070,0.244286043
31071,0.072125082
31072,0.029971914
31073,0.104073254
31074,0.138361555
31075,0.446856937
31076,0.058582282
31077,0.054213846
31078,0.029418472
31079,0.08277063
31080,0.523625871
31081,0.051059333
31082,0.117632814
31083,0.462197465
31084,0.273142075
31085,0.019104461
31086,0.012028461
31087,0.038411613
31088,0.060079341
31089,0.416702717
31090,0.444593109
31091,0.010736159
31092,0.104708183
31093,0.104401262
31094,0.275047088
31095,0.138350831
31096,0.105018935
31097,0.174965304
31098,0.415893429
31099,0.092897136
31100,0.021671823
31101,0.054127178
31102,0.114524986
31103,0.057085828
31104,0.190633265
31105,0.946135877
31106,0.065859197
31107,0.464280597
31108,0.015817087
31109,0.047196024
31110,0.274278788
31111,0.015115429
31112,0.052934974
31113,0.072731659
31114,0.020321361
31115,0.045637469
31116,0.481452452
31117,0.274515509
31118,0.089550784
31119,0.269143427
31120,0.123676369
31121,0.270887222
31122,0.464403906
31123,0.424274343
31124,0.265429657
31125,0.130060659
31126,0.120942118
31127,0.985785476
31128,0.477764808
31129,0.469066235
31130,0.020845256
31131,0.116367406
31132,0.078926521
31133,0.021630833
31134,0.026260954
31135,0.009021964
31136,0.048362219
31137,0.006060258
31138,0.006598575
31139,0.009948574
31140,0.032855054
31141,0.066892857
31142,0.106366209
31143,0.095141872
31144,0.105998196
31145,0.093491891
31146,0.23912555
31147,0.246882731
31148,0.028120248
31149,0.102918386
31150,0.422611145
31151,0.017233247
31152,0.062980951
31153,0.997766689
31154,0.981730567
31155,0.596898666
31156,0.004103055
31157,0.026156064
31158,0.123675138
31159,0.425177184
31160,0.091728426
31161,0.070384897
31162,0.028278957
31163,0.01104434
31164,0.055772461
31165,0.068341668
31166,0.042985971
31167,0.013659884
31168,0.428571939
31169,0.015782365
31170,0.043971709
31171,0.111001724
31172,0.100669309
31173,0.046500123
31174,0.049070734
31175,0.435314114
31176,0.241099746
31177,0.022476825
31178,0.238785724
31179,0.130937382
31180,0.11872009
31181,0.983690689
31182,0.831731398
31183,0.56969758
31184,0.019165508
31185,0.241972836
31186,0.023940306
31187,0.008984959
31188,0.438518421
31189,0.095741356
31190,0.184006901
31191,0.054266697
31192,0.126108086
31193,0.018323427
31194,0.116158904
31195,0.109606993
31196,0.122323845
31197,0.157652289
31198,0.533183173
31199,0.458036217
31200,0.239341755
31201,0.117289438
31202,0.095911548
31203,0.057925442
31204,0.098219267
31205,0.057118168
31206,0.029584125
31207,0.022737085
31208,0.143797955
31209,0.151918961
31210,0.082689315
31211,0.129516251
31212,0.021715933
31213,0.976513001
31214,0.999119387
31215,0.996651006
31216,0.120785885
31217,0.047547529
31218,0.140613652
31219,0.465904467
31220,0.028666142
31221,0.007401344
31222,0.015889927
31223,0.01922993
31224,0.071673828
31225,0.100202782
31226,0.056696773
31227,0.44829156
31228,1
31229,0.068469418
31230,0.097066186
31231,0.099750203
31232,0.12677298
31233,0.064583002
31234,0.434738826
31235,0.253453768
31236,0.028339644
31237,0.087351755
31238,0.10585958
31239,0.110921127
31240,0.053652587
31241,0.024774222
31242,0.431564812
31243,0.464135768
31244,0.251105226
31245,0.068848928
31246,0.027412246
31247,0.092130127
31248,0.011269667
31249,0.063618974
31250,0.191369054
31251,0.030686838
31252,0.054928736
31253,0.050436862
31254,0.017651738
31255,0.019818646
31256,0.063493454
31257,0.056127337
31258,0.445243488
31259,0.736981255
31260,0.292777686
31261,0.145612062
31262,0.118087025
31263,0.138988019
31264,0.123585868
31265,0.568669869
31266,0.079937598
31267,0.03923766
31268,0.028895829
31269,0.135263261
31270,0.165203234
31271,0.155515465
31272,0.459285049
31273,0.291969424
31274,0.135043757
31275,0.992987497
31276,0.131965776
31277,0.018866543
31278,0.116739727
31279,0.26298858
31280,0.028974873
31281,0.05276237
31282,0.514194027
31283,0.081724834
31284,0.0372851
31285,0.039206542
31286,0.05450174
31287,0.106597633
31288,0.435738614
31289,0.270251932
31290,0.455269131
31291,0.296105371
31292,0.12087374
31293,0.124334387
31294,0.27286477
31295,0.022977238
31296,0.158639871
31297,0.081782225
31298,0.055375775
31299,0.482034836
31300,0.436136344
31301,0.057977378
31302,0.591500101
31303,0.452196647
31304,0.089280678
31305,0.131729008
31306,0.093530185
31307,0.049940698
31308,0.008711611
31309,0.006971693
31310,0.005810497
31311,0.028549967
31312,0.053290671
31313,0.089697403
31314,0.097636093
31315,0.115565054
31316,0.465867725
31317,0.662607859
31318,0.482591255
31319,0.279198379
31320,0.568936608
31321,0.09475841
31322,0.065994432
31323,0.062651911
31324,0.142476789
31325,0.433732561
31326,0.06960892
31327,0.028149867
31328,0.072786029
31329,0.134745973
31330,0.019137399
31331,0.054363461
31332,0.103350052
31333,0.03318814
31334,0.017919778
31335,0.051781832
31336,0.02299081
31337,0.021292749
31338,0.032313111
31339,0.090843521
31340,0.051168108
31341,0.074303046
31342,0.433787938
31343,0.278289766
31344,0.427272341
31345,0.791104703
31346,0.619633627
31347,0.2559177
31348,0.255018926
31349,0.054818014
31350,0.025899551
31351,0.046435105
31352,0.120046942
31353,0.016766225
31354,1
31355,0.053812297
31356,0.01882065
31357,0.071306572
31358,0.062401588
31359,0.264648045
31360,0.049207232
31361,0.056455829
31362,0.027996766
31363,0.099714971
31364,0.09441574
31365,0.575507591
31366,0.450901063
31367,0.249300374
31368,0.991453199
31369,0.471949906
31370,0.536076967
31371,0.148901371
31372,0.032591716
31373,0.036873779
31374,0.046019738
31375,0.054452453
31376,0.017552024
31377,0.066958706
31378,0.441095586
31379,0.124828497
31380,0.427015715
31381,0.035590969
31382,0.093301984
31383,0.119622057
31384,0.14472542
31385,0.270419731
31386,0.052828275
31387,0.030316514
31388,0.008105973
31389,0.048609963
31390,0.12031208
31391,0.99908997
31392,0.446716357
31393,0.588607496
31394,0.445555831
31395,0.447326422
31396,0.154263042
31397,0.239441533
31398,0.056494236
31399,0.027139922
31400,0.008548804
31401,0.014192179
31402,0.043465537
31403,0.033405598
31404,0.125933969
31405,0.130010385
31406,0.098943553
31407,0.432186309
31408,0.029559431
31409,0.073061096
31410,0.435808972
31411,0.061421595
31412,0.095640674
31413,0.241440333
31414,0.044318031
31415,0.003498405
31416,0.238595954
31417,0.279665793
31418,0.075465451
31419,0.120811675
31420,0.108830459
31421,0.075685184
31422,0.052640752
31423,0.120073435
31424,0.109716703
31425,0.00913262
31426,0.250739237
31427,0.012958475
31428,0.11129466
31429,0.053231218
31430,0.029958096
31431,0.113606549
31432,0.037625949
31433,0.069426032
31434,0.064520152
31435,0.162494639
31436,0.487182582
31437,0.575762928
31438,0.143995962
31439,0.007038249
31440,0.019294384
31441,0.059751986
31442,0.07686633
31443,0.144642526
31444,0.012693727
31445,0.030618952
31446,0.019270588
31447,0.030867109
31448,0.018224907
31449,0.009981857
31450,0.030332916
31451,0.061810182
31452,0.089040862
31453,0.462035641
31454,0.016430644
31455,0.015935031
31456,0.049078544
31457,0.060489423
31458,0.106516481
31459,0.461833392
31460,0.148000065
31461,0.01205722
31462,0.169935432
31463,0.031763261
31464,0.017983229
31465,0.076678535
31466,0.133320051
31467,0.05101766
31468,0.0187126
31469,0.010462456
31470,0.18336069
31471,0.028733297
31472,0.016202452
31473,0.014792914
31474,0.028569297
31475,0.118667909
31476,0.070790052
31477,0.055740809
31478,0.013095129
31479,0.028898731
31480,0.066413483
31481,0.284538365
31482,0.033805367
31483,0.022271059
31484,0.021070533
31485,0.050937838
31486,0.075056544
31487,0.267688385
31488,0.074827374
31489,0.176349072
31490,0.082030075
31491,0.02636811
31492,0.016002295
31493,0.058714666
31494,0.064416843
31495,0.033256726
31496,0.286914282
31497,0.020620742
31498,0.272101278
31499,0.018595498
31500,0.081237904
31501,0.046340112
31502,0.276246764
31503,0.525315327
31504,0.239796288
31505,0.088112524
31506,0.101551796
31507,0.053824292
31508,0.056008586
31509,0.107946376
31510,0.110081331
31511,0.094773459
31512,0.995012015
31513,0.01922074
31514,0.078524587
31515,0.020377286
31516,0.080795221
31517,0.077974677
31518,0.020947393
31519,0.037710132
31520,0.119163828
31521,0.57568279
31522,0.075212742
31523,0.243986032
31524,0.02120712
31525,0.067819442
31526,0.026635321
31527,0.082196199
31528,0.032220388
31529,0.020748993
31530,0.051392204
31531,0.051957089
31532,0.028937633
31533,0.065590626
31534,0.01391956
31535,0.137475083
31536,0.025066192
31537,0.044115782
31538,0.018595563
31539,0.035907652
31540,0.07737184
31541,0.115084796
31542,0.024177302
31543,0.053939331
31544,0.999177998
31545,0.066831044
31546,0.126120477
31547,0.059082859
31548,0.042935901
31549,0.046842326
31550,0.05550688
31551,0.017420375
31552,0.457541268
31553,0.025943125
31554,0.004367431
31555,0.004334134
31556,0.007400047
31557,0.007933629
31558,0.05418115
31559,0.129024682
31560,0.020432469
31561,0.115187813
31562,0.059023988
31563,0.035670847
31564,0.054769283
31565,0.419964013
31566,0.026931391
31567,0.025426016
31568,0.023637958
31569,0.056719766
31570,0.26172099
31571,0.072887301
31572,0.014323548
31573,0.01988148
31574,0.083831852
31575,0.148594477
31576,0.241240732
31577,0.077373805
31578,0.079694005
31579,0.051939247
31580,0.018378884
31581,0.0766952
31582,0.267839794
31583,0.244484933
31584,0.006873431
31585,0.026789278
31586,0.014892847
31587,0.008736012
31588,0.018062066
31589,0.010853612
31590,0.018592563
31591,0.029389761
31592,0.052531819
31593,0.061023907
31594,0.118281858
31595,0.008716344
31596,0.014091229
31597,0.139476568
31598,0.011808231
31599,0.29776484
31600,0.032704609
31601,0.008366092
31602,0.010893074
31603,0.017133716
31604,0.01962067
31605,0.016441713
31606,0.026450582
31607,0.007242492
31608,0.080876547
31609,0.026628302
31610,0.055278191
31611,0.011044558
31612,0.05286829
31613,0.014024151
31614,0.01300642
31615,0.132896368
31616,0.031080861
31617,0.04716411
31618,0.004023685
31619,0.031619477
31620,0.095198174
31621,0.011343963
31622,0.008546202
31623,0.437402537
31624,0.064060775
31625,0.068111286
31626,0.074301716
31627,0.078514676
31628,0.022602139
31629,0.007640557
31630,0.114089483
31631,0.017334344
31632,0.125370514
31633,0.008239393
31634,0.154744077
31635,0.034694741
31636,0.032655857
31637,0.033819693
31638,0.027939526
31639,0.027060603
31640,0.009282357
31641,0.023170294
31642,0.012279845
31643,0.009242832
31644,0.00755641
31645,0.008873373
31646,0.079989311
31647,0.070300937
31648,0.029945117
31649,0.159005648
31650,0.024677217
31651,0.009471846
31652,0.014072259
31653,0.065130818
31654,0.011667389
31655,0.027442123
31656,0.029297403
31657,0.132944107
31658,0.241403808
31659,0.010119312
31660,0.117606698
31661,0.024735219
31662,0.051534812
31663,0.033232709
31664,0.030038591
31665,0.062253857
31666,0.052643568
31667,0.065263307
31668,0.012982311
31669,0.029465612
31670,0.037530811
31671,0.044773463
31672,0.051596398
31673,0.102459268
31674,0.045593695
31675,0.409565434
31676,0.054254445
31677,0.24698914
31678,0.401343748
31679,0.399502025
31680,0.028487659
31681,0.048994972
31682,0.268283386
31683,0.112860698
31684,0.423085951
31685,0.084385409
31686,0.264424771
31687,0.059832424
31688,0.021516517
31689,0.243160196
31690,0.01503208
31691,0.272192918
31692,0.759004255
31693,0.281469106
31694,0.042280824
31695,0.054259075
31696,0.135020412
31697,0.064901508
31698,0.026233778
31699,0.058180873
31700,0.045516511
31701,0.12517461
31702,0.283116603
31703,0.557165877
31704,0.543111497
31705,0.049762321
31706,0.083687203
31707,0.117045016
31708,0.26937283
31709,0.073101594
31710,0.054771149
31711,0.059097213
31712,0.122596186
31713,0.45848907
31714,0.151612361
31715,0.266269688
31716,0.53027868
31717,0.121614337
31718,0.01943488
31719,0.523707928
31720,0.022307945
31721,0.072331072
31722,0.282807429
31723,0.069345421
31724,0.053718469
31725,0.034365129
31726,0.073181347
31727,0.028751959
31728,0.245730637
31729,0.115436713
31730,0.102795077
31731,0.031741205
31732,0.058021158
31733,0.076775011
31734,0.291619326
31735,0.054018343
31736,0.00634362
31737,0.025206142
31738,0.072176839
31739,0.062838767
31740,0.108631136
31741,0.033048885
31742,0.039929423
31743,0.053527296
31744,0.020951584
31745,0.297198427
31746,0.069425693
31747,0.406367673
31748,0.026136078
31749,0.061631167
31750,0.044306001
31751,0.008582245
31752,0.013612102
31753,0.488485701
31754,0.125918282
31755,0.096997137
31756,0.46048594
31757,0.460813397
31758,0.008515171
31759,0.089387006
31760,0.060541141
31761,0.020210379
31762,0.025001696
31763,0.042893214
31764,0.079724754
31765,0.074079608
31766,0.095762238
31767,0.440508049
31768,0.455383635
31769,0.258014708
31770,0.058308214
31771,0.00839747
31772,0.028794459
31773,0.026815072
31774,0.036113141
31775,0.403140186
31776,0.01977855
31777,0.053232539
31778,0.01015033
31779,0.059772988
31780,0.059248637
31781,0.291808411
31782,0.549089233
31783,0.143836968
31784,0.021568387
31785,0.054248225
31786,0.077708314
31787,0.030694293
31788,0.00885414
31789,0.140345057
31790,0.260081172
31791,0.088696397
31792,0.108538403
31793,0.063751026
31794,0.010155054
31795,0.026222141
31796,0.033894207
31797,0.033198707
31798,0.023534194
31799,0.123708481
31800,0.056444097
31801,0.251463963
31802,0.020220055
31803,0.044668312
31804,0.024421164
31805,0.019342628
31806,0.019822917
31807,0.021301929
31808,0.050055515
31809,0.007257005
31810,0.023448077
31811,0.075324101
31812,0.459568882
31813,0.395608022
31814,0.056520332
31815,0.04653924
31816,0.039980496
31817,0.121687009
31818,0.066190458
31819,0.019554128
31820,0.069265106
31821,0.014790058
31822,0.024108514
31823,0.261199731
31824,0.025766025
31825,0.025289598
31826,0.031198068
31827,0.06773309
31828,0.069864949
31829,0.415342987
31830,0.244744194
31831,0.241561525
31832,0.074835162
31833,0.053297685
31834,0.018483916
31835,0.051976235
31836,0.055097459
31837,0.386861311
31838,0.062890734
31839,0.5812202
31840,0.116829551
31841,0.011022838
31842,0.124092641
31843,0.053602625
31844,0.058400425
31845,0.024010767
31846,0.00984479
31847,0.072558531
31848,0.017794631
31849,0.021192648
31850,0.087996698
31851,0.057386829
31852,0.081882225
31853,0.067318161
31854,0.097577562
31855,0.235747407
31856,0.458390256
31857,0.070742621
31858,0.028071213
31859,0.080115441
31860,0.015822511
31861,0.053716249
31862,0.086112761
31863,0.07881424
31864,0.130732295
31865,0.053116251
31866,0.119929707
31867,0.05332154
31868,0.057769608
31869,0.037815853
31870,0.019187903
31871,0.145359518
31872,0.008698141
31873,0.031530819
31874,0.069593599
31875,0.030648136
31876,0.010336765
31877,0.007999426
31878,0.022551852
31879,0.038390414
31880,0.061409648
31881,0.066929485
31882,0.124963961
31883,0.089189896
31884,0.403038756
31885,0.382510321
31886,0.240227557
31887,0.016720828
31888,0.107339961
31889,0.009531255
31890,0.053291769
31891,0.055091592
31892,0.082602159
31893,0.032372942
31894,0.062969336
31895,0.045992876
31896,0.014927504
31897,0.054113759
31898,0.07940109
31899,0.038367241
31900,0.061356864
31901,0.005747874
31902,0.023624684
31903,0.02642014
31904,0.018749948
31905,0.066699988
31906,0.012908989
31907,0.051195735
31908,0.135635949
31909,0.061978103
31910,0.131798147
31911,0.461356011
31912,0.115239892
31913,0.111851797
31914,0.074704224
31915,0.084757215
31916,0.085127788
31917,0.082021007
31918,0.051760006
31919,0.023471812
31920,0.288184341
31921,0.075522674
31922,0.067519397
31923,0.063704937
31924,0.08704479
31925,0.025121621
31926,0.021391069
31927,0.026970378
31928,0.049769518
31929,0.2949999
31930,0.073198756
31931,0.052370459
31932,0.116810854
31933,0.709157631
31934,0.084791063
31935,0.017118296
31936,0.265067985
31937,0.059305434
31938,0.175849866
31939,0.288052475
31940,0.065521
31941,0.025632734
31942,0.052379732
31943,0.081648831
31944,0.090521309
31945,0.152390695
31946,0.060183533
31947,0.139843603
31948,0.087966591
31949,0.006889482
31950,0.067202897
31951,0.015498902
31952,0.0138636
31953,0.022548301
31954,0.06695424
31955,0.0661733
31956,0.020962956
31957,0.117805827
31958,0.124907802
31959,0.245268718
31960,0.08054527
31961,0.032383816
31962,0.106019848
31963,0.273297015
31964,0.266542112
31965,0.061240479
31966,0.04962978
31967,0.02161738
31968,0.069305504
31969,0.54483195
31970,0.046911956
31971,0.130829242
31972,0.450242567
31973,0.266858723
31974,0.012131365
31975,0.010063255
31976,0.012358677
31977,0.037230303
31978,0.044007909
31979,0.3984612
31980,0.396050294
31981,0.104119012
31982,0.087619056
31983,0.253682742
31984,0.24235919
31985,0.11898009
31986,0.159803484
31987,0.439829111
31988,0.081103979
31989,0.059067164
31990,0.118084573
31991,0.051985243
31992,0.23927586
31993,0.94635908
31994,0.005508501
31995,0.07130835
31996,0.427295473
31997,0.013812439
31998,0.056895296
31999,0.275274834
32000,0.014930134
32001,0.012694029
32002,0.04806805
32003,0.072822982
32004,0.019607756
32005,0.049664191
32006,0.00411246
32007,0.461856634
32008,0.055677739
32009,0.087905018
32010,0.397405287
32011,0.120094482
32012,0.185759925
32013,0.46059829
32014,0.398541636
32015,0.193276911
32016,0.108865582
32017,0.1188482
32018,0.966930006
32019,0.435566526
32020,0.449446005
32021,0.005723017
32022,0.024758135
32023,0.24323351
32024,0.016583029
32025,0.079781051
32026,0.021343315
32027,0.009990261
32028,0.052446534
32029,0.010541867
32030,0.031981644
32031,0.067176041
32032,0.098752328
32033,0.095526342
32034,0.095460046
32035,0.103110122
32036,0.259580229
32037,0.278658795
32038,0.102677172
32039,0.256956188
32040,0.019974026
32041,0.058992935
32042,0.988837834
32043,0.964899066
32044,0.577112971
32045,0.006395189
32046,0.016152946
32047,0.129198168
32048,0.461796465
32049,0.087338548
32050,0.078428735
32051,0.028901699
32052,0.052785747
32053,0.063391461
32054,0.053647175
32055,0.012114791
32056,0.429244751
32057,0.016173618
32058,0.047650949
32059,0.089033008
32060,0.102586952
32061,0.049789778
32062,0.048743033
32063,0.389841179
32064,0.246629771
32065,0.027567713
32066,0.256246533
32067,0.12589651
32068,0.108045084
32069,0.992024111
32070,0.860611403
32071,0.518575761
32072,0.079014908
32073,0.023794742
32074,0.006997543
32075,0.468185893
32076,0.096516535
32077,0.300884936
32078,0.05172391
32079,0.109769595
32080,0.022855827
32081,0.133587131
32082,0.102649138
32083,0.120511449
32084,0.167389455
32085,0.516979283
32086,0.460285298
32087,0.263580381
32088,0.114341449
32089,0.084865216
32090,0.055442028
32091,0.097409372
32092,0.046286497
32093,0.035821698
32094,0.243466223
32095,0.145492151
32096,0.071340146
32097,0.122978237
32098,0.026319235
32099,0.976743521
32100,0.998925959
32101,0.995952296
32102,0.119361342
32103,0.044597947
32104,0.243742003
32105,0.468442298
32106,0.023946445
32107,0.018070431
32108,0.014449218
32109,0.061532985
32110,0.091133151
32111,0.044362649
32112,0.421355714
32113,0.999628227
32114,0.074975182
32115,0.113437852
32116,0.08789997
32117,0.120818684
32118,0.065767539
32119,0.244594204
32120,0.254890418
32121,0.019246999
32122,0.09632279
32123,0.096377806
32124,0.118690928
32125,0.058796527
32126,0.023079607
32127,0.459853863
32128,0.442674266
32129,0.256803763
32130,0.064437251
32131,0.035216693
32132,0.083824013
32133,0.010691788
32134,0.066201796
32135,0.30197181
32136,0.029304002
32137,0.047551833
32138,0.054783135
32139,0.016810476
32140,0.026474728
32141,0.067305142
32142,0.054680873
32143,0.409224138
32144,0.808896736
32145,0.283135228
32146,0.148796946
32147,0.10251637
32148,0.141889749
32149,0.119276539
32150,0.546778225
32151,0.075405004
32152,0.023652544
32153,0.049247362
32154,0.031196272
32155,0.140387013
32156,0.171481615
32157,0.162028563
32158,0.465200343
32159,0.442718175
32160,0.126789765
32161,0.998662918
32162,0.132611714
32163,0.016477905
32164,0.263400733
32165,0.173832665
32166,0.028622265
32167,0.054893438
32168,0.486792832
32169,0.079692556
32170,0.037822323
32171,0.034967792
32172,0.055097525
32173,0.095563981
32174,0.422389263
32175,0.428870942
32176,0.501716008
32177,0.454782748
32178,0.126198977
32179,0.130638063
32180,0.448488504
32181,0.022966083
32182,0.167049149
32183,0.082427741
32184,0.048668546
32185,0.475680861
32186,0.275400657
32187,0.044020813
32188,0.508174867
32189,0.274910131
32190,0.090775865
32191,0.10169065
32192,0.094620178
32193,0.051266106
32194,0.009157883
32195,0.034888653
32196,0.049692472
32197,0.092040727
32198,0.083502943
32199,0.106171442
32200,0.434137963
32201,0.670327219
32202,0.47372396
32203,0.43141578
32204,0.553140007
32205,0.098395643
32206,0.05669208
32207,0.068336807
32208,0.247343597
32209,0.390593115
32210,0.070523995
32211,0.027229967
32212,0.064951401
32213,0.129497622
32214,0.019866464
32215,0.054644858
32216,0.09110426
32217,0.024972881
32218,0.023663209
32219,0.025595071
32220,0.033481319
32221,0.086812116
32222,0.051934206
32223,0.076943766
32224,0.392092291
32225,0.295358993
32226,0.397559386
32227,0.759242762
32228,0.653046942
32229,0.471555458
32230,0.243523315
32231,0.004831759
32232,0.053033031
32233,0.032322079
32234,0.048569971
32235,0.12677709
32236,0.013925542
32237,0.025753234
32238,0.999764835
32239,0.050522122
32240,0.015318646
32241,0.090461863
32242,0.058364307
32243,0.101243157
32244,0.036749682
32245,0.055721327
32246,0.019453071
32247,0.051160967
32248,0.02618301
32249,0.09558594
32250,0.106333337
32251,0.572912067
32252,0.432410356
32253,0.250891791
32254,0.986571038
32255,0.479679515
32256,0.524696091
32257,0.138776367
32258,0.042500153
32259,0.035923162
32260,0.038778878
32261,0.051625903
32262,0.0511726
32263,0.040646196
32264,0.061450173
32265,0.450072805
32266,0.100095392
32267,0.400610985
32268,0.034401379
32269,0.095589055
32270,0.125256978
32271,0.137692602
32272,0.165904673
32273,0.056210735
32274,0.046288623
32275,0.049131233
32276,0.118874193
32277,0.999115045
32278,0.440206012
32279,0.609131947
32280,0.416092593
32281,0.45842652
32282,0.132714409
32283,0.248930698
32284,0.055013397
32285,0.025965001
32286,0.013468211
32287,0.04438394
32288,0.030271196
32289,0.153647463
32290,0.117958111
32291,0.107888101
32292,0.282719187
32293,0.034931591
32294,0.064973437
32295,0.391716579
32296,0.059457359
32297,0.148699219
32298,0.009266512
32299,0.010679214
32300,0.104423248
32301,0.423581771
32302,0.04672172
32303,0.241720737
32304,0.134840453
32305,0.077687699
32306,0.109691999
32307,0.10434169
32308,0.078244647
32309,0.045016229
32310,0.119338039
32311,0.121837892
32312,0.052278578
32313,0.007550821
32314,0.252743956
32315,0.010685923
32316,0.110511882
32317,0.057568779
32318,0.032079305
32319,0.126905751
32320,0.034809938
32321,0.068974134
32322,0.006618083
32323,0.068399304
32324,0.163136608
32325,0.476089625
32326,0.577724086
32327,0.152008904
32328,0.021509671
32329,0.022682202
32330,0.064811889
32331,0.01623611
32332,0.07471301
32333,0.243301493
32334,0.013970446
32335,0.033369845
32336,0.01298204
32337,0.023690677
32338,0.019395899
32339,0.029661378
32340,0.070990611
32341,0.085042665
32342,0.466378234
32343,0.011243732
32344,0.014749667
32345,0.052365965
32346,0.061840273
32347,0.110628933
32348,0.426433828
32349,0.136667745
32350,0.009683495
32351,0.246445772
32352,0.031106746
32353,0.073207778
32354,0.153431938
32355,0.065140091
32356,0.009837612
32357,0.018652742
32358,0.008742999
32359,0.276061768
32360,0.036146825
32361,0.013500513
32362,0.019593257
32363,0.023910479
32364,0.113330392
32365,0.076578234
32366,0.049527121
32367,0.015882295
32368,0.023681788
32369,0.067727641
32370,0.272659562
32371,0.02975515
32372,0.014746275
32373,0.024751755
32374,0.055926189
32375,0.069735076
32376,0.257386058
32377,0.07999502
32378,0.262300184
32379,0.107503017
32380,0.031401387
32381,0.013033531
32382,0.051370541
32383,0.059239771
32384,0.033562696
32385,0.426391015
32386,0.016970644
32387,0.140806296
32388,0.014163682
32389,0.080276351
32390,0.058178198
32391,0.009815827
32392,0.302000235
32393,0.543627424
32394,0.241968476
32395,0.093921381
32396,0.106624115
32397,0.053577651
32398,0.053759486
32399,0.129427489
32400,0.092316418
32401,0.097791673
32402,0.998227977
32403,0.020794081
32404,0.079965924
32405,0.016858975
32406,0.090400848
32407,0.083864122
32408,0.013328526
32409,0.145711792
32410,0.496402248
32411,0.066049984
32412,0.246041303
32413,0.023981136
32414,0.07377125
32415,0.020252302
32416,0.089183622
32417,0.025435213
32418,0.004401649
32419,0.02303586
32420,0.057484142
32421,0.057539042
32422,0.023886081
32423,0.018411294
32424,0.062408718
32425,0.155062571
32426,0.030361585
32427,0.041942056
32428,0.013286412
32429,0.029154734
32430,0.079893641
32431,0.103125753
32432,0.024980661
32433,0.021027939
32434,0.050790069
32435,0.999690945
32436,0.074216882
32437,0.137628047
32438,0.065377979
32439,0.052770404
32440,0.053135588
32441,0.056103477
32442,0.010088553
32443,0.014372307
32444,0.435258983
32445,0.03267323
32446,0.016691153
32447,0.250921156
32448,0.027066178
32449,0.124041663
32450,0.050611132
32451,0.027446591
32452,0.054383124
32453,0.406541306
32454,0.025321262
32455,0.026354534
32456,0.027176677
32457,0.061386766
32458,0.009635371
32459,0.042254889
32460,0.410553176
32461,0.079858636
32462,0.018162973
32463,0.077871164
32464,0.135739558
32465,0.099541193
32466,0.072566832
32467,0.087411018
32468,0.024482371
32469,0.065915669
32470,0.016152923
32471,0.073069181
32472,0.27162419
32473,0.243147705
32474,0.030328519
32475,0.012807575
32476,0.008812118
32477,0.016002313
32478,0.009394727
32479,0.021775081
32480,0.055507222
32481,0.058620463
32482,0.125291376
32483,0.003557377
32484,0.133194308
32485,0.009158795
32486,0.285631432
32487,0.00989324
32488,0.023656545
32489,0.007868544
32490,0.030556828
32491,0.008683148
32492,0.016865231
32493,0.02317536
32494,0.005999879
32495,0.012720465
32496,0.02738143
32497,0.007341009
32498,0.029617987
32499,0.047465691
32500,0.010740928
32501,0.059081193
32502,0.01102786
32503,0.006895385
32504,0.142436159
32505,0.030129594
32506,0.058932544
32507,0.03301372
32508,0.021254019
32509,0.08443237
32510,0.010786676
32511,0.002980326
32512,0.00936969
32513,0.291181165
32514,0.07910778
32515,0.083563263
32516,0.080654813
32517,0.02014298
32518,0.076071996
32519,0.020123578
32520,0.010821624
32521,0.106134242
32522,0.014538364
32523,0.123930901
32524,0.167693365
32525,0.031251224
32526,0.03130197
32527,0.029588339
32528,0.030059018
32529,0.026979635
32530,0.01435517
32531,0.005538605
32532,0.011679871
32533,0.005457509
32534,0.00827064
32535,0.030810286
32536,0.008884765
32537,0.006426672
32538,0.005990463
32539,0.093354815
32540,0.062901439
32541,0.004800835
32542,0.161851743
32543,0.02546584
32544,0.009266193
32545,0.018835328
32546,0.057265851
32547,0.018202197
32548,0.030189806
32549,0.030895275
32550,0.008693848
32551,0.008740085
32552,0.036291095
32553,0.277900201
32554,0.250229879
32555,0.113863093
32556,0.012620341
32557,0.020296629
32558,0.006504312
32559,0.055569113
32560,0.033640544
32561,0.037763078
32562,0.029843558
32563,0.026409259
32564,0.041353613
32565,0.070790041
32566,0.034103005
32567,0.041711593
32568,0.07456797
32569,0.075124118
32570,0.118884936
32571,0.069036907
32572,0.043326453
32573,0.036543526
32574,0.385537007
32575,0.055064541
32576,0.122654817
32577,0.048812976
32578,0.263537356
32579,0.402079276
32580,0.022857744
32581,0.04739955
32582,0.265806315
32583,0.104152905
32584,0.451453461
32585,0.090272404
32586,0.3865142
32587,0.116366718
32588,0.164339348
32589,0.750862569
32590,0.151523486
32591,0.063898773
32592,0.059745529
32593,0.290556067
32594,0.069644049
32595,0.026593392
32596,0.054685839
32597,0.01754268
32598,0.053284047
32599,0.118310145
32600,0.281791252
32601,0.576475432
32602,0.545152316
32603,0.045730516
32604,0.086407709
32605,0.126655687
32606,0.164727377
32607,0.072424802
32608,0.049517824
32609,0.069260363
32610,0.107814967
32611,0.026220222
32612,0.439538606
32613,0.151327673
32614,0.269887369
32615,0.558407708
32616,0.121820714
32617,0.022681402
32618,0.489363519
32619,0.081365327
32620,0.299483238
32621,0.0641856
32622,0.056813805
32623,0.04297398
32624,0.090861913
32625,0.08848775
32626,0.241149848
32627,0.258853809
32628,0.03362979
32629,0.044769406
32630,0.092352964
32631,0.290757243
32632,0.047599944
32633,0.034875695
32634,0.075485859
32635,0.073835583
32636,0.106287007
32637,0.031548582
32638,0.042563444
32639,0.006841776
32640,0.057318405
32641,0.073631901
32642,0.273638855
32643,0.077942042
32644,0.39240996
32645,0.064749907
32646,0.040735176
32647,0.026850155
32648,0.011594361
32649,0.498030899
32650,0.12065242
32651,0.09016088
32652,0.460542175
32653,0.480852752
32654,0.094709913
32655,0.058602379
32656,0.017463785
32657,0.0137185
32658,0.042605585
32659,0.076987288
32660,0.249528222
32661,0.282723128
32662,0.445238547
32663,0.25479518
32664,0.053303381
32665,0.029968877
32666,0.023873247
32667,0.037425489
32668,0.281021876
32669,0.021809712
32670,0.054659838
32671,0.00950626
32672,0.015529071
32673,0.069217424
32674,0.060633283
32675,0.031191389
32676,0.296702142
32677,0.565058969
32678,0.139549568
32679,0.028078504
32680,0.05600492
32681,0.076084359
32682,0.029676828
32683,0.145251073
32684,0.186904351
32685,0.114391104
32686,0.11404252
32687,0.072463296
32688,0.032427196
32689,0.028453038
32690,0.03385493
32691,0.122152616
32692,0.061980588
32693,0.244347262
32694,0.022541189
32695,0.045317028
32696,0.027261177
32697,0.017368548
32698,0.014168335
32699,0.02293908
32700,0.051628586
32701,0.025289775
32702,0.082297542
32703,0.439125314
32704,0.390664056
32705,0.058105309
32706,0.052163007
32707,0.128977774
32708,0.07098364
32709,0.015439126
32710,0.066414149
32711,0.017931922
32712,0.031373202
32713,0.270366391
32714,0.024732117
32715,0.020783765
32716,0.033015779
32717,0.073848328
32718,0.069904344
32719,0.404346719
32720,0.389717747
32721,0.388361215
32722,0.083353827
32723,0.055243431
32724,0.019703029
32725,0.054676354
32726,0.057331795
32727,0.246440321
32728,0.049213113
32729,0.528195602
32730,0.107310672
32731,0.02516674
32732,0.12159614
32733,0.054544648
32734,0.060793202
32735,0.021923933
32736,0.010029199
32737,0.076436155
32738,0.022836819
32739,0.022159474
32740,0.083223565
32741,0.053645191
32742,0.252113519
32743,0.064142568
32744,0.110207644
32745,0.239084647
32746,0.494665246
32747,0.078119189
32748,0.026722845
32749,0.082317316
32750,0.015448529
32751,0.051425899
32752,0.02695751
32753,0.008574705
32754,0.082695861
32755,0.061123526
32756,0.129247466
32757,0.052990963
32758,0.115189617
32759,0.045919785
32760,0.058282805
32761,0.04207421
32762,0.018278092
32763,0.151723854
32764,0.06609278
32765,0.036889737
32766,0.014913043
32767,0.019673165
32768,0.050836021
32769,0.062445516
32770,0.063434212
32771,0.134097339
32772,0.115492757
32773,0.41660825
32774,0.245305453
32775,0.250376768
32776,0.011421735
32777,0.090557977
32778,0.058300426
32779,0.054023434
32780,0.093800811
32781,0.054665639
32782,0.049160219
32783,0.011891261
32784,0.064806924
32785,0.083036722
32786,0.039956755
32787,0.057514568
32788,0.006530366
32789,0.078767964
32790,0.012323339
32791,0.0493522
32792,0.139327291
32793,0.062364879
32794,0.13316439
32795,0.480410413
32796,0.108915197
32797,0.256341972
32798,0.076350161
32799,0.071855545
32800,0.076714989
32801,0.082058326
32802,0.051860717
32803,0.008361374
32804,0.021716077
32805,0.276497204
32806,0.075979359
32807,0.069644508
32808,0.059912211
32809,0.083167605
32810,0.028729641
32811,0.019502343
32812,0.023596925
32813,0.054140892
32814,0.455912727
32815,0.068698763
32816,0.05559936
32817,0.098280238
32818,0.747736771
32819,0.093821277
32820,0.014470791
32821,0.241104638
32822,0.065591457
32823,0.163611624
32824,0.287909378
32825,0.068312864
32826,0.019893281
32827,0.055490008
32828,0.097291389
32829,0.098741581
32830,0.25421681
32831,0.058964228
32832,0.276621958
32833,0.085981387
32834,0.006101122
32835,0.062150347
32836,0.019653415
32837,0.075878149
32838,0.065664705
32839,0.01892359
32840,0.121942707
32841,0.110327985
32842,0.238307742
32843,0.085505711
32844,0.037632091
32845,0.089568184
32846,0.126261224
32847,0.266252345
32848,0.063586841
32849,0.007819731
32850,0.054113831
32851,0.023180384
32852,0.067446222
32853,0.531221259
32854,0.040401063
32855,0.134054091
32856,0.430401643
32857,0.26138251
32858,0.009897255
32859,0.020342825
32860,0.011693441
32861,0.054990579
32862,0.050187951
32863,0.392589757
32864,0.389644305
32865,0.103293816
32866,0.089525185
32867,0.137281682
32868,0.120140278
32869,0.106528984
32870,0.152651655
32871,0.410605811
32872,0.086827268
32873,0.064985334
32874,0.12464222
32875,0.059278707
32876,0.185878364
32877,0.918706208
32878,0.074954565
32879,0.421538598
32880,0.016315779
32881,0.054103883
32882,0.266484921
32883,0.012232244
32884,0.077519056
32885,0.080558847
32886,0.01690924
32887,0.046679933
32888,0.460443836
32889,0.058784672
32890,0.089277472
32891,0.390120333
32892,0.113742397
32893,0.157435246
32894,0.429377786
32895,0.231218132
32896,0.02613877
32897,0.194388398
32898,0.106962187
32899,0.107457565
32900,0.963172128
32901,0.48805184
32902,0.495163996
32903,0.019041926
32904,0.240951833
32905,0.090417177
32906,0.035475532
32907,0.023351495
32908,0.009987375
32909,0.010846682
32910,0.049859701
32911,0.012916462
32912,0.027101908
32913,0.068023412
32914,0.101642444
32915,0.092879552
32916,0.101894512
32917,0.08875151
32918,0.25223565
32919,0.261453565
32920,0.030193722
32921,0.104471583
32922,0.26377911
32923,0.018930198
32924,0.067279963
32925,0.979516837
32926,0.964679527
32927,0.53443078
32928,0.006884827
32929,0.020837863
32930,0.123013027
32931,0.443666032
32932,0.095681769
32933,0.077507472
32934,0.053231017
32935,0.070888228
32936,0.05384856
32937,0.012952117
32938,0.420183485
32939,0.017156016
32940,0.04886235
32941,0.103144944
32942,0.101183709
32943,0.045076492
32944,0.051329331
32945,0.388423203
32946,0.243962609
32947,0.028796866
32948,0.13362912
32949,0.112707424
32950,0.108186361
32951,0.993770332
32952,0.832229847
32953,0.532054791
32954,0.008180419
32955,0.016393966
32956,0.094334264
32957,0.023274247
32958,0.444311462
32959,0.107636226
32960,0.280616313
32961,0.05522274
32962,0.101096514
32963,0.018199567
32964,0.109926238
32965,0.105981892
32966,0.249945347
32967,0.174253665
32968,0.507297107
32969,0.478023481
32970,0.247111833
32971,0.113975866
32972,0.082649864
32973,0.066067661
32974,0.091589477
32975,0.05093833
32976,0.035332868
32977,0.128732411
32978,0.145098451
32979,0.071824088
32980,0.125614648
32981,0.022695639
32982,0.989050508
32983,0.999588259
32984,0.999170302
32985,0.118839931
32986,0.059414469
32987,0.23700836
32988,0.411594652
32989,0.029284009
32990,0.017835819
32991,0.014995258
32992,0.069299806
32993,0.093488617
32994,0.054695246
32995,0.420547651
32996,0.999205436
32997,0.066207993
32998,0.106030146
32999,0.079146259
33000,0.126919922
33001,0.064333169
33002,0.260820599
33003,0.264050251
33004,0.088714856
33005,0.090047377
33006,0.111536318
33007,0.061624628
33008,0.028493554
33009,0.443670952
33010,0.443336176
33011,0.254771846
33012,0.067841114
33013,0.031845394
33014,0.085044485
33015,0.072666999
33016,0.168350037
33017,0.031624781
33018,0.05031608
33019,0.046469986
33020,0.019057825
33021,0.058024226
33022,0.052419956
33023,0.395780885
33024,0.74952263
33025,0.276869224
33026,0.140289589
33027,0.109034699
33028,0.134053826
33029,0.125200559
33030,0.553414696
33031,0.079139669
33032,0.029490739
33033,0.038817507
33034,0.032003105
33035,0.13425034
33036,0.177409868
33037,0.144173055
33038,0.468949227
33039,0.270156044
33040,0.125688875
33041,0.999256929
33042,0.250791311
33043,0.239973769
33044,0.254160202
33045,0.026269647
33046,0.054498306
33047,0.478380241
33048,0.077044538
33049,0.045451425
33050,0.042675549
33051,0.061157787
33052,0.10835512
33053,0.409225295
33054,0.434355098
33055,0.276294127
33056,0.473311193
33057,0.118351952
33058,0.143811979
33059,0.433687008
33060,0.025593516
33061,0.143289257
33062,0.075022262
33063,0.056897017
33064,0.460048123
33065,0.277230836
33066,0.054919821
33067,0.530300893
33068,0.397156876
33069,0.098284017
33070,0.112557617
33071,0.086956406
33072,0.011408895
33073,0.012370444
33074,0.031741452
33075,0.048475596
33076,0.098917059
33077,0.090338752
33078,0.121828432
33079,0.473017463
33080,0.674127447
33081,0.448808869
33082,0.281222953
33083,0.573322895
33084,0.10083968
33085,0.067752455
33086,0.06370165
33087,0.140827113
33088,0.382227509
33089,0.072788439
33090,0.027004815
33091,0.071387579
33092,0.125023168
33093,0.017981458
33094,0.058042188
33095,0.081637483
33096,0.026361189
33097,0.016234146
33098,0.088953728
33099,0.05100696
33100,0.072745785
33101,0.387195361
33102,0.28356581
33103,0.390555581
33104,0.828860765
33105,0.657580938
33106,0.279488122
33107,0.240110854
33108,0.057534153
33109,0.021784435
33110,0.057093842
33111,0.124516004
33112,0.035163122
33113,1
33114,0.062751674
33115,0.017276533
33116,0.079331797
33117,0.060989414
33118,0.105845965
33119,0.050381493
33120,0.060692789
33121,0.018955542
33122,0.059810323
33123,0.014849474
33124,0.016202652
33125,0.021471684
33126,0.093270935
33127,0.087447206
33128,0.572098909
33129,0.426670938
33130,0.379610582
33131,0.999041736
33132,0.488677963
33133,0.512957445
33134,0.141374188
33135,0.04527174
33136,0.028010931
33137,0.055288925
33138,0.051227596
33139,0.065674801
33140,0.04324129
33141,0.066962471
33142,0.449813129
33143,0.117838544
33144,0.400402958
33145,0.052262026
33146,0.100780094
33147,0.134749552
33148,0.138232636
33149,0.253192984
33150,0.053104697
33151,0.030925503
33152,0.04416265
33153,0.136476805
33154,0.997122688
33155,0.385641904
33156,0.622750248
33157,0.40444351
33158,0.268934675
33159,0.144608503
33160,0.249129934
33161,0.039173769
33162,0.025058198
33163,0.054338984
33164,0.034810249
33165,0.126068581
33166,0.121831016
33167,0.093666058
33168,0.280668886
33169,0.029955489
33170,0.07120674
33171,0.268222072
33172,0.066084674
33173,0.009649652
33174,0.116185203
33175,0.406336941
33176,0.046909506
33177,0.40310812
33178,0.130265647
33179,0.071853633
33180,0.110780002
33181,0.093905217
33182,0.079585051
33183,0.049102696
33184,0.130694606
33185,0.126945594
33186,0.051977816
33187,0.028884935
33188,0.127027906
33189,0.010263497
33190,0.113967608
33191,0.045171732
33192,0.038423785
33193,0.113406727
33194,0.039651582
33195,0.071848349
33196,0.071645682
33197,0.149578937
33198,0.481323849
33199,0.561927872
33200,0.139120802
33201,0.014446092
33202,0.021309401
33203,0.02831595
33204,0.070044353
33205,0.067935224
33206,0.109325867
33207,0.010399184
33208,0.035217732
33209,0.035827991
33210,0.020999441
33211,0.029302369
33212,0.006515165
33213,0.077992099
33214,0.080664394
33215,0.414847108
33216,0.012280112
33217,0.015586486
33218,0.062687406
33219,0.062893325
33220,0.097676442
33221,0.465903419
33222,0.133334815
33223,0.011434502
33224,0.013157144
33225,0.24238899
33226,0.013152573
33227,0.027316245
33228,0.015898113
33229,0.078319192
33230,0.13397145
33231,0.07115711
33232,0.01658385
33233,0.011746573
33234,0.281684352
33235,0.039205143
33236,0.015841687
33237,0.027761498
33238,0.111880997
33239,0.073445755
33240,0.04723543
33241,0.01795027
33242,0.030072469
33243,0.065909382
33244,0.427445758
33245,0.034436012
33246,0.022156848
33247,0.021096866
33248,0.047344627
33249,0.067722475
33250,0.157382636
33251,0.084827365
33252,0.419508081
33253,0.09073263
33254,0.029792581
33255,0.015045912
33256,0.061939044
33257,0.073545123
33258,0.039580299
33259,0.416038226
33260,0.017384202
33261,0.138576964
33262,0.018024074
33263,0.092001809
33264,0.061564871
33265,0.426774226
33266,0.522814116
33267,0.246420653
33268,0.100867039
33269,0.010155129
33270,0.102453802
33271,0.053709949
33272,0.056549732
33273,0.111523071
33274,0.080151195
33275,0.096919338
33276,0.999499767
33277,0.018248226
33278,0.082497131
33279,0.088586698
33280,0.079270914
33281,0.017893569
33282,0.151821329
33283,0.493090155
33284,0.070485997
33285,0.243556782
33286,0.024648869
33287,0.017987048
33288,0.071802537
33289,0.030348353
33290,0.074465095
33291,0.027540639
33292,0.023116045
33293,0.060448213
33294,0.055320592
33295,0.024277447
33296,0.061534549
33297,0.147455203
33298,0.024311703
33299,0.049018908
33300,0.015027849
33301,0.032746309
33302,0.091485321
33303,0.122278816
33304,0.020591982
33305,0.021724568
33306,0.05601239
33307,1
33308,0.048385098
33309,0.165494397
33310,0.065745407
33311,0.048831777
33312,0.05332912
33313,0.060727003
33314,0.010338418
33315,0.017495357
33316,0.441433076
33317,0.029262838
33318,0.004782487
33319,0.008110606
33320,0.05232502
33321,0.257484791
33322,0.022060318
33323,0.112526147
33324,0.056573077
33325,0.022674954
33326,0.004013705
33327,0.397558849
33328,0.026818649
33329,0.023264883
33330,0.004586833
33331,0.021082203
33332,0.058465068
33333,0.00936871
33334,0.039758849
33335,0.147110047
33336,0.074932071
33337,0.01339601
33338,0.071743657
33339,0.130841684
33340,0.119370091
33341,0.084395567
33342,0.075204478
33343,0.021987371
33344,0.065330772
33345,0.017314546
33346,0.062652559
33347,0.146246427
33348,0.148709726
33349,0.006543417
33350,0.009500656
33351,0.032251443
33352,0.019967045
33353,0.007473209
33354,0.022451516
33355,0.055013931
33356,0.06169146
33357,0.114569926
33358,0.142310462
33359,0.418495651
33360,0.012606954
33361,0.008426173
33362,0.02731803
33363,0.010452513
33364,0.019410232
33365,0.014432366
33366,0.028392341
33367,0.008307212
33368,0.093997912
33369,0.029903096
33370,0.049644739
33371,0.008961483
33372,0.012594933
33373,0.058193423
33374,0.013644851
33375,0.013037203
33376,0.01037186
33377,0.156669506
33378,0.024725172
33379,0.05716398
33380,0.032624586
33381,0.01506457
33382,0.099768511
33383,0.011104163
33384,0.003378974
33385,0.011235478
33386,0.394389664
33387,0.074128284
33388,0.071225395
33389,0.070590046
33390,0.019839445
33391,0.08659317
33392,0.018696124
33393,0.010665389
33394,0.104520905
33395,0.015068193
33396,0.110318593
33397,0.167717903
33398,0.034376145
33399,0.035725585
33400,0.022755373
33401,0.023996379
33402,0.005489587
33403,0.005966642
33404,0.029415324
33405,0.010916837
33406,0.011123221
33407,0.004800794
33408,0.083915173
33409,0.072289994
33410,0.276489947
33411,0.018320732
33412,0.021577026
33413,0.029626487
33414,0.005971978
33415,0.07541654
33416,0.015920142
33417,0.02306997
33418,0.036664915
33419,0.015150631
33420,0.033263729
33421,0.299996606
33422,0.246864644
33423,0.027151164
33424,0.112600134
33425,0.009544028
33426,0.016415635
33427,0.021380424
33428,0.00679135
33429,0.03486598
33430,0.03870003
33431,0.053175217
33432,0.02548275
33433,0.02971354
33434,0.045355982
33435,0.048526375
33436,0.052785152
33437,0.116329691
33438,0.060615806
33439,0.030311115
33440,0.395553771
33441,0.064894727
33442,0.110288581
33443,0.048376961
33444,0.280824625
33445,0.251315664
33446,0.053522535
33447,0.280951563
33448,0.091300609
33449,0.441798147
33450,0.140220795
33451,0.064640871
33452,0.118855669
33453,0.018155814
33454,0.284779282
33455,0.808300803
33456,0.284656306
33457,0.060887538
33458,0.046304089
33459,0.304058793
33460,0.06903731
33461,0.014983709
33462,0.019523706
33463,0.047839518
33464,0.017729688
33465,0.012955237
33466,0.107991714
33467,0.288952669
33468,0.661300923
33469,0.588538146
33470,0.036672405
33471,0.075311525
33472,0.131150336
33473,0.157704584
33474,0.077576233
33475,0.05004746
33476,0.084908726
33477,0.117321928
33478,0.031072957
33479,0.440450507
33480,0.245145615
33481,0.384899065
33482,0.597893723
33483,0.244728042
33484,0.537837785
33485,0.076548461
33486,0.176624924
33487,0.061422829
33488,0.069452913
33489,0.037827888
33490,0.069414735
33491,0.029431873
33492,0.083930085
33493,0.127543858
33494,0.100235046
33495,0.029905892
33496,0.041397829
33497,0.079182886
33498,0.250694599
33499,0.041168534
33500,0.027506295
33501,0.075256661
33502,0.07556074
33503,0.096795196
33504,0.042202491
33505,0.051568152
33506,0.029640955
33507,0.064066489
33508,0.151739167
33509,0.070452604
33510,0.170332954
33511,0.025092509
33512,0.061611034
33513,0.052422747
33514,0.531446723
33515,0.122545765
33516,0.089403593
33517,0.485164326
33518,0.48931763
33519,0.003842111
33520,0.094388745
33521,0.059467227
33522,0.018437478
33523,0.026295233
33524,0.016479784
33525,0.033960659
33526,0.074869003
33527,0.074789024
33528,0.084318356
33529,0.268404269
33530,0.472850681
33531,0.395849884
33532,0.048632218
33533,0.029360655
33534,0.028626043
33535,0.036463929
33536,0.285309715
33537,0.057946298
33538,0.063767804
33539,0.031142427
33540,0.131855701
33541,0.555482982
33542,0.251279199
33543,0.020968083
33544,0.024884565
33545,0.052778579
33546,0.059583552
33547,0.026359591
33548,0.13434449
33549,0.184675763
33550,0.103757566
33551,0.10111933
33552,0.067493414
33553,0.027035212
33554,0.031585362
33555,0.026328402
33556,0.023036695
33557,0.11197323
33558,0.054800021
33559,0.24990139
33560,0.020367028
33561,0.047974237
33562,0.0321772
33563,0.019491123
33564,0.017343466
33565,0.027380228
33566,0.054496486
33567,0.024523172
33568,0.072141976
33569,0.49133939
33570,0.397968853
33571,0.050258652
33572,0.047250508
33573,0.043271327
33574,0.122922261
33575,0.067331803
33576,0.070654272
33577,0.016703843
33578,0.027687375
33579,0.00703544
33580,0.273803881
33581,0.025213465
33582,0.021183167
33583,0.025502915
33584,0.006096118
33585,0.082222837
33586,0.06432328
33587,0.394582518
33588,0.397916609
33589,0.389060579
33590,0.073185772
33591,0.06003367
33592,0.016632684
33593,0.051409663
33594,0.064918989
33595,0.248071442
33596,0.054525343
33597,0.53247226
33598,0.09822242
33599,0.0241432
33600,0.126020823
33601,0.050347811
33602,0.066316004
33603,0.025126514
33604,0.009714931
33605,0.00893694
33606,0.083693832
33607,0.010402314
33608,0.027647458
33609,0.087743598
33610,0.054886309
33611,0.084453802
33612,0.067994267
33613,0.092857581
33614,0.238792652
33615,0.433916329
33616,0.080519222
33617,0.032355533
33618,0.082696914
33619,0.014837398
33620,0.051643153
33621,0.022706818
33622,0.094324664
33623,0.066189181
33624,0.118270026
33625,0.052263217
33626,0.130865178
33627,0.051963475
33628,0.03399046
33629,0.021365104
33630,0.022248235
33631,0.160667917
33632,0.028908796
33633,0.062285329
33634,0.034050971
33635,0.009864897
33636,0.02151423
33637,0.039472405
33638,0.065134881
33639,0.071896849
33640,0.115411568
33641,0.088868154
33642,0.392741435
33643,0.12387715
33644,0.25678831
33645,0.008765144
33646,0.095729145
33647,0.008702285
33648,0.060813259
33649,0.051953572
33650,0.091905036
33651,0.034161606
33652,0.048542844
33653,0.050992404
33654,0.045042089
33655,0.08677497
33656,0.065437343
33657,0.020205753
33658,0.032624024
33659,0.073151757
33660,0.012215548
33661,0.040429039
33662,0.151308328
33663,0.070384233
33664,0.11939375
33665,0.503582192
33666,0.100772712
33667,0.081373254
33668,0.073217342
33669,0.091089429
33670,0.08230681
33671,0.081336806
33672,0.048751945
33673,0.010009048
33674,0.010659181
33675,0.027530155
33676,0.267793213
33677,0.078905529
33678,0.080780806
33679,0.06652482
33680,0.073718783
33681,0.023482473
33682,0.019298999
33683,0.023687912
33684,0.046317094
33685,0.473335522
33686,0.047671367
33687,0.055082602
33688,0.091773761
33689,0.744831395
33690,0.083224228
33691,0.016679543
33692,0.247100178
33693,0.063650425
33694,0.148422101
33695,0.286533268
33696,0.067354301
33697,0.055760611
33698,0.095637703
33699,0.093880779
33700,0.156926635
33701,0.044960891
33702,0.281826585
33703,0.090958289
33704,0.068499093
33705,0.014216788
33706,0.071009454
33707,0.067617759
33708,0.015743011
33709,0.118371857
33710,0.110273097
33711,0.247781632
33712,0.074121409
33713,0.031374757
33714,0.113319772
33715,0.126504789
33716,0.275701316
33717,0.059200899
33718,0.055104842
33719,0.022872832
33720,0.067643483
33721,0.538003073
33722,0.049692897
33723,0.132013407
33724,0.452914562
33725,0.281309744
33726,0.010950663
33727,0.012432987
33728,0.007583409
33729,0.050306338
33730,0.050991339
33731,0.403074603
33732,0.397338569
33733,0.112200022
33734,0.095512509
33735,0.258459878
33736,0.245556671
33737,0.117659091
33738,0.164482462
33739,0.273169183
33740,0.086287811
33741,0.049158745
33742,0.103238611
33743,0.045448215
33744,0.28828824
33745,0.887989767
33746,0.06242488
33747,0.40770414
33748,0.014481104
33749,0.07258765
33750,0.184394889
33751,0.018129873
33752,0.010876739
33753,0.054803708
33754,0.075448784
33755,0.018268346
33756,0.055034284
33757,0.438978732
33758,0.056062518
33759,0.096403433
33760,0.415557699
33761,0.124890408
33762,0.187914999
33763,0.439048197
33764,0.38980176
33765,0.024123217
33766,0.163417218
33767,0.100299897
33768,0.116092758
33769,0.968036612
33770,0.43741949
33771,0.285013956
33772,0.022271827
33773,0.240973124
33774,0.076280299
33775,0.030700827
33776,0.023709039
33777,0.011642004
33778,0.051440127
33779,0.007917783
33780,0.010398286
33781,0.031243256
33782,0.073619218
33783,0.097901146
33784,0.086780787
33785,0.086460973
33786,0.092695564
33787,0.132269087
33788,0.10374076
33789,0.102531039
33790,0.269283512
33791,0.015135624
33792,0.063463715
33793,0.99373409
33794,0.957091239
33795,0.537678799
33796,0.028606031
33797,0.119963616
33798,0.450778375
33799,0.091168129
33800,0.076982089
33801,0.007531188
33802,0.05698343
33803,0.069781443
33804,0.054689146
33805,0.009222504
33806,0.396459039
33807,0.016455011
33808,0.046718762
33809,0.0894284
33810,0.090867728
33811,0.056469476
33812,0.0482074
33813,0.397026429
33814,0.091108322
33815,0.033490412
33816,0.131959845
33817,0.11822785
33818,0.100767587
33819,0.991133333
33820,0.796173435
33821,0.542048396
33822,0.09519127
33823,0.023359829
33824,0.483270139
33825,0.09288527
33826,0.277452065
33827,0.054114415
33828,0.100379057
33829,0.022427801
33830,0.119261188
33831,0.106867973
33832,0.115884799
33833,0.173441888
33834,0.539911982
33835,0.482835565
33836,0.131677643
33837,0.124067371
33838,0.090247551
33839,0.056449545
33840,0.090352022
33841,0.050457149
33842,0.03691767
33843,0.024593039
33844,0.123213158
33845,0.15612197
33846,0.057678927
33847,0.138467296
33848,0.027597174
33849,0.993351235
33850,0.99806444
33851,0.984341991
33852,0.11767009
33853,0.054026823
33854,0.253022595
33855,0.455734803
33856,0.028796567
33857,0.020452707
33858,0.019069943
33859,0.096511406
33860,0.046437207
33861,0.433967973
33862,0.998029617
33863,0.077615887
33864,0.102145357
33865,0.090865497
33866,0.141055365
33867,0.069876872
33868,0.243061291
33869,0.254878847
33870,0.025618989
33871,0.091475638
33872,0.092274295
33873,0.09981456
33874,0.051859466
33875,0.022532612
33876,0.473008582
33877,0.405474373
33878,0.251117983
33879,0.072510985
33880,0.033626942
33881,0.099091249
33882,0.072369138
33883,0.175040402
33884,0.039344646
33885,0.051053806
33886,0.047349907
33887,0.028373217
33888,0.062743317
33889,0.052100953
33890,0.380861785
33891,0.802432043
33892,0.156852616
33893,0.297492402
33894,0.110329446
33895,0.132198513
33896,0.120265266
33897,0.584145184
33898,0.080634529
33899,0.023638507
33900,0.044468093
33901,0.038615219
33902,0.13532437
33903,0.165986499
33904,0.148680798
33905,0.472736094
33906,0.269879653
33907,0.108256512
33908,0.998490741
33909,0.136970199
33910,0.020989181
33911,0.239107163
33912,0.253526331
33913,0.023027626
33914,0.048742849
33915,0.290118947
33916,0.071297502
33917,0.043404813
33918,0.038562639
33919,0.055208824
33920,0.103526017
33921,0.422066842
33922,0.446630621
33923,0.271991131
33924,0.469587041
33925,0.115298646
33926,0.129002996
33927,0.413871631
33928,0.014627246
33929,0.022562948
33930,0.158240652
33931,0.089930487
33932,0.044631351
33933,0.470144594
33934,0.28417646
33935,0.047018248
33936,0.529074127
33937,0.29077981
33938,0.095876171
33939,0.126168842
33940,0.0876763
33941,0.048403657
33942,0.008823867
33943,0.037451145
33944,0.05330855
33945,0.089156799
33946,0.086198706
33947,0.103229756
33948,0.483697454
33949,0.703930075
33950,0.450201414
33951,0.280435471
33952,0.567894551
33953,0.098448046
33954,0.076901972
33955,0.065615572
33956,0.133996673
33957,0.274687327
33958,0.067291792
33959,0.028696734
33960,0.066177851
33961,0.136717172
33962,0.053978955
33963,0.077554827
33964,0.047538078
33965,0.023317247
33966,0.020324356
33967,0.010754065
33968,0.034144971
33969,0.093858816
33970,0.051566795
33971,0.06556327
33972,0.39840467
33973,0.283720028
33974,0.391281703
33975,0.766748509
33976,0.669596976
33977,0.276251766
33978,0.131173647
33979,0.053474434
33980,0.021251103
33981,0.044976301
33982,0.121144671
33983,0.02678984
33984,0.998749108
33985,0.053198881
33986,0.018626489
33987,0.082506412
33988,0.058835337
33989,0.251253503
33990,0.058953112
33991,0.044277042
33992,0.016122231
33993,0.054178784
33994,0.019446669
33995,0.028365775
33996,0.093866547
33997,0.081603267
33998,0.591000244
33999,0.427376204
34000,0.386978793
34001,0.978039064
34002,0.462228312
34003,0.536207111
34004,0.154152028
34005,0.038459067
34006,0.031030116
34007,0.041307627
34008,0.04523769
34009,0.063206642
34010,0.037128565
34011,0.078746853
34012,0.463511108
34013,0.115096265
34014,0.402065932
34015,0.040442922
34016,0.082159739
34017,0.122847599
34018,0.149637349
34019,0.255223389
34020,0.052736836
34021,0.029891494
34022,0.03861447
34023,0.131619733
34024,0.999555174
34025,0.384443107
34026,0.650714005
34027,0.39675629
34028,0.269303451
34029,0.140397931
34030,0.253064179
34031,0.053810741
34032,0.01061196
34033,0.02652505
34034,0.01417466
34035,0.055304671
34036,0.041313803
34037,0.129538224
34038,0.130032262
34039,0.098290145
34040,0.27220564
34041,0.028848895
34042,0.07317477
34043,0.277654088
34044,0.053361705
34045,0.007845894
34046,0.009330541
34047,0.111484414
34048,0.242241297
34049,0.045817208
34050,0.396898444
34051,0.30494517
34052,0.086477376
34053,0.11273901
34054,0.031607719
34055,0.105118458
34056,0.087181852
34057,0.0529077
34058,0.124281846
34059,0.111153534
34060,0.057493998
34061,0.007163641
34062,0.24349975
34063,0.007912781
34064,0.104863576
34065,0.035886741
34066,0.112743365
34067,0.042856363
34068,0.066212264
34069,0.062937542
34070,0.164855667
34071,0.280539406
34072,0.591910326
34073,0.141718566
34074,0.01012254
34075,0.021206005
34076,0.021328494
34077,0.023670203
34078,0.058597922
34079,0.065021286
34080,0.122800168
34081,0.012295506
34082,0.032636484
34083,0.015161174
34084,0.027036947
34085,0.023972993
34086,0.011746714
34087,0.032102877
34088,0.070284623
34089,0.078075406
34090,0.403382416
34091,0.013209505
34092,0.016591945
34093,0.0510164
34094,0.06610247
34095,0.114436424
34096,0.457654078
34097,0.150138411
34098,0.244339433
34099,0.010381752
34100,0.029962667
34101,0.01901278
34102,0.069576419
34103,0.128789308
34104,0.066929559
34105,0.008436433
34106,0.01024563
34107,0.020938048
34108,0.009102423
34109,0.272332112
34110,0.029286933
34111,0.015573654
34112,0.029175356
34113,0.110776102
34114,0.067238684
34115,0.050848452
34116,0.019332793
34117,0.034632896
34118,0.074587595
34119,0.422283025
34120,0.031382938
34121,0.029228469
34122,0.02445285
34123,0.049233827
34124,0.069820766
34125,0.275233724
34126,0.07420189
34127,0.270230647
34128,0.097670401
34129,0.030654522
34130,0.013059622
34131,0.065944995
34132,0.06925147
34133,0.034912613
34134,0.419079033
34135,0.154620259
34136,0.016797431
34137,0.082289063
34138,0.042947861
34139,0.010539651
34140,0.432046574
34141,0.556174372
34142,0.239582645
34143,0.089637606
34144,0.011926998
34145,0.104941076
34146,0.045688977
34147,0.053913129
34148,0.11700129
34149,0.084571677
34150,0.102310555
34151,0.996211183
34152,0.020038639
34153,0.075116742
34154,0.016103274
34155,0.074818492
34156,0.068030678
34157,0.01702257
34158,0.139418028
34159,0.511808915
34160,0.073940719
34161,0.242354924
34162,0.025164763
34163,0.070487273
34164,0.024892461
34165,0.073850275
34166,0.027567155
34167,0.023320784
34168,0.055516102
34169,0.064690202
34170,0.028543613
34171,0.019417741
34172,0.065312969
34173,0.017705735
34174,0.156224851
34175,0.032335756
34176,0.040447317
34177,0.015160314
34178,0.033628049
34179,0.084812992
34180,0.112556615
34181,0.049413948
34182,0.999627473
34183,0.088410244
34184,0.164904966
34185,0.049405592
34186,0.047552624
34187,0.054778126
34188,0.04553154
34189,0.015504525
34190,0.43147879
34191,0.032168883
34192,0.01001962
34193,0.052307429
34194,0.248924252
34195,0.026295165
34196,0.119731586
34197,0.050852982
34198,0.027775189
34199,0.0554599
34200,0.283158361
34201,0.018997065
34202,0.02168973
34203,0.021740422
34204,0.007501689
34205,0.058077657
34206,0.00784671
34207,0.038436498
34208,0.281175191
34209,0.073061482
34210,0.014589945
34211,0.073855611
34212,0.131416254
34213,0.121297177
34214,0.074749142
34215,0.081203656
34216,0.025302013
34217,0.054558628
34218,0.017692124
34219,0.078569709
34220,0.145930155
34221,0.151429862
34222,0.014154351
34223,0.022458435
34224,0.008647448
34225,0.015890407
34226,0.014553721
34227,0.018819161
34228,0.009965405
34229,0.028119557
34230,0.053929937
34231,0.057154324
34232,0.132738493
34233,0.008512801
34234,0.139713069
34235,0.395770435
34236,0.009054067
34237,0.008132025
34238,0.017270037
34239,0.020762698
34240,0.009618106
34241,0.01533319
34242,0.023577676
34243,0.011634138
34244,0.011609953
34245,0.005796196
34246,0.088341728
34247,0.02976581
34248,0.054128803
34249,0.009160403
34250,0.058037625
34251,0.017714198
34252,0.008687063
34253,0.007518282
34254,0.162035943
34255,0.029087961
34256,0.048668513
34257,0.030045439
34258,0.082163307
34259,0.00664894
34260,0.008413632
34261,0.01147916
34262,0.395512415
34263,0.078930554
34264,0.078275315
34265,0.080938722
34266,0.017516176
34267,0.075289981
34268,0.023623426
34269,0.010671781
34270,0.098488757
34271,0.020271342
34272,0.119539103
34273,0.242811607
34274,0.023509195
34275,0.035542845
34276,0.033469037
34277,0.027299393
34278,0.028735031
34279,0.009991371
34280,0.034774454
34281,0.010314136
34282,0.097009744
34283,0.067939759
34284,0.007888733
34285,0.283215663
34286,0.025008298
34287,0.026758558
34288,0.008282494
34289,0.004270245
34290,0.050472676
34291,0.026153795
34292,0.028249255
34293,0.016465193
34294,0.033498167
34295,0.008943078
34296,0.009226664
34297,0.03673585
34298,0.284799289
34299,0.156933697
34300,0.024185065
34301,0.111788401
34302,0.01456182
34303,0.020400655
34304,0.008597458
34305,0.054262212
34306,0.056590631
34307,0.051558459
34308,0.034286938
34309,0.046881545
34310,0.108340813
34311,0.071558756
34312,0.423219277
34313,0.047106093
34314,0.129711846
34315,0.046944797
34316,0.152573865
34317,0.404976948
34318,0.039434374
34319,0.277825046
34320,0.105583354
34321,0.423519491
34322,0.087953393
34323,0.146607255
34324,0.066459783
34325,0.030322105
34326,0.113538147
34327,0.405933233
34328,0.788179641
34329,0.286798153
34330,0.052231726
34331,0.049000074
34332,0.283296452
34333,0.067211719
34334,0.010523823
34335,0.026873137
34336,0.027581051
34337,0.019587935
34338,0.014712803
34339,0.118873053
34340,0.273838736
34341,0.58312543
34342,0.556558703
34343,0.043029917
34344,0.084770792
34345,0.128229227
34346,0.258355
34347,0.081530086
34348,0.05392094
34349,0.074408814
34350,0.103809981
34351,0.032390839
34352,0.448804463
34353,0.258498883
34354,0.252733998
34355,0.636119061
34356,0.132196451
34357,0.024682244
34358,0.534954932
34359,0.064356966
34360,0.184621867
34361,0.063029582
34362,0.06434777
34363,0.035347671
34364,0.076496688
34365,0.090325774
34366,0.116740213
34367,0.11088913
34368,0.029909745
34369,0.057263995
34370,0.088974587
34371,0.257767646
34372,0.049045565
34373,0.07000457
34374,0.079807287
34375,0.10542046
34376,0.041041977
34377,0.046896138
34378,0.029511528
34379,0.06843602
34380,0.162877742
34381,0.06658623
34382,0.167539468
34383,0.022577536
34384,0.063429516
34385,0.051233456
34386,0.013594241
34387,0.015973288
34388,0.527502531
34389,0.119780521
34390,0.244682148
34391,0.444776769
34392,0.48277947
34393,0.098600269
34394,0.064901296
34395,0.017211742
34396,0.027743215
34397,0.046347577
34398,0.01175464
34399,0.074115966
34400,0.085948979
34401,0.092835313
34402,0.17894936
34403,0.452225193
34404,0.017957284
34405,0.394969537
34406,0.053550083
34407,0.024931294
34408,0.028874377
34409,0.293428071
34410,0.023959909
34411,0.049160436
34412,0.062344103
34413,0.032581211
34414,0.417806102
34415,0.560393926
34416,0.155718708
34417,0.027285943
34418,0.028852271
34419,0.054307281
34420,0.078374656
34421,0.137959371
34422,0.170438762
34423,0.103642057
34424,0.110189072
34425,0.064215712
34426,0.005145493
34427,0.007203431
34428,0.0358979
34429,0.032915845
34430,0.024391345
34431,0.02044418
34432,0.106941301
34433,0.071592108
34434,0.244827531
34435,0.02372263
34436,0.049614106
34437,0.02935555
34438,0.019123888
34439,0.015741408
34440,0.02237289
34441,0.047541495
34442,0.029493742
34443,0.075178988
34444,0.475446373
34445,0.405034168
34446,0.044906774
34447,0.053628524
34448,0.048882587
34449,0.128280098
34450,0.060946005
34451,0.067118064
34452,0.016332483
34453,0.012804656
34454,0.0246417
34455,0.169164343
34456,0.027052598
34457,0.028266297
34458,0.005526469
34459,0.077277151
34460,0.070572209
34461,0.248821804
34462,0.242188007
34463,0.407225066
34464,0.067539989
34465,0.060370904
34466,0.01830909
34467,0.050847934
34468,0.051608339
34469,0.245437475
34470,0.058752903
34471,0.584713745
34472,0.11303755
34473,0.025378776
34474,0.142748363
34475,0.049094146
34476,0.053892709
34477,0.026538139
34478,0.006940545
34479,0.007841662
34480,0.084131324
34481,0.007758429
34482,0.027850544
34483,0.01687634
34484,0.026469781
34485,0.094037332
34486,0.08410519
34487,0.065944332
34488,0.093424348
34489,0.232966324
34490,0.468690264
34491,0.079273588
34492,0.025655062
34493,0.08353138
34494,0.013997828
34495,0.04920069
34496,0.006016348
34497,0.022055503
34498,0.083181496
34499,0.067396492
34500,0.122753778
34501,0.050265311
34502,0.144136704
34503,0.049398446
34504,0.067209754
34505,0.035063926
34506,0.021902824
34507,0.164119717
34508,0.02876526
34509,0.065970897
34510,0.027096074
34511,0.010262102
34512,0.024090684
34513,0.039360383
34514,0.064704332
34515,0.073387757
34516,0.125206461
34517,0.099107315
34518,0.393682957
34519,0.235039211
34520,0.249207783
34521,0.008493116
34522,0.100638424
34523,0.00829661
34524,0.057148899
34525,0.052308985
34526,0.090132218
34527,0.047301927
34528,0.054638222
34529,0.056183703
34530,0.071994114
34531,0.059918047
34532,0.033172397
34533,0.018055028
34534,0.073874551
34535,0.016293895
34536,0.040329492
34537,0.124444625
34538,0.069134219
34539,0.128019336
34540,0.517068542
34541,0.115177362
34542,0.094559988
34543,0.081476346
34544,0.072543346
34545,0.074362674
34546,0.084316228
34547,0.057032322
34548,0.0103784
34549,0.281301135
34550,0.075631147
34551,0.079509052
34552,0.057545334
34553,0.065990307
34554,0.027258994
34555,0.020525105
34556,0.028281372
34557,0.054300688
34558,0.455741351
34559,0.078410022
34560,0.057731891
34561,0.096388588
34562,0.742409824
34563,0.076673113
34564,0.016956193
34565,0.095112967
34566,0.063078349
34567,0.178277029
34568,0.415877785
34569,0.064754215
34570,0.019907877
34571,0.047508993
34572,0.071702416
34573,0.088001644
34574,0.146773186
34575,0.048470086
34576,0.110970832
34577,0.087426588
34578,0.066716625
34579,0.079082149
34580,0.065316114
34581,0.016745814
34582,0.121992071
34583,0.115836093
34584,0.25229581
34585,0.068312044
34586,0.031483633
34587,0.100531027
34588,0.147344145
34589,0.270378707
34590,0.06910178
34591,0.054549192
34592,0.022933977
34593,0.009612712
34594,0.082203539
34595,0.50527163
34596,0.051268193
34597,0.139843922
34598,0.461025586
34599,0.268261525
34600,0.009561883
34601,0.009721869
34602,0.006431636
34603,0.052503388
34604,0.052800211
34605,0.41417861
34606,0.412132765
34607,0.100559011
34608,0.098433677
34609,0.252974951
34610,0.120399573
34611,0.097663742
34612,0.169846446
34613,0.273291167
34614,0.095449134
34615,0.05152216
34616,0.113397684
34617,0.05527041
34618,0.285783841
34619,0.913174406
34620,0.072923848
34621,0.474835807
34622,0.016649723
34623,0.048424891
34624,0.274941252
34625,0.018070776
34626,0.009753452
34627,0.055121769
34628,0.071359393
34629,0.018985181
34630,0.047878485
34631,0.469868066
34632,0.065329907
34633,0.083012234
34634,0.29616842
34635,0.115356753
34636,0.283504543
34637,0.434079169
34638,0.396391042
34639,0.261761047
34640,0.111237524
34641,0.118274414
34642,0.978747474
34643,0.459906628
34644,0.455140778
34645,0.02330088
34646,0.11573025
34647,0.074444935
34648,0.023192037
34649,0.028459703
34650,0.061567219
34651,0.006500273
34652,0.009525458
34653,0.026899567
34654,0.061369511
34655,0.096610857
34656,0.093268899
34657,0.107958002
34658,0.098346772
34659,0.142738124
34660,0.25059648
34661,0.031398699
34662,0.099170615
34663,0.43902104
34664,0.0177686
34665,0.068613069
34666,0.997412089
34667,0.961923179
34668,0.547781638
34669,0.124686295
34670,0.473615459
34671,0.088939045
34672,0.01886329
34673,0.072015295
34674,0.006420276
34675,0.05593518
34676,0.068724089
34677,0.050347157
34678,0.011539619
34679,0.408516225
34680,0.016507342
34681,0.045427986
34682,0.082430302
34683,0.097428414
34684,0.045299842
34685,0.047795822
34686,0.242710998
34687,0.088165063
34688,0.02935148
34689,0.127387201
34690,0.112191765
34691,0.109851798
34692,0.998471778
34693,0.828163444
34694,0.538236667
34695,0.007528128
34696,0.021183197
34697,0.074563403
34698,0.024725079
34699,0.006806657
34700,0.481284209
34701,0.118691225
34702,0.273768633
34703,0.051248654
34704,0.119711371
34705,0.127711685
34706,0.114266966
34707,0.11759351
34708,0.16685069
34709,0.53632948
34710,0.462568746
34711,0.116848169
34712,0.116288628
34713,0.084619118
34714,0.067906424
34715,0.104940981
34716,0.05067597
34717,0.035151279
34718,0.024010783
34719,0.12480388
34720,0.143805214
34721,0.071305436
34722,0.126415868
34723,0.020869892
34724,0.993330151
34725,0.999509601
34726,0.991769912
34727,0.098183463
34728,0.052290053
34729,0.242021384
34730,0.007456369
34731,0.442173327
34732,0.020922646
34733,0.017370084
34734,0.01654045
34735,0.065920558
34736,0.087568528
34737,0.053510986
34738,0.428015683
34739,0.999894475
34740,0.071906896
34741,0.108613669
34742,0.072921062
34743,0.126457246
34744,0.055961613
34745,0.258185106
34746,0.115267521
34747,0.083401342
34748,0.093476573
34749,0.097420046
34750,0.05782787
34751,0.02425702
34752,0.46825201
34753,0.439598745
34754,0.265748788
34755,0.069672541
34756,0.030299781
34757,0.083929862
34758,0.073769474
34759,0.294677663
34760,0.029136125
34761,0.048792992
34762,0.052140723
34763,0.02654911
34764,0.064339796
34765,0.052775535
34766,0.402758063
34767,0.778496201
34768,0.282759535
34769,0.289175532
34770,0.1110972
34771,0.283300795
34772,0.118457161
34773,0.546298852
34774,0.079787402
34775,0.022796556
34776,0.048093874
34777,0.031229492
34778,0.137205187
34779,0.269784284
34780,0.24011594
34781,0.472983568
34782,0.293739344
34783,0.140081835
34784,0.998915098
34785,0.232286652
34786,0.020657366
34787,0.247013471
34788,0.171040261
34789,0.030375733
34790,0.055142864
34791,0.179051828
34792,0.068785336
34793,0.03888789
34794,0.040972917
34795,0.053427213
34796,0.100335492
34797,0.415294256
34798,0.437457017
34799,0.260538728
34800,0.282349526
34801,0.116833645
34802,0.131224169
34803,0.415384236
34804,0.020168888
34805,0.148305261
34806,0.08414298
34807,0.051865438
34808,0.456083265
34809,0.409055792
34810,0.059626426
34811,0.523163497
34812,0.416227135
34813,0.003252147
34814,0.100902392
34815,0.128426832
34816,0.071543975
34817,0.048687663
34818,0.01090631
34819,0.005173334
34820,0.015004666
34821,0.033369232
34822,0.049001877
34823,0.088372583
34824,0.07336669
34825,0.246233284
34826,0.446368855
34827,0.694161346
34828,0.430040868
34829,0.279043648
34830,0.536101401
34831,0.096526148
34832,0.02048847
34833,0.057763623
34834,0.07518866
34835,0.245427774
34836,0.176721331
34837,0.070049874
34838,0.028245526
34839,0.073887774
34840,0.133427004
34841,0.05105473
34842,0.078628213
34843,0.052686089
34844,0.032176747
34845,0.089754374
34846,0.053098875
34847,0.067751743
34848,0.422835334
34849,0.285985739
34850,0.396183959
34851,0.825136406
34852,0.641548564
34853,0.281095517
34854,0.127012336
34855,0.053818624
34856,0.024231848
34857,0.049718132
34858,0.128538686
34859,0.025705618
34860,0.997371271
34861,0.047287829
34862,0.020262543
34863,0.061179771
34864,0.05932388
34865,0.408728317
34866,0.06567005
34867,0.052394642
34868,0.016545398
34869,0.051973782
34870,0.031374346
34871,0.087919451
34872,0.088738336
34873,0.580547237
34874,0.451548439
34875,0.245789982
34876,0.986012128
34877,0.479334345
34878,0.518476222
34879,0.149140887
34880,0.037526413
34881,0.030039195
34882,0.033702929
34883,0.053503545
34884,0.043828257
34885,0.043301457
34886,0.073863534
34887,0.455525599
34888,0.089712775
34889,0.276381536
34890,0.04456474
34891,0.102871999
34892,0.245276405
34893,0.246567589
34894,0.266557723
34895,0.056472332
34896,0.030525354
34897,0.04494335
34898,0.116706035
34899,0.999471683
34900,0.392318719
34901,0.592261074
34902,0.399503769
34903,0.439694314
34904,0.149587925
34905,0.144804355
34906,0.011265035
34907,0.025900407
34908,0.010982588
34909,0.04481991
34910,0.036840168
34911,0.137609034
34912,0.133091771
34913,0.098472805
34914,0.296424728
34915,0.031658791
34916,0.08251911
34917,0.409471027
34918,0.053209343
34919,0.008194166
34920,0.108459591
34921,0.242765312
34922,0.04504237
34923,0.237032007
34924,0.129766813
34925,0.079351256
34926,0.125649418
34927,0.031943567
34928,0.104718973
34929,0.080524791
34930,0.040558831
34931,0.239135946
34932,0.103021482
34933,0.044757603
34934,0.005833343
34935,0.251991732
34936,0.009147562
34937,0.124429989
34938,0.056225594
34939,0.032707289
34940,0.094407852
34941,0.039916475
34942,0.061696682
34943,0.05300496
34944,0.164719282
34945,0.28006289
34946,0.610212839
34947,0.154582237
34948,0.009439629
34949,0.015378948
34950,0.019940572
34951,0.027882085
34952,0.060799362
34953,0.070685862
34954,0.134464766
34955,0.014819676
34956,0.032245721
34957,0.020242235
34958,0.030420441
34959,0.022486985
34960,0.009365949
34961,0.034634074
34962,0.006817352
34963,0.069934713
34964,0.072528601
34965,0.419278968
34966,0.012616816
34967,0.015993929
34968,0.053709955
34969,0.066345777
34970,0.120119919
34971,0.433189374
34972,0.162682237
34973,0.23826835
34974,0.031615885
34975,0.081742667
34976,0.148349807
34977,0.065967601
34978,0.009045246
34979,0.016680328
34980,0.28868979
34981,0.027819354
34982,0.017046919
34983,0.01887188
34984,0.027871242
34985,0.110431062
34986,0.078611269
34987,0.044561145
34988,0.017019054
34989,0.029773459
34990,0.068531743
34991,0.457489093
34992,0.032028269
34993,0.004919207
34994,0.026844966
34995,0.023383699
34996,0.058350048
34997,0.070245238
34998,0.278203224
34999,0.088813999
35000,0.260015528
35001,0.093695814
35002,0.031301734
35003,0.019334649
35004,0.055213981
35005,0.065896262
35006,0.030955981
35007,0.426601036
35008,0.015078139
35009,0.273392559
35010,0.017854871
35011,0.086049345
35012,0.047380845
35013,0.266419978
35014,0.526304415
35015,0.253380058
35016,0.101908286
35017,0.011166936
35018,0.108353118
35019,0.061924435
35020,0.03987631
35021,0.131075085
35022,0.090108915
35023,0.099299112
35024,0.996762893
35025,0.019209384
35026,0.069013302
35027,0.0766291
35028,0.068907084
35029,0.018467404
35030,0.139341758
35031,0.51197774
35032,0.069942571
35033,0.250741061
35034,0.024960196
35035,0.065028866
35036,0.026795328
35037,0.072625856
35038,0.03158406
35039,0.022386603
35040,0.05012238
35041,0.067144663
35042,0.028037603
35043,0.025481351
35044,0.064149868
35045,0.018281998
35046,0.160658107
35047,0.040886429
35048,0.017580509
35049,0.037881518
35050,0.113330231
35051,0.11336996
35052,0.048661742
35053,0.9995621
35054,0.066574561
35055,0.250630492
35056,0.056043516
35057,0.035777776
35058,0.045776806
35059,0.054363336
35060,0.010534968
35061,0.013094809
35062,0.462181387
35063,0.030064578
35064,0.006333058
35065,0.006093949
35066,0.016060756
35067,0.051186593
35068,0.150936991
35069,0.026472287
35070,0.111176609
35071,0.053321887
35072,0.029805674
35073,0.05120613
35074,0.423973704
35075,0.025642539
35076,0.031161904
35077,0.00379297
35078,0.013927539
35079,0.047501794
35080,0.00579074
35081,0.03703972
35082,0.141649149
35083,0.080456816
35084,0.017549591
35085,0.087184267
35086,0.133028794
35087,0.09542109
35088,0.078584217
35089,0.076882453
35090,0.02407447
35091,0.053289775
35092,0.014985651
35093,0.093063149
35094,0.157980814
35095,0.150432495
35096,0.027606044
35097,0.006661742
35098,0.01041565
35099,0.019585417
35100,0.007295482
35101,0.017620739
35102,0.016673223
35103,0.017853261
35104,0.008510999
35105,0.024876189
35106,0.060760805
35107,0.055054268
35108,0.119890005
35109,0.008563051
35110,0.244003662
35111,0.00643495
35112,0.428937369
35113,0.010613488
35114,0.028327177
35115,0.026254664
35116,0.008341829
35117,0.016228555
35118,0.009251209
35119,0.013197393
35120,0.025509659
35121,0.007827499
35122,0.013936112
35123,0.079008373
35124,0.027771011
35125,0.040984278
35126,0.013729075
35127,0.00918829
35128,0.050802026
35129,0.007003751
35130,0.010951585
35131,0.146746776
35132,0.028183382
35133,0.046691377
35134,0.010703941
35135,0.032979711
35136,0.084069125
35137,0.002481703
35138,0.009063371
35139,0.008262709
35140,0.007435791
35141,0.278066685
35142,0.064529547
35143,0.06390221
35144,0.072661582
35145,0.092526544
35146,0.023785933
35147,0.103491054
35148,0.019570824
35149,0.105354647
35150,0.157656319
35151,0.016622208
35152,0.02790379
35153,0.032245093
35154,0.030806563
35155,0.030339821
35156,0.010688195
35157,0.081947332
35158,0.068086079
35159,0.166003322
35160,0.021673501
35161,0.023114399
35162,0.017247825
35163,0.058294577
35164,0.018941823
35165,0.0114762
35166,0.017241139
35167,0.029158579
35168,0.012452755
35169,0.032590256
35170,0.291329015
35171,0.253556762
35172,0.024283856
35173,0.131945619
35174,0.027398319
35175,0.006521688
35176,0.060160888
35177,0.049693553
35178,0.054100428
35179,0.056454388
35180,0.033129661
35181,0.045785128
35182,0.066285411
35183,0.057175025
35184,0.111588883
35185,0.053798491
35186,0.051788002
35187,0.416479673
35188,0.05710572
35189,0.10026621
35190,0.048479949
35191,0.4227651
35192,0.243162919
35193,0.136946198
35194,0.045440038
35195,0.012974734
35196,0.437126353
35197,0.088464585
35198,0.415689381
35199,0.094128837
35200,0.392506058
35201,0.062691679
35202,0.126594385
35203,0.03408471
35204,0.014108717
35205,0.271796271
35206,0.032330102
35207,0.755670474
35208,0.285240163
35209,0.044471414
35210,0.279538401
35211,0.067522514
35212,0.017648813
35213,0.027286054
35214,0.045634146
35215,0.022093951
35216,0.011840876
35217,0.112586201
35218,0.389285225
35219,0.533700206
35220,0.529614265
35221,0.062513958
35222,0.071131389
35223,0.029741424
35224,0.241858954
35225,0.142335004
35226,0.007384572
35227,0.024035846
35228,0.073624313
35229,0.054911832
35230,0.062970287
35231,0.257170026
35232,0.032446858
35233,0.444934742
35234,0.237565174
35235,0.272502838
35236,0.558652496
35237,0.138746215
35238,0.476774725
35239,0.018835161
35240,0.079813354
35241,0.18395206
35242,0.061486363
35243,0.057511551
35244,0.03910547
35245,0.075776389
35246,0.101339839
35247,0.104927381
35248,0.093794155
35249,0.031574439
35250,0.045348136
35251,0.084255376
35252,0.284354554
35253,0.052394889
35254,0.064492522
35255,0.063301883
35256,0.088247647
35257,0.030819714
35258,0.061235815
35259,0.067048631
35260,0.160275631
35261,0.065700118
35262,0.170437512
35263,0.024970272
35264,0.061518839
35265,0.045540018
35266,0.019995423
35267,0.01504698
35268,0.017351217
35269,0.455756249
35270,0.110579543
35271,0.246369764
35272,0.464970899
35273,0.464046477
35274,0.084721371
35275,0.067078015
35276,0.024613834
35277,0.01671471
35278,0.034083252
35279,0.249188993
35280,0.111588385
35281,0.179512099
35282,0.450298716
35283,0.410856108
35284,0.04199314
35285,0.030808568
35286,0.035704356
35287,0.284528523
35288,0.025295828
35289,0.052825586
35290,0.060321499
35291,0.427482797
35292,0.547536928
35293,0.130904709
35294,0.020567752
35295,0.027212324
35296,0.058450541
35297,0.089727309
35298,0.008998347
35299,0.030625759
35300,0.011739753
35301,0.135235998
35302,0.168166814
35303,0.107826709
35304,0.115389264
35305,0.065936272
35306,0.034215119
35307,0.031642758
35308,0.02892107
35309,0.034371942
35310,0.139026852
35311,0.068123369
35312,0.096909297
35313,0.019402558
35314,0.056179108
35315,0.026308165
35316,0.021744125
35317,0.015821502
35318,0.022973452
35319,0.053588347
35320,0.027385342
35321,0.083432532
35322,0.469069406
35323,0.411525231
35324,0.049696989
35325,0.055101093
35326,0.043107763
35327,0.125546677
35328,0.064584429
35329,0.014004131
35330,0.067546712
35331,0.015561037
35332,0.02541597
35333,0.272576189
35334,0.028073829
35335,0.018898582
35336,0.027991425
35337,0.068427197
35338,0.068196672
35339,0.242535568
35340,0.24166504
35341,0.401195924
35342,0.074654537
35343,0.046559416
35344,0.017681808
35345,0.052545051
35346,0.045550898
35347,0.00805752
35348,0.241670047
35349,0.064328323
35350,0.582179854
35351,0.100718407
35352,0.02853448
35353,0.132253359
35354,0.046688111
35355,0.065881743
35356,0.022117779
35357,0.008380086
35358,0.072712881
35359,0.024696059
35360,0.022705012
35361,0.08191029
35362,0.051310771
35363,0.076064415
35364,0.066115558
35365,0.083939836
35366,0.244990644
35367,0.47793131
35368,0.070830324
35369,0.026679471
35370,0.077269964
35371,0.019523962
35372,0.047175039
35373,0.09004718
35374,0.057125742
35375,0.123961641
35376,0.060932312
35377,0.122244421
35378,0.049970017
35379,0.066629361
35380,0.018672358
35381,0.026124117
35382,0.135781259
35383,0.011087904
35384,0.031131747
35385,0.058430935
35386,0.022497597
35387,0.024140688
35388,0.03929401
35389,0.059933119
35390,0.057681989
35391,0.113260708
35392,0.092131198
35393,0.413119651
35394,0.248377598
35395,0.238055867
35396,0.008893377
35397,0.093155506
35398,0.049236283
35399,0.056704067
35400,0.093716459
35401,0.02637489
35402,0.024438885
35403,0.045350133
35404,0.046640779
35405,0.081182922
35406,0.031114684
35407,0.063919892
35408,0.006196419
35409,0.016431864
35410,0.030059723
35411,0.069520331
35412,0.012187987
35413,0.040589787
35414,0.126238018
35415,0.061594486
35416,0.116191621
35417,0.494124945
35418,0.108941989
35419,0.096104677
35420,0.072582225
35421,0.076771481
35422,0.080195372
35423,0.084481392
35424,0.055350787
35425,0.294641931
35426,0.085361441
35427,0.075184328
35428,0.054913426
35429,0.066690743
35430,0.021488722
35431,0.027472744
35432,0.020270869
35433,0.024646036
35434,0.044133485
35435,0.267889049
35436,0.061628486
35437,0.058575053
35438,0.095756633
35439,0.705834408
35440,0.087612161
35441,0.014412038
35442,0.244239322
35443,0.060018565
35444,0.289155272
35445,0.303142933
35446,0.066243386
35447,0.05369594
35448,0.08926801
35449,0.091846538
35450,0.152327405
35451,0.045213289
35452,0.282469254
35453,0.085205971
35454,0.067203763
35455,0.017823914
35456,0.025318031
35457,0.066765787
35458,0.06182344
35459,0.016282625
35460,0.111005394
35461,0.1102401
35462,0.245542097
35463,0.073747662
35464,0.031615718
35465,0.097381961
35466,0.124784265
35467,0.289675675
35468,0.06634484
35469,0.0472761
35470,0.024668197
35471,0.063879063
35472,0.532669727
35473,0.046996265
35474,0.127063787
35475,0.398361247
35476,0.15202171
35477,0.017054258
35478,0.020422912
35479,0.018871987
35480,0.049488467
35481,0.052202945
35482,0.28105392
35483,0.420453956
35484,0.096776246
35485,0.084354793
35486,0.105584976
35487,0.24174324
35488,0.117981502
35489,0.163119693
35490,0.395781411
35491,0.087543981
35492,0.002768228
35493,0.024884224
35494,0.058305465
35495,0.115870597
35496,0.070063221
35497,0.184734252
35498,0.912254908
35499,0.074076945
35500,0.418976523
35501,0.019306401
35502,0.060314172
35503,0.271261423
35504,0.067802205
35505,0.082354965
35506,0.025938324
35507,0.054541711
35508,0.005670958
35509,0.4592647
35510,0.061304592
35511,0.090733333
35512,0.270971653
35513,0.130238068
35514,0.271045712
35515,0.258196262
35516,0.419894358
35517,0.023408782
35518,0.174418743
35519,0.098579622
35520,0.12164014
35521,0.966579222
35522,0.453865791
35523,0.456425738
35524,0.021474192
35525,0.130172077
35526,0.086358445
35527,0.028046327
35528,0.02414579
35529,0.012056227
35530,0.007941592
35531,0.04457818
35532,0.00760684
35533,0.011889595
35534,0.026668332
35535,0.059042621
35536,0.094490156
35537,0.099181689
35538,0.087455805
35539,0.078957303
35540,0.258351823
35541,0.112240611
35542,0.028101789
35543,0.080661694
35544,0.273131842
35545,0.019265072
35546,0.076990778
35547,0.997530877
35548,0.97776443
35549,0.516082799
35550,0.004385556
35551,0.028026961
35552,0.018533561
35553,0.104032042
35554,0.460628513
35555,0.089579217
35556,0.018490173
35557,0.066268882
35558,0.04962853
35559,0.060210423
35560,0.051016708
35561,0.011076078
35562,0.417185963
35563,0.017003795
35564,0.050808013
35565,0.093478853
35566,0.075919485
35567,0.05054539
35568,0.048102421
35569,0.239591731
35570,0.093100794
35571,0.02537199
35572,0.130274781
35573,0.127640497
35574,0.107343084
35575,0.996066967
35576,0.951737041
35577,0.49817658
35578,0.013838801
35579,0.081867499
35580,0.02056325
35581,0.009847506
35582,0.463189333
35583,0.080998576
35584,0.274814345
35585,0.049176804
35586,0.10881104
35587,0.019926373
35588,0.099840744
35589,0.110755557
35590,0.112802467
35591,0.164539614
35592,0.482914196
35593,0.501752082
35594,0.115754757
35595,0.116560776
35596,0.072891547
35597,0.067417067
35598,0.074876417
35599,0.051740981
35600,0.033696368
35601,0.024865357
35602,0.127794241
35603,0.150352818
35604,0.063858021
35605,0.123275088
35606,0.020307164
35607,0.981191828
35608,0.998456718
35609,0.999401104
35610,0.09399847
35611,0.054950411
35612,0.238522642
35613,0.414420877
35614,0.030362456
35615,0.0105338
35616,0.016992815
35617,0.017370529
35618,0.066575702
35619,0.078083356
35620,0.054013056
35621,0.444572422
35622,0.999468063
35623,0.073998415
35624,0.098373721
35625,0.085498249
35626,0.106479815
35627,0.074819495
35628,0.245534474
35629,0.091688059
35630,0.023976024
35631,0.104442317
35632,0.108832366
35633,0.12597464
35634,0.054461101
35635,0.027590153
35636,0.281746752
35637,0.440505863
35638,0.121866259
35639,0.077113919
35640,0.073713672
35641,0.180969764
35642,0.027194283
35643,0.046515003
35644,0.04979297
35645,0.017482477
35646,0.058575508
35647,0.05441582
35648,0.284764465
35649,0.804116157
35650,0.274890808
35651,0.146243141
35652,0.116538195
35653,0.140281156
35654,0.122294176
35655,0.570668933
35656,0.082378443
35657,0.029779155
35658,0.0573862
35659,0.029278881
35660,0.144471627
35661,0.162836888
35662,0.242904741
35663,0.478493472
35664,0.412868786
35665,0.107836277
35666,0.998928631
35667,0.250627094
35668,0.017196351
35669,0.120157639
35670,0.182460472
35671,0.02174018
35672,0.05413058
35673,0.470018762
35674,0.064126337
35675,0.047901635
35676,0.053227922
35677,0.056470659
35678,0.108319723
35679,0.421163503
35680,0.434611048
35681,0.508961819
35682,0.470526577
35683,0.118703891
35684,0.130155624
35685,0.447288402
35686,0.024235405
35687,0.175153144
35688,0.071593793
35689,0.061668678
35690,0.475794647
35691,0.283804925
35692,0.045938449
35693,0.516029304
35694,0.40797776
35695,0.003981354
35696,0.092475118
35697,0.136917957
35698,0.089353291
35699,0.052112837
35700,0.010227658
35701,0.032464038
35702,0.048623663
35703,0.076379512
35704,0.092386797
35705,0.112391483
35706,0.425319559
35707,0.636402096
35708,0.462426801
35709,0.281041349
35710,0.559744318
35711,0.086330362
35712,0.065582277
35713,0.068440093
35714,0.254161015
35715,0.172017714
35716,0.070418952
35717,0.025323431
35718,0.064110125
35719,0.126897264
35720,0.018316965
35721,0.053177464
35722,0.070746399
35723,0.026703436
35724,0.016684911
35725,0.04829497
35726,0.00946624
35727,0.031621747
35728,0.082264001
35729,0.05289166
35730,0.066519678
35731,0.471533076
35732,0.278990728
35733,0.359904208
35734,0.830105439
35735,0.651066518
35736,0.28249244
35737,0.110552458
35738,0.051360552
35739,0.021453909
35740,0.054129206
35741,0.10022508
35742,0.015212203
35743,0.030943167
35744,0.999794104
35745,0.052178024
35746,0.015325448
35747,0.06705794
35748,0.072551546
35749,0.266972548
35750,0.052653834
35751,0.045326248
35752,0.02264786
35753,0.053998981
35754,0.028871775
35755,0.071414884
35756,0.083842225
35757,0.575334543
35758,0.428285242
35759,0.240637178
35760,0.999249986
35761,0.463484872
35762,0.455865464
35763,0.14053633
35764,0.044745864
35765,0.036226599
35766,0.041311312
35767,0.052477087
35768,0.05071495
35769,0.038810253
35770,0.245473831
35771,0.455497072
35772,0.111360687
35773,0.270861331
35774,0.033914759
35775,0.100283652
35776,0.130617422
35777,0.146901283
35778,0.247958882
35779,0.055306564
35780,0.003807435
35781,0.027883682
35782,0.007256695
35783,0.04401149
35784,0.113387956
35785,0.999241288
35786,0.41258106
35787,0.589795098
35788,0.387685192
35789,0.431509041
35790,0.124041655
35791,0.125517548
35792,0.053260372
35793,0.025438175
35794,0.011561209
35795,0.044143576
35796,0.033488732
35797,0.118681549
35798,0.102438397
35799,0.087947012
35800,0.289943536
35801,0.029175104
35802,0.070021016
35803,0.434691038
35804,0.0547526
35805,0.008999952
35806,0.084048929
35807,0.258139998
35808,0.047552124
35809,0.256243283
35810,0.116163347
35811,0.082899806
35812,0.131381908
35813,0.035085944
35814,0.1050368
35815,0.080474159
35816,0.057074236
35817,0.116752637
35818,0.00500194
35819,0.103074743
35820,0.044951964
35821,0.035678427
35822,0.238625159
35823,0.008543569
35824,0.015517778
35825,0.114115481
35826,0.03644053
35827,0.101551115
35828,0.045717653
35829,0.068124496
35830,0.069750324
35831,0.163953287
35832,0.275958103
35833,0.595131252
35834,0.13421281
35835,0.01264888
35836,0.012705187
35837,0.019501556
35838,0.020767564
35839,0.024135974
35840,0.068555856
35841,0.067549593
35842,0.239042608
35843,0.012925625
35844,0.033265666
35845,0.025072473
35846,0.022305079
35847,0.032852339
35848,0.072790581
35849,0.079767219
35850,0.430102248
35851,0.011186863
35852,0.053452005
35853,0.066087372
35854,0.106954085
35855,0.437755126
35856,0.132348665
35857,0.014840264
35858,0.012099849
35859,0.181923897
35860,0.033711185
35861,0.065527665
35862,0.137635986
35863,0.049983447
35864,0.012364042
35865,0.018907518
35866,0.011283499
35867,0.409368634
35868,0.015863694
35869,0.018506603
35870,0.034631731
35871,0.10341031
35872,0.066532528
35873,0.058033851
35874,0.016960129
35875,0.027404647
35876,0.076187298
35877,0.297865651
35878,0.030079891
35879,0.019229816
35880,0.02937137
35881,0.051747462
35882,0.073013354
35883,0.28423057
35884,0.088570962
35885,0.277680333
35886,0.091318703
35887,0.031890818
35888,0.015248725
35889,0.05013769
35890,0.083088927
35891,0.031210195
35892,0.291350388
35893,0.284994397
35894,0.021751524
35895,0.076709064
35896,0.062390271
35897,0.013040259
35898,0.27447272
35899,0.517985625
35900,0.247780234
35901,0.082428197
35902,0.093148164
35903,0.060636982
35904,0.052765019
35905,0.11991909
35906,0.085370189
35907,0.102555763
35908,0.999307145
35909,0.083232318
35910,0.086321498
35911,0.076179052
35912,0.021381457
35913,0.171984656
35914,0.507365506
35915,0.064886821
35916,0.247790409
35917,0.026535584
35918,0.084005785
35919,0.02396001
35920,0.072816166
35921,0.033685576
35922,0.022626352
35923,0.054601333
35924,0.062745331
35925,0.028078116
35926,0.0615064
35927,0.014517017
35928,0.0172351
35929,0.275701642
35930,0.030535589
35931,0.046726918
35932,0.011612118
35933,0.036222288
35934,0.087052809
35935,0.119273718
35936,0.999740939
35937,0.068626996
35938,0.251686426
35939,0.073013149
35940,0.048498655
35941,0.054508245
35942,0.057073823
35943,0.015312116
35944,0.451596965
35945,0.026423189
35946,0.006103768
35947,0.007125111
35948,0.019927865
35949,0.010511579
35950,0.045545331
35951,0.144520037
35952,0.020976835
35953,0.126780156
35954,0.054185698
35955,0.025645339
35956,0.005058724
35957,0.044656868
35958,0.39104591
35959,0.02808994
35960,0.004816573
35961,0.027066168
35962,0.009722168
35963,0.061393592
35964,0.039740823
35965,0.150795749
35966,0.070054066
35967,0.014549252
35968,0.016631371
35969,0.063017916
35970,0.140716329
35971,0.101405903
35972,0.080164255
35973,0.087080797
35974,0.026024257
35975,0.066080866
35976,0.01800457
35977,0.070530831
35978,0.145251778
35979,0.254319898
35980,0.004922408
35981,0.018726573
35982,0.018256332
35983,0.012739463
35984,0.025695726
35985,0.008615342
35986,0.018308334
35987,0.009283832
35988,0.015190895
35989,0.019985342
35990,0.022144407
35991,0.054529401
35992,0.06391978
35993,0.111030363
35994,0.251116503
35995,0.009710026
35996,0.298476398
35997,0.022748684
35998,0.010660829
35999,0.014716424
36000,0.021910503
36001,0.013978627
36002,0.026733308
36003,0.009009092
36004,0.00647544
36005,0.072059108
36006,0.030126423
36007,0.053207974
36008,0.057251763
36009,0.012718486
36010,0.006912571
36011,0.01217442
36012,0.145928794
36013,0.030030309
36014,0.050902542
36015,0.011313947
36016,0.030056304
36017,0.018922073
36018,0.098023455
36019,0.008160465
36020,0.282391908
36021,0.060663838
36022,0.074340514
36023,0.068411903
36024,0.020765479
36025,0.091250868
36026,0.022842333
36027,0.09233182
36028,0.013558119
36029,0.116438662
36030,0.147355023
36031,0.019660259
36032,0.027659726
36033,0.031632751
36034,0.028078264
36035,0.028060588
36036,0.012045773
36037,0.085440621
36038,0.060775656
36039,0.164927618
36040,0.020575256
36041,0.024780711
36042,0.003509448
36043,0.011072835
36044,0.062733561
36045,0.022581578
36046,0.03461788
36047,0.008339953
36048,0.024050806
36049,0.293405642
36050,0.242584052
36051,0.020963708
36052,0.097855142
36053,0.021434367
36054,0.032776763
36055,0.059037423
36056,0.026785987
36057,0.06032602
36058,0.061336332
36059,0.048263772
36060,0.059957095
36061,0.065563282
36062,0.057014708
36063,0.118967232
36064,0.044365143
36065,0.380041411
36066,0.050349663
36067,0.083980265
36068,0.049638469
36069,0.276426742
36070,0.378293511
36071,0.021706511
36072,0.044318576
36073,0.040021193
36074,0.271415149
36075,0.082509587
36076,0.406994571
36077,0.081404062
36078,0.103633521
36079,0.067388914
36080,0.121748526
36081,0.039701337
36082,0.371929076
36083,0.771731019
36084,0.280403629
36085,0.042355822
36086,0.061920591
36087,0.289572344
36088,0.05687385
36089,0.015017353
36090,0.025113111
36091,0.020384068
36092,0.017515038
36093,0.115233316
36094,0.269974172
36095,0.57308854
36096,0.520725136
36097,0.066629436
36098,0.089390923
36099,0.253497465
36100,0.165049928
36101,0.025222922
36102,0.064362218
36103,0.056746693
36104,0.062207214
36105,0.12213867
36106,0.435855814
36107,0.258243528
36108,0.263626751
36109,0.584114881
36110,0.133107017
36111,0.020045142
36112,0.459745464
36113,0.019543641
36114,0.072377444
36115,0.182766872
36116,0.061961491
36117,0.062719369
36118,0.044268962
36119,0.079818435
36120,0.124496774
36121,0.118221385
36122,0.113374307
36123,0.039195219
36124,0.055474521
36125,0.082362945
36126,0.302983598
36127,0.059033021
36128,0.026466294
36129,0.065139955
36130,0.066232799
36131,0.077955657
36132,0.039565523
36133,0.088101965
36134,0.06310672
36135,0.171232062
36136,0.061094012
36137,0.185495532
36138,0.062502206
36139,0.045085342
36140,0.011352536
36141,0.437904522
36142,0.251259608
36143,0.096770144
36144,0.44609047
36145,0.440085859
36146,0.086943472
36147,0.066896646
36148,0.019056507
36149,0.022609259
36150,0.037640337
36151,0.07412588
36152,0.079036991
36153,0.089464643
36154,0.293821332
36155,0.472443853
36156,0.373955147
36157,0.05835891
36158,0.007283322
36159,0.027696698
36160,0.040177237
36161,0.285587386
36162,0.023156902
36163,0.052171357
36164,0.010467091
36165,0.056265218
36166,0.028630643
36167,0.412635599
36168,0.563506015
36169,0.132204701
36170,0.023948403
36171,0.028908327
36172,0.047429665
36173,0.067777022
36174,0.015127263
36175,0.03135215
36176,0.010151784
36177,0.141441395
36178,0.167546173
36179,0.099644829
36180,0.094831039
36181,0.060542467
36182,0.02626155
36183,0.03478535
36184,0.029042534
36185,0.032750067
36186,0.128364244
36187,0.068073021
36188,0.096404765
36189,0.019238068
36190,0.048143659
36191,0.024445521
36192,0.017073806
36193,0.015228944
36194,0.023729559
36195,0.050013401
36196,0.020243126
36197,0.075992602
36198,0.458307792
36199,0.388679565
36200,0.05583045
36201,0.058578371
36202,0.035667042
36203,0.127154282
36204,0.065643952
36205,0.020391639
36206,0.070109552
36207,0.014318556
36208,0.025605267
36209,0.254325546
36210,0.028222456
36211,0.024737452
36212,0.032290653
36213,0.080718209
36214,0.060169616
36215,0.255327056
36216,0.263600528
36217,0.246059342
36218,0.075390463
36219,0.057030252
36220,0.020745656
36221,0.047279147
36222,0.050705411
36223,0.259931613
36224,0.064603765
36225,0.54864907
36226,0.118660299
36227,0.140976915
36228,0.053111372
36229,0.023478474
36230,0.061980478
36231,0.027454033
36232,0.016910039
36233,0.079617985
36234,0.052342708
36235,0.075579541
36236,0.064876167
36237,0.085237125
36238,0.239590666
36239,0.446149582
36240,0.067699691
36241,0.027766622
36242,0.083968107
36243,0.019884906
36244,0.0510076
36245,0.074492636
36246,0.063588737
36247,0.109701067
36248,0.059461272
36249,0.132026702
36250,0.050521462
36251,0.06119236
36252,0.016795009
36253,0.143655796
36254,0.011869841
36255,0.02835358
36256,0.054968382
36257,0.027651464
36258,0.023497264
36259,0.036985328
36260,0.066031433
36261,0.064304869
36262,0.113144271
36263,0.100890813
36264,0.2734441
36265,0.264609535
36266,0.262332602
36267,0.012569816
36268,0.073585704
36269,0.045405478
36270,0.056393054
36271,0.094780125
36272,0.029932452
36273,0.023819317
36274,0.062056176
36275,0.049345764
36276,0.057376624
36277,0.074843926
36278,0.060089983
36279,0.065159787
36280,0.011988056
36281,0.051641502
36282,0.137766378
36283,0.070827638
36284,0.242228791
36285,0.493242073
36286,0.124047843
36287,0.082415338
36288,0.062663049
36289,0.070264027
36290,0.075155501
36291,0.086326377
36292,0.04869134
36293,0.009014239
36294,0.025258423
36295,0.295715804
36296,0.072183669
36297,0.082361809
36298,0.064259279
36299,0.081296314
36300,0.022605901
36301,0.027446051
36302,0.022574369
36303,0.056719169
36304,0.453586612
36305,0.058387433
36306,0.05383643
36307,0.098661992
36308,0.737305917
36309,0.094160042
36310,0.018252398
36311,0.097207469
36312,0.055610258
36313,0.284073157
36314,0.416970257
36315,0.063109447
36316,0.028324363
36317,0.059166525
36318,0.075412967
36319,0.083382677
36320,0.140028525
36321,0.059001014
36322,0.29431103
36323,0.074594317
36324,0.068003125
36325,0.01588911
36326,0.020371412
36327,0.049640976
36328,0.069424115
36329,0.018897764
36330,0.116376085
36331,0.09971222
36332,0.256568901
36333,0.079755635
36334,0.03392233
36335,0.090556733
36336,0.13011547
36337,0.176921456
36338,0.055700926
36339,0.050937821
36340,0.023183019
36341,0.06192794
36342,0.54173347
36343,0.040252478
36344,0.118693296
36345,0.324015117
36346,0.150293921
36347,0.013501011
36348,0.015582136
36349,0.00733984
36350,0.051434419
36351,0.043740283
36352,0.267747086
36353,0.422713181
36354,0.101192372
36355,0.093483919
36356,0.130552913
36357,0.246296268
36358,0.10057976
36359,0.174246039
36360,0.395190579
36361,0.068493895
36362,0.060900952
36363,0.117002782
36364,0.048287249
36365,0.295407067
36366,0.937736681
36367,0.0694646
36368,0.408189172
36369,0.014517928
36370,0.045751355
36371,0.180499533
36372,0.050092996
36373,0.067271152
36374,0.021915303
36375,0.050416335
36376,0.004792812
36377,0.454746389
36378,0.061441501
36379,0.093361359
36380,0.275696487
36381,0.114393021
36382,0.192398696
36383,0.255047585
36384,0.195718383
36385,0.031678571
36386,0.267336435
36387,0.25679751
36388,0.128591911
36389,0.972599829
36390,0.456118002
36391,0.457812299
36392,0.018419374
36393,0.260106136
36394,0.085606842
36395,0.025766336
36396,0.023759471
36397,0.01082304
36398,0.009761867
36399,0.047359948
36400,0.009831453
36401,0.024576808
36402,0.067930204
36403,0.097108127
36404,0.080945923
36405,0.093441596
36406,0.087481382
36407,0.108295131
36408,0.108557219
36409,0.02149576
36410,0.0871656
36411,0.272014405
36412,0.066486096
36413,0.996955463
36414,0.990196777
36415,0.532089535
36416,0.007019106
36417,0.029531026
36418,0.092567358
36419,0.447137172
36420,0.096710138
36421,0.016519857
36422,0.059996019
36423,0.009025973
36424,0.009080107
36425,0.052184119
36426,0.070806599
36427,0.056857803
36428,0.405389002
36429,0.019191209
36430,0.048235128
36431,0.087377514
36432,0.08149281
36433,0.059122833
36434,0.045646941
36435,0.395870429
36436,0.084962887
36437,0.137333804
36438,0.128848475
36439,0.095435019
36440,0.998046563
36441,0.96690938
36442,0.498003437
36443,0.017454657
36444,0.074983081
36445,0.0239131
36446,0.006103524
36447,0.43982912
36448,0.057918086
36449,0.28393725
36450,0.053576681
36451,0.110833018
36452,0.021886565
36453,0.112124929
36454,0.109727616
36455,0.108314162
36456,0.162837501
36457,0.474183086
36458,0.482047818
36459,0.118586403
36460,0.100717634
36461,0.070027422
36462,0.050914907
36463,0.078335631
36464,0.049617979
36465,0.033492304
36466,0.128600041
36467,0.150340462
36468,0.062320759
36469,0.114578592
36470,0.018575034
36471,0.990023243
36472,0.996776953
36473,0.990849065
36474,0.102276484
36475,0.064757759
36476,0.259960749
36477,0.443712963
36478,0.026390532
36479,0.01417425
36480,0.020552451
36481,0.090466366
36482,0.06902908
36483,0.423170847
36484,0.998428901
36485,0.06740454
36486,0.104534818
36487,0.08448666
36488,0.102144316
36489,0.058197059
36490,0.245302181
36491,0.093848322
36492,0.03157783
36493,0.092432347
36494,0.128894594
36495,0.109901345
36496,0.052801679
36497,0.451947032
36498,0.394297069
36499,0.107752214
36500,0.071414014
36501,0.08621034
36502,0.061451278
36503,0.179666225
36504,0.033236504
36505,0.049069101
36506,0.051467504
36507,0.01629485
36508,0.067209471
36509,0.057932655
36510,0.392232141
36511,0.80089302
36512,0.17513324
36513,0.147756714
36514,0.098293784
36515,0.129537251
36516,0.119866625
36517,0.570029515
36518,0.073620901
36519,0.045866435
36520,0.03022498
36521,0.128706751
36522,0.162219202
36523,0.411455957
36524,0.307067741
36525,0.296125019
36526,0.126488412
36527,0.996534784
36528,0.256480739
36529,0.019774417
36530,0.11992375
36531,0.166177037
36532,0.021796513
36533,0.054462638
36534,0.454938567
36535,0.071999191
36536,0.040724869
36537,0.035831349
36538,0.059757072
36539,0.106195539
36540,0.415499446
36541,0.261511551
36542,0.489680638
36543,0.451005589
36544,0.103350615
36545,0.127470471
36546,0.262254423
36547,0.023329299
36548,0.171694746
36549,0.080972343
36550,0.057820754
36551,0.4360664
36552,0.305909778
36553,0.048766686
36554,0.490189785
36555,0.414938218
36556,0.00487204
36557,0.093917214
36558,0.1082495
36559,0.090966176
36560,0.05331997
36561,0.009732584
36562,0.034059767
36563,0.04683776
36564,0.084122858
36565,0.069620815
36566,0.117593119
36567,0.434311285
36568,0.664513917
36569,0.431040191
36570,0.293691459
36571,0.577793324
36572,0.093006195
36573,0.028167296
36574,0.060384033
36575,0.067918326
36576,0.271172551
36577,0.171270631
36578,0.065965088
36579,0.029392858
36580,0.065388222
36581,0.11910787
36582,0.020468533
36583,0.057782304
36584,0.068651002
36585,0.016618771
36586,0.047487028
36587,0.00914034
36588,0.030335428
36589,0.086155734
36590,0.048947789
36591,0.071024338
36592,0.394828819
36593,0.285851833
36594,0.409309873
36595,0.761514772
36596,0.656432947
36597,0.29201857
36598,0.135470763
36599,0.055467133
36600,0.023556844
36601,0.050424917
36602,0.109690828
36603,0.014649308
36604,0.034616055
36605,0.997744944
36606,0.061621502
36607,0.014687122
36608,0.071196605
36609,0.065692855
36610,0.263571663
36611,0.049642176
36612,0.043709936
36613,0.018016755
36614,0.053722529
36615,0.012058902
36616,0.015923055
36617,0.025154905
36618,0.08640146
36619,0.083820828
36620,0.575527765
36621,0.423642441
36622,0.243454417
36623,0.989450623
36624,0.273205887
36625,0.306925353
36626,0.147886401
36627,0.048278379
36628,0.037145177
36629,0.034783835
36630,0.052019791
36631,0.062630297
36632,0.043231269
36633,0.054157738
36634,0.437083443
36635,0.108890091
36636,0.424388779
36637,0.050483555
36638,0.102696386
36639,0.118465015
36640,0.129960504
36641,0.26093657
36642,0.054990534
36643,0.031641834
36644,0.006188692
36645,0.042705628
36646,0.11093816
36647,0.9993857
36648,0.379521749
36649,0.621057908
36650,0.403133397
36651,0.434749794
36652,0.128073215
36653,0.114198539
36654,0.05387324
36655,0.022983007
36656,0.052332449
36657,0.033270399
36658,0.139237626
36659,0.108862923
36660,0.074912809
36661,0.305145333
36662,0.029324868
36663,0.06169167
36664,0.425610025
36665,0.059172354
36666,0.011644019
36667,0.011340537
36668,0.115275872
36669,0.248732153
36670,0.048901207
36671,0.244378861
36672,0.112112367
36673,0.074470159
36674,0.118229101
36675,0.032450843
36676,0.111603789
36677,0.081228834
36678,0.060536137
36679,0.123685468
36680,0.100601477
36681,0.055024429
36682,0.10826596
36683,0.010049081
36684,0.018212808
36685,0.256348292
36686,0.039581019
36687,0.120296704
36688,0.044602097
36689,0.065205615
36690,0.06247842
36691,0.161303915
36692,0.275306621
36693,0.602210475
36694,0.136679836
36695,0.009498111
36696,0.017058565
36697,0.015870615
36698,0.020722964
36699,0.029137573
36700,0.057545594
36701,0.060809042
36702,0.247101797
36703,0.014222536
36704,0.029357277
36705,0.014856205
36706,0.027386686
36707,0.020455437
36708,0.012450052
36709,0.030639876
36710,0.069627284
36711,0.077270725
36712,0.42669381
36713,0.011152635
36714,0.019004782
36715,0.051471294
36716,0.065888053
36717,0.108448782
36718,0.403399184
36719,0.129775303
36720,0.013048584
36721,0.010816717
36722,0.251245059
36723,0.035185363
36724,0.061506134
36725,0.167759102
36726,0.016921202
36727,0.418697331
36728,0.014476917
36729,0.020224602
36730,0.021418394
36731,0.101957456
36732,0.065883929
36733,0.05012215
36734,0.018154785
36735,0.026617039
36736,0.075178905
36737,0.165677865
36738,0.033557128
36739,0.022589756
36740,0.026489315
36741,0.047240337
36742,0.069221042
36743,0.271772766
36744,0.071422895
36745,0.275930331
36746,0.09246373
36747,0.017409729
36748,0.054211463
36749,0.071895539
36750,0.142396633
36751,0.295458762
36752,0.276544898
36753,0.015386763
36754,0.093050384
36755,0.061086237
36756,0.428799545
36757,0.559772958
36758,0.105321666
36759,0.086280056
36760,0.011087462
36761,0.095919265
36762,0.052484938
36763,0.055679834
36764,0.080401654
36765,0.086373163
36766,0.096168307
36767,0.999561217
36768,0.021217341
36769,0.080054291
36770,0.081990976
36771,0.070256845
36772,0.021517878
36773,0.155980764
36774,0.497511609
36775,0.058999059
36776,0.254861976
36777,0.026651649
36778,0.077239926
36779,0.02092711
36780,0.071689468
36781,0.025909802
36782,0.024518547
36783,0.055269118
36784,0.061721072
36785,0.026307382
36786,0.018875185
36787,0.056791021
36788,0.0195957
36789,0.165687751
36790,0.046555145
36791,0.015541446
36792,0.034026168
36793,0.083667279
36794,0.109471901
36795,0.025044874
36796,0.024858372
36797,0.050150658
36798,0.986581236
36799,0.064694076
36800,0.153351856
36801,0.073335987
36802,0.049968859
36803,0.054223178
36804,0.053327332
36805,0.019414575
36806,0.449273628
36807,0.028107432
36808,0.006802204
36809,0.003235278
36810,0.006538373
36811,0.054297748
36812,0.25157435
36813,0.12807817
36814,0.052271758
36815,0.057067434
36816,0.304941358
36817,0.026178857
36818,0.03247011
36819,0.030751872
36820,0.056381809
36821,0.041141848
36822,0.264718699
36823,0.065662913
36824,0.015510711
36825,0.017816826
36826,0.06120727
36827,0.145719741
36828,0.105550992
36829,0.074390838
36830,0.080309488
36831,0.021800179
36832,0.053200456
36833,0.06217659
36834,0.145185171
36835,0.243113054
36836,0.006627768
36837,0.027276632
36838,0.015583924
36839,0.010496024
36840,0.022453179
36841,0.017369212
36842,0.017245256
36843,0.026289728
36844,0.054477029
36845,0.071252777
36846,0.104000428
36847,0.015759875
36848,0.243097247
36849,0.007278807
36850,0.307559527
36851,0.024124086
36852,0.019338043
36853,0.021750886
36854,0.00779009
36855,0.01787074
36856,0.02833024
36857,0.01614696
36858,0.006946716
36859,0.06989754
36860,0.0278766
36861,0.061155136
36862,0.014126849
36863,0.043530535
36864,0.014703284
36865,0.167137107
36866,0.027529244
36867,0.055132976
36868,0.008839989
36869,0.032841096
36870,0.008072788
36871,0.022654629
36872,0.112711029
36873,0.303181451
36874,0.063611959
36875,0.064095398
36876,0.06077509
36877,0.077063175
36878,0.026305019
36879,0.096548817
36880,0.014444141
36881,0.127482262
36882,0.150744519
36883,0.019733633
36884,0.021013843
36885,0.037964341
36886,0.010044221
36887,0.010107452
36888,0.006316406
36889,0.009898745
36890,0.029918976
36891,0.009712299
36892,0.09643357
36893,0.057696236
36894,0.005675656
36895,0.14968631
36896,0.019564707
36897,0.015857259
36898,0.003394686
36899,0.010441321
36900,0.056146302
36901,0.019054449
36902,0.026350427
36903,0.031058015
36904,0.032884994
36905,0.122474201
36906,0.387232348
36907,0.019678853
36908,0.261975108
36909,0.021273069
36910,0.052237365
36911,0.037481689
36912,0.062452047
36913,0.057120342
36914,0.065889284
36915,0.060385724
36916,0.068582257
36917,0.048682311
36918,0.106261019
36919,0.056659462
36920,0.047519304
36921,0.402712951
36922,0.047210075
36923,0.035822639
36924,0.049381582
36925,0.278658708
36926,0.240371185
36927,0.025395704
36928,0.046999746
36929,0.015181715
36930,0.400090906
36931,0.05372495
36932,0.420329331
36933,0.079595997
36934,0.114788062
36935,0.063775434
36936,0.108553112
36937,0.012120705
36938,0.016367362
36939,0.423730596
36940,0.038480817
36941,0.799434371
36942,0.298315134
36943,0.049472591
36944,0.29006684
36945,0.068926604
36946,0.013501768
36947,0.022061264
36948,0.021321417
36949,0.119792833
36950,0.265462169
36951,0.595128087
36952,0.579220274
36953,0.060219857
36954,0.1378706
36955,0.153893993
36956,0.076374166
36957,0.05172521
36958,0.064276319
36959,0.11286256
36960,0.035698402
36961,0.422123925
36962,0.155353535
36963,0.255417966
36964,0.592677041
36965,0.127796931
36966,0.50562478
36967,0.074177531
36968,0.179846354
36969,0.060284674
36970,0.053120261
36971,0.038495226
36972,0.073982973
36973,0.030018604
36974,0.099271264
36975,0.1202569
36976,0.097935343
36977,0.031120367
36978,0.051626381
36979,0.128896713
36980,0.25719843
36981,0.056331741
36982,0.027449187
36983,0.066131364
36984,0.069120135
36985,0.038111427
36986,0.035673659
36987,0.059000334
36988,0.157961737
36989,0.059562834
36990,0.276680875
36991,0.070656433
36992,0.041615202
36993,0.021062299
36994,0.011819986
36995,0.472532941
36996,0.233698197
36997,0.014510002
36998,0.084884266
36999,0.459224247
37000,0.450168949
37001,0.005083528
37002,0.088812485
37003,0.06979317
37004,0.021323286
37005,0.029394387
37006,0.046031206
37007,0.082183511
37008,0.075365266
37009,0.096906965
37010,0.279984832
37011,0.418316579
37012,0.256468325
37013,0.056139841
37014,0.02684968
37015,0.038217799
37016,0.284719366
37017,0.053084391
37018,0.009744265
37019,0.067901249
37020,0.286512261
37021,0.533041239
37022,0.100489182
37023,0.016224159
37024,0.025069212
37025,0.050934259
37026,0.073230918
37027,0.025255094
37028,0.006987938
37029,0.126935808
37030,0.174551891
37031,0.09545098
37032,0.093906861
37033,0.064961797
37034,0.010879475
37035,0.026268752
37036,0.031158229
37037,0.024363851
37038,0.033619312
37039,0.242829015
37040,0.055855804
37041,0.091770647
37042,0.022622914
37043,0.04655116
37044,0.034586089
37045,0.018652835
37046,0.023712881
37047,0.04901211
37048,0.024884147
37049,0.08498083
37050,0.441459767
37051,0.401621343
37052,0.049976722
37053,0.050873638
37054,0.046851698
37055,0.130739428
37056,0.066861264
37057,0.020120282
37058,0.070844772
37059,0.016108643
37060,0.013226673
37061,0.026999944
37062,0.007738694
37063,0.171279214
37064,0.02705904
37065,0.024099916
37066,0.031556441
37067,0.087427875
37068,0.067641898
37069,0.133155751
37070,0.23168584
37071,0.262199138
37072,0.082328626
37073,0.05435491
37074,0.018291414
37075,0.049797287
37076,0.055903384
37077,0.237694357
37078,0.049783045
37079,0.5878747
37080,0.109783379
37081,0.125425542
37082,0.0504585
37083,0.055659506
37084,0.020452269
37085,0.011397514
37086,0.066557295
37087,0.007289842
37088,0.02111682
37089,0.022422586
37090,0.088153818
37091,0.05947688
37092,0.073667009
37093,0.067397936
37094,0.097769416
37095,0.236332589
37096,0.467515565
37097,0.064810349
37098,0.029645362
37099,0.069966541
37100,0.049353054
37101,0.048716904
37102,0.068350605
37103,0.113923793
37104,0.056652408
37105,0.119150583
37106,0.055664135
37107,0.03424346
37108,0.019079188
37109,0.155007046
37110,0.062326048
37111,0.030620339
37112,0.025310205
37113,0.035166004
37114,0.066897495
37115,0.071479054
37116,0.106353132
37117,0.074603542
37118,0.276347195
37119,0.253446931
37120,0.157007669
37121,0.013165662
37122,0.075879579
37123,0.008704864
37124,0.046232109
37125,0.054121364
37126,0.09299757
37127,0.027112297
37128,0.05501467
37129,0.046614284
37130,0.043463743
37131,0.066727337
37132,0.027925368
37133,0.065200203
37134,0.008855328
37135,0.067024739
37136,0.014715512
37137,0.045603636
37138,0.126686237
37139,0.06564419
37140,0.109401467
37141,0.490103362
37142,0.093085117
37143,0.08636779
37144,0.066548847
37145,0.080952238
37146,0.076818409
37147,0.067493429
37148,0.056883957
37149,0.010478572
37150,0.009322669
37151,0.020195991
37152,0.225957598
37153,0.085203453
37154,0.067348675
37155,0.062976893
37156,0.06965296
37157,0.020010594
37158,0.019599122
37159,0.022235837
37160,0.042393886
37161,0.405318727
37162,0.059542308
37163,0.059157701
37164,0.080326496
37165,0.775059189
37166,0.084745816
37167,0.104346169
37168,0.064666048
37169,0.284677028
37170,0.396238686
37171,0.065802905
37172,0.01787538
37173,0.058710542
37174,0.066380451
37175,0.088690811
37176,0.138485323
37177,0.043358773
37178,0.279593805
37179,0.080193951
37180,0.060115706
37181,0.016221394
37182,0.021700248
37183,0.057691117
37184,0.068524892
37185,0.015560057
37186,0.115491081
37187,0.09629769
37188,0.245874016
37189,0.081795898
37190,0.034124969
37191,0.10905124
37192,0.146822072
37193,0.160462092
37194,0.055323445
37195,0.049766637
37196,0.025698311
37197,0.063120195
37198,0.525173235
37199,0.053160086
37200,0.132002912
37201,0.437620868
37202,0.147924518
37203,0.020053445
37204,0.018080512
37205,0.008145812
37206,0.050289909
37207,0.04590696
37208,0.282899318
37209,0.402341351
37210,0.103078368
37211,0.099405669
37212,0.110725238
37213,0.120678816
37214,0.101192199
37215,0.17991138
37216,0.406363962
37217,0.092787259
37218,0.020114303
37219,0.060964023
37220,0.08329387
37221,0.052317758
37222,0.296603644
37223,0.94975734
37224,0.070304301
37225,0.440588364
37226,0.015524835
37227,0.052993884
37228,0.189996728
37229,0.01191372
37230,0.051203884
37231,0.081021956
37232,0.020629959
37233,0.054417107
37234,0.424321972
37235,0.057101757
37236,0.093389098
37237,0.264707602
37238,0.119317336
37239,0.179123952
37240,0.274872796
37241,0.292395192
37242,0.031667938
37243,0.263766211
37244,0.100984643
37245,0.102888499
37246,0.980646071
37247,0.438833394
37248,0.303716871
37249,0.024217343
37250,0.117077655
37251,0.077014114
37252,0.025271143
37253,0.01916016
37254,0.045839599
37255,0.008083118
37256,0.009746143
37257,0.03253063
37258,0.060054735
37259,0.071298764
37260,0.076895285
37261,0.09157417
37262,0.070787276
37263,0.115918381
37264,0.104429368
37265,0.028608479
37266,0.087469456
37267,0.280466482
37268,0.059454131
37269,0.992860999
37270,0.972160469
37271,0.505573471
37272,0.006195008
37273,0.031161141
37274,0.017599042
37275,0.06602893
37276,0.422790482
37277,0.078627154
37278,0.069445184
37279,0.009271538
37280,0.00834559
37281,0.068788201
37282,0.06511598
37283,0.048128927
37284,0.010586019
37285,0.410977151
37286,0.019974736
37287,0.045824202
37288,0.261221935
37289,0.078831242
37290,0.050705477
37291,0.050161181
37292,0.239972204
37293,0.074934727
37294,0.114950889
37295,0.102017153
37296,0.079685037
37297,0.99537806
37298,0.94863862
37299,0.497836658
37300,0.01604441
37301,0.092008751
37302,0.021694572
37303,0.008387922
37304,0.423908042
37305,0.05951241
37306,0.28404792
37307,0.045259068
37308,0.106776947
37309,0.016161802
37310,0.092491979
37311,0.090091751
37312,0.105319708
37313,0.147022654
37314,0.51966479
37315,0.511847889
37316,0.109406105
37317,0.094919393
37318,0.086406722
37319,0.059961298
37320,0.089436501
37321,0.052268139
37322,0.027416083
37323,0.143935173
37324,0.1585431
37325,0.060654478
37326,0.09493557
37327,0.024037992
37328,0.976542453
37329,0.996409774
37330,0.992717959
37331,0.061097603
37332,0.409888482
37333,0.41134197
37334,0.026857124
37335,0.009599712
37336,0.016462381
37337,0.023025094
37338,0.076304772
37339,0.083017585
37340,0.049732798
37341,0.424467807
37342,0.998598169
37343,0.0732942
37344,0.108444463
37345,0.063027509
37346,0.122501411
37347,0.059224052
37348,0.107425863
37349,0.087247248
37350,0.031212363
37351,0.097021547
37352,0.086501441
37353,0.122240542
37354,0.054130289
37355,0.467975579
37356,0.405901755
37357,0.119400452
37358,0.031160052
37359,0.095382374
37360,0.068060615
37361,0.173800081
37362,0.044762242
37363,0.05407302
37364,0.042931821
37365,0.016532587
37366,0.021399682
37367,0.063358502
37368,0.04961533
37369,0.280590315
37370,0.72462284
37371,0.174584733
37372,0.145934911
37373,0.107955346
37374,0.114711756
37375,0.120969167
37376,0.554774961
37377,0.075287692
37378,0.029078612
37379,0.160477457
37380,0.143782444
37381,0.242265767
37382,0.46840863
37383,0.289475446
37384,0.097494774
37385,0.998390081
37386,0.240996973
37387,0.108274248
37388,0.127043388
37389,0.023084487
37390,0.050849969
37391,0.46655523
37392,0.062734224
37393,0.041170531
37394,0.041602784
37395,0.055715924
37396,0.105256776
37397,0.413868167
37398,0.273819256
37399,0.277368098
37400,0.274329541
37401,0.087946359
37402,0.133104642
37403,0.260166753
37404,0.016076367
37405,0.024923966
37406,0.152312447
37407,0.085547453
37408,0.0584372
37409,0.418299066
37410,0.39232808
37411,0.047666569
37412,0.498669568
37413,0.294730826
37414,0.004597311
37415,0.080550911
37416,0.091029649
37417,0.071228731
37418,0.007409504
37419,0.045923868
37420,0.065357512
37421,0.097493782
37422,0.10845217
37423,0.422085589
37424,0.665188747
37425,0.454695027
37426,0.281082712
37427,0.582147439
37428,0.062931762
37429,0.018752572
37430,0.064739234
37431,0.060105508
37432,0.118866095
37433,0.286099853
37434,0.07168427
37435,0.026864467
37436,0.067595047
37437,0.132728058
37438,0.044015282
37439,0.07414887
37440,0.024701846
37441,0.037283731
37442,0.022642958
37443,0.008874344
37444,0.028980878
37445,0.091331611
37446,0.049110722
37447,0.072776675
37448,0.397923006
37449,0.13734763
37450,0.403441096
37451,0.764832728
37452,0.651428971
37453,0.295846969
37454,0.112630783
37455,0.053962198
37456,0.042603055
37457,0.093566265
37458,0.018134775
37459,0.029639842
37460,0.998798165
37461,0.05570457
37462,0.071695996
37463,0.074970151
37464,0.245045487
37465,0.052368182
37466,0.048659498
37467,0.047526144
37468,0.012515442
37469,0.014430125
37470,0.031757216
37471,0.081688962
37472,0.081845036
37473,0.5654546
37474,0.406768213
37475,0.243812639
37476,0.9793153
37477,0.444431918
37478,0.314403622
37479,0.15395602
37480,0.043848011
37481,0.037260787
37482,0.040563481
37483,0.042436044
37484,0.061291211
37485,0.033808446
37486,0.066710246
37487,0.440456812
37488,0.245957167
37489,0.287978315
37490,0.033355617
37491,0.078696569
37492,0.118129837
37493,0.13707573
37494,0.259149162
37495,0.052353595
37496,0.02867786
37497,0.051855933
37498,0.101643374
37499,0.99930467
37500,0.387361442
37501,0.630483993
37502,0.399739824
37503,0.258764938
37504,0.1289857
37505,0.091258812
37506,0.047690654
37507,0.017450131
37508,0.027783315
37509,0.011890387
37510,0.034632502
37511,0.131967676
37512,0.107563159
37513,0.069657961
37514,0.157202065
37515,0.031222204
37516,0.063448938
37517,0.40494994
37518,0.04941996
37519,0.009360339
37520,0.089647088
37521,0.244637529
37522,0.046542107
37523,0.106951903
37524,0.120672382
37525,0.079433666
37526,0.110813323
37527,0.092305176
37528,0.083678005
37529,0.056425534
37530,0.233986807
37531,0.112879664
37532,0.049531312
37533,0.009796917
37534,0.107955103
37535,0.080086929
37536,0.030998459
37537,0.107565582
37538,0.057253953
37539,0.068875056
37540,0.063141967
37541,0.145213506
37542,0.438763972
37543,0.613109375
37544,0.117051216
37545,0.008893492
37546,0.014654301
37547,0.021930746
37548,0.025860311
37549,0.058286387
37550,0.014029208
37551,0.069435292
37552,0.148955413
37553,0.013769322
37554,0.032961031
37555,0.015175717
37556,0.009658948
37557,0.026908026
37558,0.065512399
37559,0.062628189
37560,0.417421694
37561,0.016031561
37562,0.020628954
37563,0.05324341
37564,0.066228077
37565,0.080387704
37566,0.434882309
37567,0.124541018
37568,0.01378183
37569,0.011983223
37570,0.243754003
37571,0.021357314
37572,0.063177295
37573,0.252391108
37574,0.056514996
37575,0.01157757
37576,0.010296604
37577,0.286872388
37578,0.018417219
37579,0.034372468
37580,0.108283224
37581,0.062717977
37582,0.054243115
37583,0.031344965
37584,0.067282867
37585,0.145849929
37586,0.031286996
37587,0.028916712
37588,0.020750902
37589,0.056016277
37590,0.067584671
37591,0.273151523
37592,0.074064044
37593,0.280509028
37594,0.067884459
37595,0.028966262
37596,0.019214576
37597,0.055191304
37598,0.072796346
37599,0.0334939
37600,0.392446078
37601,0.281253645
37602,0.01721652
37603,0.075835156
37604,0.069520156
37605,0.013767971
37606,0.406295945
37607,0.54095166
37608,0.114524049
37609,0.110213164
37610,0.084202825
37611,0.065672019
37612,0.057130407
37613,0.056390203
37614,0.080326272
37615,0.105780386
37616,0.999690742
37617,0.069108659
37618,0.018918274
37619,0.083407406
37620,0.076142111
37621,0.038249809
37622,0.166167524
37623,0.493679147
37624,0.065039136
37625,0.26115183
37626,0.029906962
37627,0.0145544
37628,0.067115068
37629,0.022152299
37630,0.085925699
37631,0.029333274
37632,0.019610458
37633,0.048494592
37634,0.054717002
37635,0.025619923
37636,0.071224828
37637,0.171553732
37638,0.032237775
37639,0.040049112
37640,0.031525616
37641,0.078719462
37642,0.102063085
37643,0.024905889
37644,0.024267863
37645,0.047284799
37646,0.999656817
37647,0.065842048
37648,0.127032549
37649,0.068448261
37650,0.053315401
37651,0.048932585
37652,0.035730532
37653,0.012708597
37654,0.295279364
37655,0.031349749
37656,0.002740486
37657,0.007941329
37658,0.054998957
37659,0.399214358
37660,0.010111056
37661,0.11081391
37662,0.031302039
37663,0.005749919
37664,0.050235105
37665,0.281878631
37666,0.025424744
37667,0.024431258
37668,0.02089226
37669,0.050849883
37670,0.037959838
37671,0.134080058
37672,0.068980868
37673,0.017046628
37674,0.067967534
37675,0.23661155
37676,0.109621051
37677,0.087068412
37678,0.068077973
37679,0.02231349
37680,0.054999292
37681,0.076484959
37682,0.269757995
37683,0.130405101
37684,0.007200901
37685,0.024273455
37686,0.016901966
37687,0.007819825
37688,0.017019317
37689,0.016392802
37690,0.025808152
37691,0.049546056
37692,0.063489872
37693,0.116521922
37694,0.129427777
37695,0.009014654
37696,0.39688595
37697,0.009803745
37698,0.018777022
37699,0.029265811
37700,0.008837835
37701,0.016647543
37702,0.020562785
37703,0.007451988
37704,0.013979911
37705,0.027534277
37706,0.014360942
37707,0.012141374
37708,0.007847097
37709,0.072374002
37710,0.02086411
37711,0.0565937
37712,0.059547808
37713,0.008142005
37714,0.007362729
37715,0.135481417
37716,0.02835275
37717,0.054459363
37718,0.029470004
37719,0.01221367
37720,0.019853142
37721,0.083001981
37722,0.291487678
37723,0.064850899
37724,0.064360958
37725,0.069993368
37726,0.061165169
37727,0.021466515
37728,0.09749214
37729,0.012440523
37730,0.114942584
37731,0.144366776
37732,0.017547873
37733,0.009924459
37734,0.033746122
37735,0.025914973
37736,0.025794239
37737,0.009795664
37738,0.031309412
37739,0.093983133
37740,0.056264873
37741,0.003549626
37742,0.263355422
37743,0.019343056
37744,0.025620465
37745,0.0152017
37746,0.024559333
37747,0.056081001
37748,0.028804984
37749,0.025570211
37750,0.009728046
37751,0.009404467
37752,0.130775553
37753,0.259848057
37754,0.020465855
37755,0.102188016
37756,0.018728783
37757,0.03213719
37758,0.070036699
37759,0.045704471
37760,0.059949033
37761,0.033133133
37762,0.051989581
37763,0.052657586
37764,0.067500531
37765,0.045876671
37766,0.096387145
37767,0.048606427
37768,0.052590969
37769,0.027212663
37770,0.43862282
37771,0.047897062
37772,0.037739936
37773,0.154196171
37774,0.149467706
37775,0.026485303
37776,0.04799596
37777,0.268448087
37778,0.08705711
37779,0.422854246
37780,0.082704172
37781,0.11330865
37782,0.068445033
37783,0.115480864
37784,0.161452634
37785,0.028578241
37786,0.777051597
37787,0.138221929
37788,0.050645041
37789,0.276195699
37790,0.057957035
37791,0.012988525
37792,0.024687556
37793,0.053271824
37794,0.127180085
37795,0.155829649
37796,0.600019653
37797,0.517694944
37798,0.058739948
37799,0.120144284
37800,0.152316267
37801,0.008231804
37802,0.071887179
37803,0.051371531
37804,0.059425099
37805,0.016056755
37806,0.121789856
37807,0.033923244
37808,0.426582424
37809,0.148613066
37810,0.272598409
37811,0.588800632
37812,0.245774554
37813,0.023118709
37814,0.525597497
37815,0.014999446
37816,0.068515404
37817,0.190916064
37818,0.049261277
37819,0.052577867
37820,0.0385086
37821,0.076465938
37822,0.027042735
37823,0.103819366
37824,0.120102391
37825,0.105188839
37826,0.079775033
37827,0.43513418
37828,0.047046475
37829,0.024780761
37830,0.064484292
37831,0.06317771
37832,0.071869358
37833,0.052763444
37834,0.02756587
37835,0.070227272
37836,0.157296282
37837,0.055027765
37838,0.288933415
37839,0.070369143
37840,0.042878189
37841,0.024181139
37842,0.503626212
37843,0.424180967
37844,0.103778826
37845,0.443008839
37846,0.467145786
37847,0.004901476
37848,0.090920452
37849,0.065176144
37850,0.047658229
37851,0.069839539
37852,0.072893173
37853,0.092173787
37854,0.173844819
37855,0.455701074
37856,0.268913711
37857,0.044345009
37858,0.028604889
37859,0.042669403
37860,0.291779494
37861,0.022766145
37862,0.05861567
37863,0.007411727
37864,0.260282692
37865,0.047838612
37866,0.270664973
37867,0.613350701
37868,0.111646418
37869,0.026194816
37870,0.053376275
37871,0.084668947
37872,0.029183874
37873,0.130420164
37874,0.180174989
37875,0.096963697
37876,0.105673489
37877,0.068314644
37878,0.035118814
37879,0.030991286
37880,0.02618759
37881,0.027380599
37882,0.250832106
37883,0.053749639
37884,0.099879699
37885,0.022860642
37886,0.043831922
37887,0.022291857
37888,0.017692437
37889,0.018964113
37890,0.023259024
37891,0.051479528
37892,0.026886072
37893,0.075996649
37894,0.463008228
37895,0.427488504
37896,0.045265
37897,0.052669803
37898,0.11320516
37899,0.061940179
37900,0.016296947
37901,0.064395801
37902,0.016962181
37903,0.173176394
37904,0.027834926
37905,0.030106682
37906,0.027818236
37907,0.068055601
37908,0.060471066
37909,0.125028099
37910,0.128554405
37911,0.245721528
37912,0.075913405
37913,0.054804466
37914,0.017712436
37915,0.048243727
37916,0.049942328
37917,0.009611307
37918,0.239786183
37919,0.051769099
37920,0.564149547
37921,0.098513926
37922,0.023519504
37923,0.132062799
37924,0.043924961
37925,0.054393035
37926,0.021843144
37927,0.009154108
37928,0.008658705
37929,0.080393562
37930,0.023351898
37931,0.017792356
37932,0.025864718
37933,0.0752701
37934,0.04799219
37935,0.074138564
37936,0.064560075
37937,0.100470336
37938,0.131700907
37939,0.468344816
37940,0.075394927
37941,0.026220256
37942,0.079148457
37943,0.016228124
37944,0.053353297
37945,0.006038587
37946,0.066649246
37947,0.060187011
37948,0.099799979
37949,0.053236294
37950,0.106938983
37951,0.047596075
37952,0.060252859
37953,0.036192359
37954,0.146326583
37955,0.010749027
37956,0.060300886
37957,0.027883397
37958,0.024191564
37959,0.037186133
37960,0.061107524
37961,0.078034707
37962,0.111205728
37963,0.090417554
37964,0.271614646
37965,0.258242122
37966,0.15242525
37967,0.010539021
37968,0.080773693
37969,0.009214021
37970,0.050390771
37971,0.049634254
37972,0.087150347
37973,0.024989605
37974,0.027367589
37975,0.051777371
37976,0.053831876
37977,0.052811286
37978,0.071241494
37979,0.027581807
37980,0.061373168
37981,0.006369697
37982,0.071762434
37983,0.011125472
37984,0.050535906
37985,0.256105463
37986,0.073131989
37987,0.110393904
37988,0.501000376
37989,0.12004144
37990,0.090078804
37991,0.070983498
37992,0.073766433
37993,0.08221249
37994,0.07192315
37995,0.049136814
37996,0.010204879
37997,0.022549928
37998,0.284655981
37999,0.073142268
38000,0.059936186
38001,0.05704644
38002,0.069662263
38003,0.019718826
38004,0.026544171
38005,0.015657996
38006,0.020395487
38007,0.054384772
38008,0.45408748
38009,0.066585248
38010,0.046359812
38011,0.092737634
38012,0.724982709
38013,0.078212424
38014,0.019027506
38015,0.101932951
38016,0.05807482
38017,0.273641032
38018,0.392377094
38019,0.065096307
38020,0.017842234
38021,0.04022446
38022,0.066645794
38023,0.074726407
38024,0.142305366
38025,0.052260257
38026,0.128239919
38027,0.071754238
38028,0.065320456
38029,0.011525356
38030,0.023481609
38031,0.059071678
38032,0.064118852
38033,0.018529176
38034,0.118873274
38035,0.091662155
38036,0.254470713
38037,0.077589837
38038,0.031478337
38039,0.109478629
38040,0.148077034
38041,0.274864267
38042,0.054903301
38043,0.051855275
38044,0.022907843
38045,0.069026697
38046,0.528401068
38047,0.061397787
38048,0.134295901
38049,0.437332468
38050,0.147505989
38051,0.016641794
38052,0.021706308
38053,0.00656536
38054,0.051527306
38055,0.061024707
38056,0.270941003
38057,0.392804912
38058,0.097110953
38059,0.073778789
38060,0.123734955
38061,0.109661588
38062,0.106129811
38063,0.171182999
38064,0.419604155
38065,0.072880891
38066,0.060294608
38067,0.119676646
38068,0.054171459
38069,0.183548335
38070,0.938439905
38071,0.06656517
38072,0.41108095
38073,0.047218357
38074,0.183885499
38075,0.013259284
38076,0.055081625
38077,0.072880538
38078,0.021276618
38079,0.054430011
38080,0.458246512
38081,0.068554264
38082,0.087314106
38083,0.276868121
38084,0.122963903
38085,0.187126626
38086,0.261848823
38087,0.296467233
38088,0.031287755
38089,0.147403217
38090,0.11606194
38091,0.123600815
38092,0.963618893
38093,0.45055364
38094,0.304221685
38095,0.024343171
38096,0.118021712
38097,0.081328946
38098,0.019840811
38099,0.049011466
38100,0.007596198
38101,0.008681369
38102,0.024155796
38103,0.06028661
38104,0.080166562
38105,0.069533349
38106,0.078823893
38107,0.076573837
38108,0.12244343
38109,0.1046246
38110,0.027150933
38111,0.106048048
38112,0.167415459
38113,0.017438939
38114,0.064177759
38115,0.990281342
38116,0.980640372
38117,0.496081336
38118,0.005560057
38119,0.024856365
38120,0.016431981
38121,0.068501831
38122,0.452489475
38123,0.071965694
38124,0.077858313
38125,0.007601287
38126,0.009872489
38127,0.048034017
38128,0.071170531
38129,0.045257642
38130,0.010931285
38131,0.40631188
38132,0.015502356
38133,0.044833763
38134,0.084897519
38135,0.086405847
38136,0.054558879
38137,0.050226258
38138,0.258441274
38139,0.069050433
38140,0.134855087
38141,0.096950238
38142,0.099181906
38143,0.989541113
38144,0.955115465
38145,0.482269059
38146,0.078497463
38147,0.02360289
38148,0.44685133
38149,0.058669259
38150,0.284838851
38151,0.052143603
38152,0.109237405
38153,0.020295717
38154,0.10353437
38155,0.087775501
38156,0.100868259
38157,0.167761584
38158,0.507807573
38159,0.488539614
38160,0.114385935
38161,0.106672786
38162,0.084453176
38163,0.058001963
38164,0.093790019
38165,0.047205138
38166,0.02853948
38167,0.033322225
38168,0.134315643
38169,0.157486016
38170,0.062726922
38171,0.093992256
38172,0.024847458
38173,0.975335189
38174,0.99826507
38175,0.99252236
38176,0.053298662
38177,0.261025464
38178,0.427032452
38179,0.026460454
38180,0.009113087
38181,0.071170067
38182,0.08807731
38183,0.046815836
38184,0.416203006
38185,0.999946188
38186,0.071792157
38187,0.100191211
38188,0.073246154
38189,0.112876378
38190,0.064377146
38191,0.122631783
38192,0.09718769
38193,0.02983353
38194,0.075265587
38195,0.09364985
38196,0.101529568
38197,0.0554855
38198,0.027903645
38199,0.459930363
38200,0.251342996
38201,0.106666753
38202,0.065907005
38203,0.032621885
38204,0.091668735
38205,0.067546623
38206,0.182664836
38207,0.047025332
38208,0.048754716
38209,0.042958259
38210,0.016227041
38211,0.020967189
38212,0.063598302
38213,0.052361634
38214,0.282320588
38215,0.797279645
38216,0.168134151
38217,0.287993616
38218,0.099467605
38219,0.13595969
38220,0.112602728
38221,0.578483844
38222,0.085423208
38223,0.030778379
38224,0.148797708
38225,0.151462682
38226,0.403703908
38227,0.474600281
38228,0.291714596
38229,0.103834667
38230,0.999676259
38231,0.245613196
38232,0.111874498
38233,0.253320622
38234,0.019716468
38235,0.051291865
38236,0.493214405
38237,0.069443402
38238,0.038170232
38239,0.038286631
38240,0.064365164
38241,0.091034298
38242,0.418082616
38243,0.265136176
38244,0.495389687
38245,0.302933775
38246,0.087988791
38247,0.129030863
38248,0.270134449
38249,0.014125341
38250,0.148574706
38251,0.069718525
38252,0.059509298
38253,0.458680805
38254,0.29220276
38255,0.04472772
38256,0.55762684
38257,0.288810057
38258,0.065770043
38259,0.120466114
38260,0.06278186
38261,0.055751
38262,0.03174559
38263,0.046894779
38264,0.074389081
38265,0.069423013
38266,0.104103483
38267,0.472732067
38268,0.700150632
38269,0.453372098
38270,0.288137792
38271,0.593246913
38272,0.058855641
38273,0.016234648
38274,0.066539878
38275,0.058554877
38276,0.129882582
38277,0.279986086
38278,0.066162691
38279,0.028222071
38280,0.059165058
38281,0.128288158
38282,0.017913336
38283,0.05278979
38284,0.082892288
38285,0.023138789
38286,0.01904605
38287,0.045808339
38288,0.008556765
38289,0.030602761
38290,0.083685861
38291,0.048469621
38292,0.081058202
38293,0.263990438
38294,0.283849231
38295,0.417517004
38296,0.807197017
38297,0.651359293
38298,0.287687711
38299,0.129668003
38300,0.05301941
38301,0.015246834
38302,0.048101518
38303,0.11928099
38304,0.030542055
38305,0.997153288
38306,0.054315465
38307,0.019102043
38308,0.058580809
38309,0.078438879
38310,0.377975292
38311,0.047291596
38312,0.048429201
38313,0.018696942
38314,0.055221834
38315,0.015107349
38316,0.026565396
38317,0.074079596
38318,0.065442612
38319,0.591311924
38320,0.425061306
38321,0.239277425
38322,0.99153342
38323,0.477701992
38324,0.311151654
38325,0.159097282
38326,0.047561747
38327,0.028857742
38328,0.040264154
38329,0.050664343
38330,0.059594724
38331,0.037620663
38332,0.05844747
38333,0.443756237
38334,0.247112381
38335,0.290234679
38336,0.037678389
38337,0.268380038
38338,0.116136816
38339,0.139776364
38340,0.134267814
38341,0.048061772
38342,0.038727819
38343,0.045840596
38344,0.108621029
38345,0.999174521
38346,0.426497434
38347,0.595142385
38348,0.395066148
38349,0.265977278
38350,0.122635189
38351,0.101046585
38352,0.013158863
38353,0.026577527
38354,0.010083523
38355,0.015318733
38356,0.108260241
38357,0.094913881
38358,0.072359621
38359,0.306518273
38360,0.028189073
38361,0.068094487
38362,0.293532255
38363,0.061408515
38364,0.00840172
38365,0.009191096
38366,0.102466251
38367,0.246050927
38368,0.045806574
38369,0.108039691
38370,0.134296339
38371,0.080256533
38372,0.115191625
38373,0.030610655
38374,0.097486675
38375,0.078438858
38376,0.063677561
38377,0.271281274
38378,0.102266709
38379,0.049075107
38380,0.009022616
38381,0.112065423
38382,0.009358771
38383,0.123251877
38384,0.050750215
38385,0.031305116
38386,0.096910635
38387,0.035990441
38388,0.072078397
38389,0.067110688
38390,0.156441359
38391,0.276870946
38392,0.59092042
38393,0.133039223
38394,0.013926473
38395,0.019521256
38396,0.02313893
38397,0.053964217
38398,0.018532973
38399,0.06183146
38400,0.139872678
38401,0.015430086
38402,0.028424577
38403,0.018052857
38404,0.033605341
38405,0.090685531
38406,0.071280346
38407,0.401171282
38408,0.014575648
38409,0.014606708
38410,0.053679016
38411,0.059281137
38412,0.092520035
38413,0.397746773
38414,0.142043897
38415,0.009681556
38416,0.25693254
38417,0.065064525
38418,0.133876285
38419,0.052606949
38420,0.011386974
38421,0.29731944
38422,0.029659379
38423,0.107889736
38424,0.075352073
38425,0.043733524
38426,0.017701586
38427,0.027157468
38428,0.069756396
38429,0.26672644
38430,0.031378281
38431,0.019187021
38432,0.025049801
38433,0.048007716
38434,0.066836527
38435,0.284939547
38436,0.083671633
38437,0.164960674
38438,0.075725859
38439,0.027813333
38440,0.048075671
38441,0.033868585
38442,0.385078032
38443,0.414956341
38444,0.019843717
38445,0.078460323
38446,0.054727927
38447,0.011424112
38448,0.42773109
38449,0.563843291
38450,0.106678723
38451,0.092046542
38452,0.011775274
38453,0.088598217
38454,0.056788835
38455,0.047894956
38456,0.059038287
38457,0.080341437
38458,0.096569429
38459,0.999028781
38460,0.08012376
38461,0.016610441
38462,0.070639138
38463,0.0810958
38464,0.016677056
38465,0.034644548
38466,0.15481396
38467,0.54083925
38468,0.061377979
38469,0.245716941
38470,0.029814355
38471,0.07431157
38472,0.008446544
38473,0.025798429
38474,0.07112287
38475,0.030198967
38476,0.022547058
38477,0.049858338
38478,0.055792058
38479,0.02844064
38480,0.063923947
38481,0.016327548
38482,0.01752645
38483,0.176160289
38484,0.030309448
38485,0.043421718
38486,0.081281363
38487,0.112138005
38488,0.020985387
38489,0.050773245
38490,0.99824934
38491,0.054150897
38492,0.127667897
38493,0.066730668
38494,0.051391646
38495,0.032188406
38496,0.045944383
38497,0.012322584
38498,0.285341089
38499,0.02726258
38500,0.006422659
38501,0.018070579
38502,0.054413755
38503,0.405671813
38504,0.018382191
38505,0.117258957
38506,0.053211479
38507,0.048039511
38508,0.39172838
38509,0.025856102
38510,0.023482797
38511,0.023323
38512,0.050503592
38513,0.038223486
38514,0.126620407
38515,0.070363445
38516,0.01760617
38517,0.065561911
38518,0.258906542
38519,0.092931922
38520,0.067760951
38521,0.082986684
38522,0.024140996
38523,0.057343757
38524,0.017058891
38525,0.074357333
38526,0.171393196
38527,0.23747429
38528,0.006914599
38529,0.030439956
38530,0.016001619
38531,0.009483404
38532,0.01947382
38533,0.020575158
38534,0.018354517
38535,0.021533832
38536,0.055891373
38537,0.06844327
38538,0.084341367
38539,0.135175696
38540,0.30067172
38541,0.030562877
38542,0.008508168
38543,0.016311983
38544,0.01784775
38545,0.008121879
38546,0.010308907
38547,0.068086448
38548,0.021571215
38549,0.039973427
38550,0.050000575
38551,0.014467083
38552,0.131001116
38553,0.028783668
38554,0.053521192
38555,0.008588369
38556,0.033903777
38557,0.017570336
38558,0.0644662
38559,0.296230246
38560,0.056788092
38561,0.072326779
38562,0.067523275
38563,0.069010093
38564,0.024370107
38565,0.091233403
38566,0.015933763
38567,0.110317708
38568,0.164818194
38569,0.016266298
38570,0.028778475
38571,0.034556292
38572,0.029955671
38573,0.027450666
38574,0.010744471
38575,0.02827402
38576,0.091607774
38577,0.068370776
38578,0.031632722
38579,0.163186374
38580,0.025813579
38581,0.060270386
38582,0.03090881
38583,0.026674542
38584,0.032399791
38585,0.133042319
38586,0.179993068
38587,0.023440388
38588,0.115915272
38589,0.015321075
38590,0.019866296
38591,0.047181411
38592,0.023912804
38593,0.036264393
38594,0.052456924
38595,0.032336945
38596,0.044658714
38597,0.043880587
38598,0.056063097
38599,0.053370201
38600,0.113137822
38601,0.037715949
38602,0.037435131
38603,0.460299793
38604,0.051021134
38605,0.062248036
38606,0.271946137
38607,0.25004632
38608,0.026902838
38609,0.05000399
38610,0.270286089
38611,0.062348295
38612,0.504611714
38613,0.091708794
38614,0.277007442
38615,0.063478246
38616,0.006958914
38617,0.014788226
38618,0.009134493
38619,0.152243348
38620,0.845931657
38621,0.294624302
38622,0.043010838
38623,0.397512035
38624,0.059275436
38625,0.020993597
38626,0.0151003
38627,0.108289316
38628,0.151095743
38629,0.565993684
38630,0.507614468
38631,0.039558777
38632,0.066932476
38633,0.263931301
38634,0.159428528
38635,0.046913313
38636,0.05177211
38637,0.053036214
38638,0.011240325
38639,0.112963185
38640,0.49699241
38641,0.234633797
38642,0.266517373
38643,0.561870141
38644,0.127776416
38645,0.02020983
38646,0.49161199
38647,0.053545737
38648,0.122140094
38649,0.049951611
38650,0.039685515
38651,0.044064592
38652,0.075447892
38653,0.092157404
38654,0.115431687
38655,0.095120471
38656,0.031410681
38657,0.095571778
38658,0.475721908
38659,0.046624627
38660,0.059260393
38661,0.052582918
38662,0.068036228
38663,0.036468481
38664,0.058563873
38665,0.165383591
38666,0.292631495
38667,0.046919905
38668,0.125181646
38669,0.040771274
38670,0.023102917
38671,0.459094436
38672,0.1183396
38673,0.068510569
38674,0.467488982
38675,0.447636151
38676,0.060914944
38677,0.053851459
38678,0.017636176
38679,0.017134153
38680,0.032332246
38681,0.076624053
38682,0.101275426
38683,0.272883201
38684,0.462000849
38685,0.271957192
38686,0.043216209
38687,0.008263676
38688,0.039100758
38689,0.275785819
38690,0.018457217
38691,0.05259247
38692,0.052510982
38693,0.038247013
38694,0.026609994
38695,0.28359347
38696,0.498220739
38697,0.107347334
38698,0.025889866
38699,0.054048791
38700,0.075405678
38701,0.008675234
38702,0.019170895
38703,0.027622158
38704,0.121486795
38705,0.165340239
38706,0.114325518
38707,0.094265294
38708,0.056590611
38709,0.029743443
38710,0.028890343
38711,0.263555005
38712,0.057356334
38713,0.09061098
38714,0.016007058
38715,0.04955917
38716,0.029397361
38717,0.020930855
38718,0.018313675
38719,0.021096279
38720,0.049046728
38721,0.026721503
38722,0.074732465
38723,0.506315383
38724,0.4057831
38725,0.049353496
38726,0.056319628
38727,0.052826306
38728,0.091436122
38729,0.054501665
38730,0.056944364
38731,0.016761476
38732,0.025271168
38733,0.162526327
38734,0.025611756
38735,0.021784567
38736,0.025362044
38737,0.062453866
38738,0.059608909
38739,0.127828776
38740,0.261419356
38741,0.254709532
38742,0.077454026
38743,0.047414651
38744,0.018029643
38745,0.05808704
38746,0.04031776
38747,0.010602766
38748,0.256134386
38749,0.046016188
38750,0.577908261
38751,0.097530252
38752,0.111082019
38753,0.048131867
38754,0.040180846
38755,0.046442779
38756,0.025607836
38757,0.014428556
38758,0.018102451
38759,0.017674375
38760,0.081712298
38761,0.044767591
38762,0.072178551
38763,0.065856513
38764,0.089179345
38765,0.131462805
38766,0.488125066
38767,0.073659166
38768,0.024637316
38769,0.095734933
38770,0.019156399
38771,0.044386185
38772,0.073584189
38773,0.064628624
38774,0.110896542
38775,0.050811286
38776,0.088275124
38777,0.055106246
38778,0.031882545
38779,0.019133012
38780,0.133846256
38781,0.010821369
38782,0.021981352
38783,0.054954018
38784,0.026785481
38785,0.024188524
38786,0.046355176
38787,0.062577183
38788,0.075090934
38789,0.123988195
38790,0.076578599
38791,0.160624539
38792,0.274738006
38793,0.261182111
38794,0.010839732
38795,0.072356495
38796,0.056692865
38797,0.05121733
38798,0.055667724
38799,0.04865118
38800,0.044657628
38801,0.050807331
38802,0.071045738
38803,0.0316945
38804,0.051940534
38805,0.07657717
38806,0.011813692
38807,0.048416635
38808,0.262722982
38809,0.069220297
38810,0.11470421
38811,0.300773112
38812,0.100138758
38813,0.102149087
38814,0.053085593
38815,0.084509751
38816,0.079740599
38817,0.073510277
38818,0.058568562
38819,0.007319124
38820,0.014678136
38821,0.290412123
38822,0.077350078
38823,0.048430333
38824,0.074156495
38825,0.061521096
38826,0.028479373
38827,0.019015109
38828,0.046761915
38829,0.230308803
38830,0.066179027
38831,0.048151685
38832,0.107394616
38833,0.875566398
38834,0.100873238
38835,0.014627159
38836,0.103543806
38837,0.057029289
38838,0.166961043
38839,0.424286307
38840,0.06826878
38841,0.018248895
38842,0.051422379
38843,0.047782851
38844,0.096821508
38845,0.129430674
38846,0.036121859
38847,0.109637723
38848,0.073300479
38849,0.055632347
38850,0.014093441
38851,0.016975934
38852,0.04412491
38853,0.063666839
38854,0.017149917
38855,0.114050199
38856,0.093837523
38857,0.254820554
38858,0.070206043
38859,0.040049602
38860,0.087436942
38861,0.127011797
38862,0.157961631
38863,0.06379281
38864,0.04966471
38865,0.020265365
38866,0.008342916
38867,0.058815691
38868,0.585981929
38869,0.044897027
38870,0.137425386
38871,0.457181984
38872,0.123114428
38873,0.01614514
38874,0.007659117
38875,0.047738627
38876,0.057995522
38877,0.399245951
38878,0.263104002
38879,0.097329186
38880,0.073446996
38881,0.111009698
38882,0.129842953
38883,0.105391977
38884,0.160920103
38885,0.409006488
38886,0.07448056
38887,0.040898126
38888,0.102697806
38889,0.053102549
38890,0.268264922
38891,0.859430915
38892,0.281331134
38893,0.014105573
38894,0.258180577
38895,0.177787375
38896,0.020220114
38897,0.011443396
38898,0.046964216
38899,0.062014219
38900,0.019812132
38901,0.049461232
38902,0.525261393
38903,0.061605704
38904,0.088408828
38905,0.271833796
38906,0.127364024
38907,0.161476928
38908,0.455566146
38909,0.171212489
38910,0.024918684
38911,0.15657338
38912,0.130094452
38913,0.118709079
38914,0.932889999
38915,0.294919591
38916,0.312759506
38917,0.023981257
38918,0.132897244
38919,0.074119493
38920,0.016525562
38921,0.01197945
38922,0.055357538
38923,0.005325517
38924,0.011405836
38925,0.026795358
38926,0.064689654
38927,0.091263453
38928,0.075899435
38929,0.109268772
38930,0.066620746
38931,0.117958755
38932,0.100644404
38933,0.09864698
38934,0.260002443
38935,0.018158676
38936,0.053509302
38937,0.973672048
38938,0.985081219
38939,0.536120397
38940,0.017683196
38941,0.085828181
38942,0.477066159
38943,0.076347101
38944,0.06381225
38945,0.059480898
38946,0.067984839
38947,0.04776051
38948,0.012290682
38949,0.441830921
38950,0.016898431
38951,0.050234652
38952,0.104588277
38953,0.093744437
38954,0.045349775
38955,0.056417961
38956,0.249268206
38957,0.083362079
38958,0.134146157
38959,0.099335904
38960,0.085895123
38961,0.992448361
38962,0.921870236
38963,0.545037032
38964,0.075438658
38965,0.021719907
38966,0.539437984
38967,0.079429891
38968,0.264593344
38969,0.052862852
38970,0.112232219
38971,0.023436877
38972,0.099714107
38973,0.103798642
38974,0.098383825
38975,0.168459674
38976,0.503851963
38977,0.524259049
38978,0.10205641
38979,0.117827067
38980,0.064569321
38981,0.061999281
38982,0.105613337
38983,0.051487755
38984,0.032970473
38985,0.137179326
38986,0.139055023
38987,0.05736473
38988,0.093147232
38989,0.021084263
38990,0.982853553
38991,0.999256149
38992,0.983005027
38993,0.088552034
38994,0.060414417
38995,0.250709023
38996,0.006396528
38997,0.490327546
38998,0.025910572
38999,0.015361812
39000,0.060309469
39001,0.091878729
39002,0.054511253
39003,0.442623061
39004,0.977451196
39005,0.080717913
39006,0.104804671
39007,0.078258664
39008,0.093526314
39009,0.060470583
39010,0.265504943
39011,0.081813975
39012,0.031415884
39013,0.085577719
39014,0.094923843
39015,0.107910117
39016,0.051790993
39017,0.022875078
39018,0.291527045
39019,0.270235508
39020,0.109183515
39021,0.103638572
39022,0.056253491
39023,0.138695938
39024,0.032369424
39025,0.041520469
39026,0.017692951
39027,0.061951287
39028,0.044986698
39029,0.385944573
39030,0.80413657
39031,0.167622751
39032,0.105672446
39033,0.273943837
39034,0.120302915
39035,0.100123494
39036,0.614940672
39037,0.086009953
39038,0.044714015
39039,0.027536749
39040,0.135492345
39041,0.141107985
39042,0.402860151
39043,0.300595779
39044,0.176554484
39045,0.089149597
39046,0.999958798
39047,0.13566282
39048,0.276264152
39049,0.14513347
39050,0.021271518
39051,0.054523091
39052,0.289765208
39053,0.064168733
39054,0.042338836
39055,0.045339625
39056,0.051695028
39057,0.097335565
39058,0.456542212
39059,0.288324685
39060,0.284688046
39061,0.301189363
39062,0.106188365
39063,0.122923862
39064,0.265710451
39065,0.022652484
39066,0.139394651
39067,0.082211887
39068,0.05046635
39069,0.482333022
39070,0.282961341
39071,0.054907744
39072,0.521877385
39073,0.287134707
39074,0.08086208
39075,0.096065869
39076,0.067671534
39077,0.047458888
39078,0.027842161
39079,0.061336636
39080,0.064980942
39081,0.071781839
39082,0.105550867
39083,0.522078559
39084,0.663558921
39085,0.476668394
39086,0.399696948
39087,0.555573956
39088,0.072561415
39089,0.017735832
39090,0.050043951
39091,0.069115925
39092,0.133625212
39093,0.278775227
39094,0.069431097
39095,0.026856665
39096,0.045221013
39097,0.130776201
39098,0.049284902
39099,0.098938325
39100,0.023390427
39101,0.037307286
39102,0.015931863
39103,0.00894808
39104,0.032485474
39105,0.094927236
39106,0.058398303
39107,0.079059624
39108,0.432515055
39109,0.276183881
39110,0.381476085
39111,0.820334555
39112,0.668702113
39113,0.283101796
39114,0.096740662
39115,0.046150185
39116,0.019728866
39117,0.053390952
39118,0.092891069
39119,0.027590403
39120,0.995977021
39121,0.053245517
39122,0.015436936
39123,0.058709618
39124,0.044982913
39125,0.396146087
39126,0.041735039
39127,0.051084137
39128,0.015620125
39129,0.050498556
39130,0.013728522
39131,0.014758971
39132,0.02583989
39133,0.073236252
39134,0.106325496
39135,0.549546331
39136,0.448861905
39137,0.395561291
39138,0.984030526
39139,0.497554471
39140,0.300796849
39141,0.135085038
39142,0.030128908
39143,0.038889214
39144,0.045646062
39145,0.058640375
39146,0.042946351
39147,0.062631597
39148,0.467663651
39149,0.111592121
39150,0.29017301
39151,0.035469659
39152,0.112622718
39153,0.120589375
39154,0.1225183
39155,0.122181125
39156,0.050213653
39157,0.027131375
39158,0.006233933
39159,0.046525531
39160,0.114400985
39161,0.998997053
39162,0.383403873
39163,0.617154854
39164,0.406644951
39165,0.293480335
39166,0.128407109
39167,0.068879248
39168,0.012163194
39169,0.026042396
39170,0.013906668
39171,0.046441712
39172,0.112792375
39173,0.08950794
39174,0.064300288
39175,0.166916019
39176,0.030306256
39177,0.059934553
39178,0.279815869
39179,0.06130367
39180,0.110611636
39181,0.263444285
39182,0.116779627
39183,0.120164763
39184,0.074373956
39185,0.118924224
39186,0.119807236
39187,0.07604673
39188,0.055766258
39189,0.123137404
39190,0.098954359
39191,0.009754913
39192,0.104395308
39193,0.012557405
39194,0.111395889
39195,0.052954431
39196,0.026427837
39197,0.117560359
39198,0.04473079
39199,0.064964942
39200,0.068276557
39201,0.158692168
39202,0.281805227
39203,0.588506606
39204,0.104316122
39205,0.013228855
39206,0.018826249
39207,0.01676945
39208,0.032501962
39209,0.0621747
39210,0.077209722
39211,0.124750038
39212,0.028651904
39213,0.01904205
39214,0.017627087
39215,0.01332461
39216,0.031280029
39217,0.068804913
39218,0.061566229
39219,0.549887191
39220,0.012506313
39221,0.018414766
39222,0.056548258
39223,0.073406201
39224,0.08785902
39225,0.481755821
39226,0.090960226
39227,0.011217509
39228,0.261309459
39229,0.030173323
39230,0.016683272
39231,0.076329454
39232,0.155167369
39233,0.00846962
39234,0.277327201
39235,0.026497575
39236,0.096285069
39237,0.078385483
39238,0.046646776
39239,0.012845103
39240,0.02966535
39241,0.071327661
39242,0.4700737
39243,0.03081183
39244,0.016979987
39245,0.023576663
39246,0.04867189
39247,0.074596179
39248,0.170372763
39249,0.071306282
39250,0.263348968
39251,0.083981525
39252,0.031014991
39253,0.04818889
39254,0.050235243
39255,0.034525029
39256,0.279841972
39257,0.41835683
39258,0.073831289
39259,0.051436871
39260,0.468976528
39261,0.599048517
39262,0.121662304
39263,0.10007707
39264,0.009890906
39265,0.082378471
39266,0.054269234
39267,0.049538234
39268,0.07560845
39269,0.099776321
39270,0.092491534
39271,0.991020448
39272,0.069313176
39273,0.06607087
39274,0.065189675
39275,0.038273035
39276,0.09149843
39277,0.493579577
39278,0.057484224
39279,0.120735447
39280,0.028763968
39281,0.058969832
39282,0.022963872
39283,0.07977055
39284,0.030326168
39285,0.005558427
39286,0.018920657
39287,0.065019259
39288,0.050679604
39289,0.023525802
39290,0.046534808
39291,0.014642599
39292,0.017527542
39293,0.166945252
39294,0.033137611
39295,0.043924633
39296,0.032011179
39297,0.070476149
39298,0.090936385
39299,0.059630183
39300,0.998214277
39301,0.050248723
39302,0.095147107
39303,0.040560061
39304,0.049867153
39305,0.042937007
39306,0.044048362
39307,0.011685875
39308,0.015814322
39309,0.299296844
39310,0.029132187
39311,0.005406919
39312,0.008731725
39313,0.100968674
39314,0.017062712
39315,0.114178947
39316,0.051782851
39317,0.04396475
39318,0.426796382
39319,0.022752297
39320,0.018057615
39321,0.014906724
39322,0.049601533
39323,0.034375224
39324,0.128019032
39325,0.071295122
39326,0.012440946
39327,0.007487115
39328,0.061631353
39329,0.245451548
39330,0.081712392
39331,0.076167773
39332,0.085975884
39333,0.022677791
39334,0.046725014
39335,0.047059144
39336,0.274744949
39337,0.147044252
39338,0.009338176
39339,0.015322826
39340,0.011143561
39341,0.00742458
39342,0.01468517
39343,0.014479745
39344,0.015548442
39345,0.021358188
39346,0.057295889
39347,0.051637757
39348,0.099915739
39349,0.122545047
39350,0.276953239
39351,0.017782268
39352,0.022863135
39353,0.009960992
39354,0.018792197
39355,0.021518406
39356,0.013406807
39357,0.027808392
39358,0.006597832
39359,0.009081055
39360,0.009587589
39361,0.053622201
39362,0.055005805
39363,0.010391298
39364,0.052039106
39365,0.104505726
39366,0.043700804
39367,0.029194175
39368,0.015642407
39369,0.077390922
39370,0.011842674
39371,0.43884638
39372,0.055607874
39373,0.05386349
39374,0.053138765
39375,0.019680512
39376,0.066978876
39377,0.022670796
39378,0.009448446
39379,0.090839415
39380,0.015174009
39381,0.104103523
39382,0.155829111
39383,0.031193769
39384,0.039263735
39385,0.023497871
39386,0.012544714
39387,0.011599794
39388,0.026163985
39389,0.006420578
39390,0.079414078
39391,0.052531147
39392,0.172692555
39393,0.02884233
39394,0.024301041
39395,0.04834855
39396,0.029737352
39397,0.014552193
39398,0.027288891
39399,0.030379409
39400,0.275980016
39401,0.259361163
39402,0.017161719
39403,0.097348948
39404,0.015627941
39405,0.020110257
39406,0.040041332
39407,0.024813092
39408,0.050192065
39409,0.041509524
39410,0.057527311
39411,0.033439801
39412,0.041303716
39413,0.062957888
39414,0.046747615
39415,0.07796582
39416,0.040305793
39417,0.044996819
39418,0.027782592
39419,0.269873236
39420,0.044351325
39421,0.076490802
39422,0.045509405
39423,0.154559375
39424,0.26519803
39425,0.027177772
39426,0.046441141
39427,0.267979077
39428,0.06705637
39429,0.279754088
39430,0.28767678
39431,0.068828027
39432,0.025256292
39433,0.00313158
39434,0.011880017
39435,0.015889003
39436,0.152730678
39437,0.038515631
39438,0.85600671
39439,0.163696521
39440,0.047980206
39441,0.292756928
39442,0.059425114
39443,0.011265575
39444,0.028226589
39445,0.099607395
39446,0.123979541
39447,0.553229946
39448,0.530280762
39449,0.044278709
39450,0.070444192
39451,0.116702577
39452,0.281269358
39453,0.007946966
39454,0.052591076
39455,0.056042289
39456,0.053415895
39457,0.114127657
39458,0.460206364
39459,0.13708087
39460,0.270310801
39461,0.607170598
39462,0.262133298
39463,0.019443126
39464,0.483199322
39465,0.061338241
39466,0.137929941
39467,0.050184299
39468,0.044824026
39469,0.047970279
39470,0.062345903
39471,0.090872004
39472,0.117278112
39473,0.1082945
39474,0.102960356
39475,0.468808307
39476,0.046049852
39477,0.029218823
39478,0.063122568
39479,0.055501216
39480,0.073777321
39481,0.046211892
39482,0.041881152
39483,0.023479524
39484,0.050985264
39485,0.1609365
39486,0.176713898
39487,0.04376654
39488,0.0070476
39489,0.448933938
39490,0.102704729
39491,0.267542944
39492,0.468643439
39493,0.418214602
39494,0.005741569
39495,0.068811832
39496,0.056418872
39497,0.016394861
39498,0.046269565
39499,0.077332231
39500,0.062991016
39501,0.101985538
39502,0.180385839
39503,0.419924186
39504,0.01580292
39505,0.273760789
39506,0.042230643
39507,0.038712404
39508,0.283335682
39509,0.051663843
39510,0.056585015
39511,0.036131899
39512,0.14129296
39513,0.520814253
39514,0.117451328
39515,0.015209313
39516,0.025626565
39517,0.047715758
39518,0.056719411
39519,0.017880863
39520,0.024291995
39521,0.096843659
39522,0.151868324
39523,0.102908612
39524,0.084195659
39525,0.053504908
39526,0.025186245
39527,0.027922516
39528,0.031033652
39529,0.029673829
39530,0.125838218
39531,0.053587575
39532,0.072389554
39533,0.018945368
39534,0.038634193
39535,0.032000082
39536,0.017905035
39537,0.020250605
39538,0.049559447
39539,0.026868732
39540,0.078748702
39541,0.440061537
39542,0.397669821
39543,0.049091773
39544,0.05172368
39545,0.085846027
39546,0.057862465
39547,0.017443453
39548,0.063409839
39549,0.026438537
39550,0.17644938
39551,0.02966624
39552,0.023784888
39553,0.027666826
39554,0.005597029
39555,0.058846252
39556,0.060702676
39557,0.260414445
39558,0.398927079
39559,0.27763761
39560,0.070206899
39561,0.05502303
39562,0.019719443
39563,0.049284971
39564,0.045816748
39565,0.010449994
39566,0.399920233
39567,0.039980429
39568,0.538658081
39569,0.090461991
39570,0.007996118
39571,0.085741549
39572,0.050538421
39573,0.03797477
39574,0.007965066
39575,0.050976559
39576,0.024580096
39577,0.017518458
39578,0.020508208
39579,0.017900856
39580,0.092120066
39581,0.040681988
39582,0.072072671
39583,0.067938646
39584,0.085030186
39585,0.266748548
39586,0.477571034
39587,0.080393286
39588,0.08303397
39589,0.019204861
39590,0.050857459
39591,0.081535455
39592,0.053721728
39593,0.104697888
39594,0.05319469
39595,0.087629791
39596,0.047807762
39597,0.013026161
39598,0.01505933
39599,0.138432936
39600,0.009179041
39601,0.049110289
39602,0.027551814
39603,0.025609415
39604,0.039192894
39605,0.057898876
39606,0.060161829
39607,0.105281141
39608,0.087629298
39609,0.268883707
39610,0.271787542
39611,0.162837702
39612,0.014105533
39613,0.071782998
39614,0.007737611
39615,0.054920689
39616,0.050345463
39617,0.067312997
39618,0.026824844
39619,0.023884588
39620,0.046637275
39621,0.043675704
39622,0.007983125
39623,0.081085797
39624,0.053457066
39625,0.066610543
39626,0.040351957
39627,0.294299779
39628,0.066748258
39629,0.113858897
39630,0.302006748
39631,0.099282608
39632,0.108887483
39633,0.059693138
39634,0.074652851
39635,0.08291949
39636,0.078686542
39637,0.04008954
39638,0.01663599
39639,0.2656711
39640,0.070574824
39641,0.073048651
39642,0.055592803
39643,0.079016493
39644,0.025517293
39645,0.019254974
39646,0.04721657
39647,0.462028762
39648,0.062015537
39649,0.047907396
39650,0.105889919
39651,0.890828902
39652,0.091101544
39653,0.018664826
39654,0.094848023
39655,0.054561232
39656,0.287800539
39657,0.416952705
39658,0.070576399
39659,0.01922927
39660,0.054111729
39661,0.051494528
39662,0.09919941
39663,0.273187774
39664,0.053641204
39665,0.101046575
39666,0.075084855
39667,0.056410518
39668,0.022010347
39669,0.049933343
39670,0.065993353
39671,0.014760008
39672,0.129741183
39673,0.095259849
39674,0.262804107
39675,0.079650252
39676,0.032966344
39677,0.094521616
39678,0.120201146
39679,0.268218973
39680,0.062666649
39681,0.023577855
39682,0.007905819
39683,0.057710105
39684,0.584034266
39685,0.040837806
39686,0.148731111
39687,0.463984157
39688,0.10749486
39689,0.010246766
39690,0.007328472
39691,0.050179279
39692,0.052962075
39693,0.418401169
39694,0.26154332
39695,0.103219838
39696,0.088258052
39697,0.111410826
39698,0.113274765
39699,0.088023759
39700,0.183063351
39701,0.26473086
39702,0.066122633
39703,0.045238351
39704,0.113888794
39705,0.050461076
39706,0.18089267
39707,0.824348333
39708,0.067302998
39709,0.278657494
39710,0.047400082
39711,0.176151461
39712,0.011649369
39713,0.042917006
39714,0.076399323
39715,0.016874684
39716,0.045613359
39717,0.461034397
39718,0.063876291
39719,0.087064514
39720,0.263754989
39721,0.126404356
39722,0.174049349
39723,0.265627169
39724,0.183074191
39725,0.024577049
39726,0.161540557
39727,0.110908198
39728,0.108011848
39729,0.950484878
39730,0.473593023
39731,0.310826328
39732,0.022699723
39733,0.142557907
39734,0.065819971
39735,0.029404646
39736,0.017591563
39737,0.01883296
39738,0.051881341
39739,0.008968626
39740,0.010004461
39741,0.03236875
39742,0.063075424
39743,0.080309695
39744,0.080846155
39745,0.10651777
39746,0.069348868
39747,0.115174414
39748,0.102406966
39749,0.093134105
39750,0.164722064
39751,0.017709276
39752,0.06616603
39753,0.966661171
39754,0.975239837
39755,0.539709296
39756,0.025441675
39757,0.015386469
39758,0.080787242
39759,0.490731109
39760,0.078795325
39761,0.006264144
39762,0.05815396
39763,0.054803143
39764,0.049955468
39765,0.427489162
39766,0.018042172
39767,0.04628475
39768,0.112399768
39769,0.087648568
39770,0.047781497
39771,0.045257754
39772,0.379881297
39773,0.082698195
39774,0.105431454
39775,0.08655926
39776,0.097748626
39777,0.988839279
39778,0.926682671
39779,0.455801307
39780,0.071240073
39781,0.021298292
39782,0.007841449
39783,0.479684133
39784,0.070439222
39785,0.159446534
39786,0.051625188
39787,0.084751856
39788,0.016892731
39789,0.085924421
39790,0.099365824
39791,0.095396214
39792,0.178378993
39793,0.493670727
39794,0.490451806
39795,0.111784628
39796,0.117667572
39797,0.081626675
39798,0.070258839
39799,0.09984233
39800,0.047611683
39801,0.034167197
39802,0.023368957
39803,0.114798148
39804,0.12676325
39805,0.093161748
39806,0.017447762
39807,0.958818999
39808,0.998137199
39809,0.99586876
39810,0.057047298
39811,0.129142702
39812,0.009070838
39813,0.452177225
39814,0.021147097
39815,0.015521589
39816,0.015451839
39817,0.065727842
39818,0.100383295
39819,0.0531238
39820,0.437144991
39821,0.998419078
39822,0.079888018
39823,0.123899349
39824,0.072390187
39825,0.094895945
39826,0.057983209
39827,0.111004487
39828,0.086514233
39829,0.03064288
39830,0.095058098
39831,0.090590211
39832,0.097866036
39833,0.280740221
39834,0.260598866
39835,0.110905818
39836,0.065083198
39837,0.096529871
39838,0.054403209
39839,0.17644538
39840,0.033605282
39841,0.042786466
39842,0.05156714
39843,0.017164
39844,0.015824795
39845,0.057402211
39846,0.051484928
39847,0.265038802
39848,0.771814934
39849,0.171685776
39850,0.115675677
39851,0.103226255
39852,0.108814561
39853,0.099387343
39854,0.638055347
39855,0.091877756
39856,0.046666698
39857,0.138073997
39858,0.167786227
39859,0.259283067
39860,0.460856723
39861,0.222981903
39862,0.091435728
39863,0.987013196
39864,0.129910488
39865,0.016139845
39866,0.276274946
39867,0.144298414
39868,0.01864738
39869,0.511784055
39870,0.069446409
39871,0.037024976
39872,0.053205448
39873,0.0582949
39874,0.087469686
39875,0.435274358
39876,0.266435385
39877,0.285913221
39878,0.279564707
39879,0.0979343
39880,0.132549116
39881,0.269383107
39882,0.02327558
39883,0.125594848
39884,0.08794365
39885,0.049274132
39886,0.484276308
39887,0.26881657
39888,0.500418594
39889,0.272463456
39890,0.072228914
39891,0.107768233
39892,0.072200848
39893,0.046770851
39894,0.012839452
39895,0.03041041
39896,0.057494931
39897,0.065938892
39898,0.072242215
39899,0.277549922
39900,0.528850213
39901,0.689374952
39902,0.443893778
39903,0.274845755
39904,0.590988081
39905,0.063311613
39906,0.067493584
39907,0.05558029
39908,0.118454573
39909,0.26612649
39910,0.064655817
39911,0.024735233
39912,0.046135421
39913,0.12517705
39914,0.049072412
39915,0.094818374
39916,0.018572947
39917,0.007478135
39918,0.036005028
39919,0.091190108
39920,0.051926264
39921,0.070002412
39922,0.269686658
39923,0.29256983
39924,0.398291439
39925,0.82014588
39926,0.656137392
39927,0.281277435
39928,0.092112266
39929,0.045832054
39930,0.015383254
39931,0.057534408
39932,0.10019155
39933,0.029877319
39934,0.99940207
39935,0.048367687
39936,0.017296657
39937,0.055525738
39938,0.051225285
39939,0.402689483
39940,0.053352548
39941,0.045352033
39942,0.01705736
39943,0.046663865
39944,0.012757568
39945,0.014159934
39946,0.023107799
39947,0.069726669
39948,0.111549204
39949,0.580436647
39950,0.463368665
39951,0.380341216
39952,0.979419004
39953,0.520060918
39954,0.301152009
39955,0.14717201
39956,0.033567289
39957,0.042808537
39958,0.041958633
39959,0.057632239
39960,0.044385444
39961,0.054624712
39962,0.425531575
39963,0.093219517
39964,0.261981504
39965,0.047196184
39966,0.104651749
39967,0.121075471
39968,0.126153786
39969,0.160593191
39970,0.047225008
39971,0.031997764
39972,0.041486903
39973,0.121146738
39974,0.999506694
39975,0.381451582
39976,0.599562791
39977,0.401455219
39978,0.268654635
39979,0.110155711
39980,0.08335328
39981,0.026469876
39982,0.060493508
39983,0.037736374
39984,0.09796528
39985,0.090923432
39986,0.16109657
39987,0.024359313
39988,0.06769065
39989,0.28997725
39990,0.062173174
39991,0.101973587
39992,0.17189538
39993,0.045682345
39994,0.090856574
39995,0.11718291
39996,0.077371487
39997,0.123909971
39998,0.033517664
39999,0.117954683
40000,0.086778928
40001,0.0565414
40002,0.111849097
40003,0.099519571
40004,0.087608826
40005,0.010408427
40006,0.11321719
40007,0.047800648
40008,0.033892436
40009,0.114171928
40010,0.044718349
40011,0.071657699
40012,0.057776301
40013,0.165388266
40014,0.288343367
40015,0.597195036
40016,0.079131372
40017,0.018483512
40018,0.018062173
40019,0.026058231
40020,0.056097363
40021,0.065895061
40022,0.122660526
40023,0.013570167
40024,0.033720184
40025,0.031424551
40026,0.085860254
40027,0.066266871
40028,0.443085093
40029,0.010582152
40030,0.01736867
40031,0.052201054
40032,0.072722552
40033,0.085886474
40034,0.447325729
40035,0.101426952
40036,0.163574875
40037,0.02723924
40038,0.017453493
40039,0.062925688
40040,0.265403572
40041,0.042504759
40042,0.279060292
40043,0.026108698
40044,0.021098617
40045,0.090845689
40046,0.07863547
40047,0.048879124
40048,0.024853514
40049,0.080613747
40050,0.276992853
40051,0.032307283
40052,0.015068282
40053,0.020636812
40054,0.041732425
40055,0.078772792
40056,0.269645077
40057,0.063907197
40058,0.162451626
40059,0.07851601
40060,0.030280665
40061,0.014709766
40062,0.041928468
40063,0.046403236
40064,0.032907532
40065,0.279765788
40066,0.268998441
40067,0.020219935
40068,0.073227404
40069,0.049263383
40070,0.011027549
40071,0.468229021
40072,0.654033201
40073,0.1039295
40074,0.09512067
40075,0.015702038
40076,0.07607982
40077,0.051734737
40078,0.058580197
40079,0.107430541
40080,0.080760919
40081,0.100895437
40082,0.999074886
40083,0.062725832
40084,0.085388572
40085,0.085032865
40086,0.018663227
40087,0.046863761
40088,0.10581234
40089,0.482608543
40090,0.054532286
40091,0.117114467
40092,0.024988775
40093,0.063978829
40094,0.025597278
40095,0.071509985
40096,0.024065869
40097,0.004786582
40098,0.026998733
40099,0.052547592
40100,0.058994632
40101,0.025250673
40102,0.016770771
40103,0.058416435
40104,0.012314972
40105,0.167596951
40106,0.038374769
40107,0.04047022
40108,0.01425434
40109,0.034614711
40110,0.073882844
40111,0.092210276
40112,0.022482383
40113,0.056155463
40114,0.999777788
40115,0.04829325
40116,0.074441589
40117,0.052506623
40118,0.051722922
40119,0.012817584
40120,0.265420272
40121,0.02626207
40122,0.006382174
40123,0.003543302
40124,0.006629615
40125,0.083227935
40126,0.095619928
40127,0.402063134
40128,0.019182048
40129,0.021493837
40130,0.007549823
40131,0.052152459
40132,0.034103177
40133,0.106100551
40134,0.070368099
40135,0.003591763
40136,0.010608079
40137,0.05372366
40138,0.141860023
40139,0.080089219
40140,0.069240999
40141,0.079537468
40142,0.021281459
40143,0.051586224
40144,0.046835528
40145,0.136218509
40146,0.137532367
40147,0.013045241
40148,0.007439641
40149,0.009728883
40150,0.02046946
40151,0.015364188
40152,0.008112198
40153,0.015414488
40154,0.015110883
40155,0.026311872
40156,0.060668877
40157,0.048571015
40158,0.08841638
40159,0.00812512
40160,0.120476474
40161,0.28723133
40162,0.010682368
40163,0.024936983
40164,0.011176937
40165,0.007791313
40166,0.013990505
40167,0.022770239
40168,0.009994421
40169,0.043896629
40170,0.011088835
40171,0.043854184
40172,0.096730234
40173,0.026280555
40174,0.04499468
40175,0.007508199
40176,0.02651683
40177,0.018124682
40178,0.078608524
40179,0.393969907
40180,0.04831501
40181,0.048524344
40182,0.053393004
40183,0.075975775
40184,0.023727756
40185,0.010327296
40186,0.084065468
40187,0.016937458
40188,0.104128215
40189,0.145098991
40190,0.018306904
40191,0.026425931
40192,0.036086968
40193,0.033924179
40194,0.020996303
40195,0.009169375
40196,0.034026799
40197,0.00606243
40198,0.085642824
40199,0.064838181
40200,0.161710205
40201,0.013300463
40202,0.02590041
40203,0.02507149
40204,0.016430712
40205,0.046133191
40206,0.023238617
40207,0.03200663
40208,0.118964049
40209,0.25570955
40210,0.099998636
40211,0.017556051
40212,0.05321303
40213,0.029030504
40214,0.034975021
40215,0.051634042
40216,0.022942049
40217,0.040446265
40218,0.046376044
40219,0.027953281
40220,0.037631391
40221,0.044015408
40222,0.057734135
40223,0.053286103
40224,0.102677434
40225,0.045719525
40226,0.04901339
40227,0.025600993
40228,0.285141673
40229,0.045472574
40230,0.275306765
40231,0.161297362
40232,0.172493195
40233,0.049933191
40234,0.15334625
40235,0.455703842
40236,0.100312175
40237,0.097375134
40238,0.05778095
40239,0.023519235
40240,0.015426597
40241,0.01258738
40242,0.123597585
40243,0.776898583
40244,0.137041215
40245,0.053170995
40246,0.05591027
40247,0.133592976
40248,0.062897133
40249,0.026228557
40250,0.047458388
40251,0.103603904
40252,0.118435842
40253,0.592697642
40254,0.504840117
40255,0.057558184
40256,0.07988033
40257,0.108063366
40258,0.280714774
40259,0.055992662
40260,0.046966617
40261,0.09812044
40262,0.037326309
40263,0.423976965
40264,0.132380258
40265,0.165873419
40266,0.571746585
40267,0.27735176
40268,0.025350098
40269,0.500461959
40270,0.051283125
40271,0.110957967
40272,0.042362518
40273,0.038397208
40274,0.081698783
40275,0.084490688
40276,0.118427535
40277,0.102509429
40278,0.031410404
40279,0.068483404
40280,0.463941387
40281,0.053770746
40282,0.059789823
40283,0.071940324
40284,0.043509694
40285,0.029760681
40286,0.051229901
40287,0.144934804
40288,0.164162706
40289,0.039778696
40290,0.282102337
40291,0.283781495
40292,0.078642716
40293,0.441081859
40294,0.456800482
40295,0.003943093
40296,0.078295781
40297,0.052081607
40298,0.025942227
40299,0.018342829
40300,0.007216319
40301,0.04579188
40302,0.068836202
40303,0.070060863
40304,0.100306455
40305,0.15922791
40306,0.446527529
40307,0.033918125
40308,0.05146153
40309,0.037657226
40310,0.392619253
40311,0.058762949
40312,0.065264896
40313,0.041674537
40314,0.037185023
40315,0.138877183
40316,0.520748117
40317,0.12430839
40318,0.015113813
40319,0.024861362
40320,0.040944121
40321,0.063864571
40322,0.020550007
40323,0.121222147
40324,0.153868173
40325,0.096092846
40326,0.093851796
40327,0.044556722
40328,0.035449059
40329,0.032219689
40330,0.032894889
40331,0.115657823
40332,0.056584516
40333,0.089422816
40334,0.015596354
40335,0.050717707
40336,0.029255467
40337,0.018699656
40338,0.018309746
40339,0.027357818
40340,0.052891918
40341,0.094413275
40342,0.461807061
40343,0.390992488
40344,0.047048361
40345,0.048702071
40346,0.040044496
40347,0.07076496
40348,0.051813014
40349,0.014916879
40350,0.065188366
40351,0.023919997
40352,0.260521623
40353,0.026436302
40354,0.027988493
40355,0.028585311
40356,0.065759737
40357,0.052776699
40358,0.132864052
40359,0.266341212
40360,0.267534395
40361,0.06507784
40362,0.052389609
40363,0.020706609
40364,0.055659163
40365,0.058527999
40366,0.268380542
40367,0.0426526
40368,0.562129908
40369,0.10242296
40370,0.098143232
40371,0.052124607
40372,0.066136285
40373,0.018989247
40374,0.071011042
40375,0.078107906
40376,0.077989568
40377,0.106019032
40378,0.259685144
40379,0.497349084
40380,0.063763159
40381,0.035789234
40382,0.069134398
40383,0.014859543
40384,0.089837691
40385,0.060942781
40386,0.122044777
40387,0.049489676
40388,0.085412926
40389,0.042201569
40390,0.062292401
40391,0.030866746
40392,0.018612382
40393,0.136574701
40394,0.008523539
40395,0.045072236
40396,0.027520214
40397,0.024357442
40398,0.036435187
40399,0.057657082
40400,0.068225037
40401,0.100451599
40402,0.085428395
40403,0.25342663
40404,0.114174488
40405,0.156527787
40406,0.004475157
40407,0.077482476
40408,0.054951871
40409,0.050059243
40410,0.082073089
40411,0.025676193
40412,0.047664251
40413,0.049086013
40414,0.051151425
40415,0.075391907
40416,0.031496923
40417,0.049143284
40418,0.062086066
40419,0.041387565
40420,0.094177563
40421,0.073442154
40422,0.121015574
40423,0.553518619
40424,0.111130683
40425,0.107688331
40426,0.06526956
40427,0.084757692
40428,0.080046649
40429,0.072761508
40430,0.049914568
40431,0.016774927
40432,0.272891843
40433,0.080272496
40434,0.066420096
40435,0.053084864
40436,0.071106549
40437,0.022871691
40438,0.056838902
40439,0.280579492
40440,0.059367615
40441,0.038781118
40442,0.089488683
40443,0.890131832
40444,0.088443432
40445,0.014027515
40446,0.103305103
40447,0.048315182
40448,0.167154766
40449,0.272936841
40450,0.063642261
40451,0.020414597
40452,0.048849227
40453,0.050656506
40454,0.081081505
40455,0.265748657
40456,0.040860276
40457,0.10136308
40458,0.069547481
40459,0.054046356
40460,0.018070668
40461,0.013500444
40462,0.018224933
40463,0.057375793
40464,0.071720447
40465,0.016578549
40466,0.115676342
40467,0.099527916
40468,0.256173709
40469,0.071438675
40470,0.029686564
40471,0.083918141
40472,0.129069645
40473,0.269064112
40474,0.059294678
40475,0.04644261
40476,0.008164219
40477,0.052512991
40478,0.528813102
40479,0.052146992
40480,0.141731066
40481,0.423226954
40482,0.109616757
40483,0.04616254
40484,0.054688675
40485,0.268393641
40486,0.276929755
40487,0.107441104
40488,0.086555798
40489,0.113871243
40490,0.111291772
40491,0.109208324
40492,0.164895982
40493,0.283438133
40494,0.077605625
40495,0.039919007
40496,0.111956302
40497,0.051189296
40498,0.163149676
40499,0.832297479
40500,0.053388388
40501,0.278529272
40502,0.01814256
40503,0.040814199
40504,0.195126106
40505,0.052473785
40506,0.075587204
40507,0.016580094
40508,0.053446826
40509,0.465065557
40510,0.055047136
40511,0.095160522
40512,0.134546605
40513,0.126843621
40514,0.183704432
40515,0.266070445
40516,0.17047651
40517,0.027456696
40518,0.17544243
40519,0.101130247
40520,0.093569243
40521,0.977213433
40522,0.448363244
40523,0.287313075
40524,0.025958279
40525,0.154099698
40526,0.009359896
40527,0.064921555
40528,0.020362322
40529,0.052430857
40530,0.007862757
40531,0.007759273
40532,0.031123751
40533,0.061910075
40534,0.084013845
40535,0.069430563
40536,0.109048304
40537,0.072515274
40538,0.109312696
40539,0.091628496
40540,0.021095175
40541,0.094317761
40542,0.272338707
40543,0.053142532
40544,0.996767715
40545,0.976835555
40546,0.540540096
40547,0.027155051
40548,0.085369173
40549,0.467786933
40550,0.084513041
40551,0.042462375
40552,0.007337044
40553,0.055947638
40554,0.068503726
40555,0.048378617
40556,0.008770668
40557,0.399236819
40558,0.017132499
40559,0.04715811
40560,0.111991624
40561,0.096769614
40562,0.043494493
40563,0.052116198
40564,0.146960188
40565,0.081838388
40566,0.121897781
40567,0.094002372
40568,0.091949776
40569,0.991629736
40570,0.937148674
40571,0.516385103
40572,0.074174431
40573,0.022065341
40574,0.008720159
40575,0.455068803
40576,0.081568159
40577,0.262671573
40578,0.051819484
40579,0.092182054
40580,0.096456821
40581,0.096721257
40582,0.095620591
40583,0.171555261
40584,0.501059852
40585,0.506595082
40586,0.123815009
40587,0.111680521
40588,0.079462187
40589,0.060329282
40590,0.109909063
40591,0.04901356
40592,0.030001716
40593,0.025040358
40594,0.138755508
40595,0.121503063
40596,0.061398348
40597,0.088118349
40598,0.023995081
40599,0.97117404
40600,0.991392394
40601,0.974413545
40602,0.05821347
40603,0.132676448
40604,0.006256226
40605,0.488949386
40606,0.027386965
40607,0.017470733
40608,0.063212963
40609,0.097025693
40610,0.07125517
40611,0.426031144
40612,0.998473371
40613,0.070698643
40614,0.113427484
40615,0.0773831
40616,0.097878696
40617,0.062176596
40618,0.107226391
40619,0.081659237
40620,0.030996261
40621,0.100529855
40622,0.093328311
40623,0.098844018
40624,0.04801236
40625,0.263515503
40626,0.168350946
40627,0.104440929
40628,0.072484108
40629,0.029386096
40630,0.105272716
40631,0.054774392
40632,0.157254729
40633,0.030159059
40634,0.0500652
40635,0.043260544
40636,0.017434263
40637,0.017111748
40638,0.058386986
40639,0.044148018
40640,0.253296087
40641,0.780918903
40642,0.145361273
40643,0.286062611
40644,0.104241075
40645,0.104938496
40646,0.112969713
40647,0.561375313
40648,0.085886194
40649,0.053339174
40650,0.023165731
40651,0.142150145
40652,0.175985258
40653,0.271967529
40654,0.452877081
40655,0.163133959
40656,0.100027964
40657,0.997947132
40658,0.127532675
40659,0.022339937
40660,0.117725389
40661,0.257918392
40662,0.019431667
40663,0.054116893
40664,0.53819526
40665,0.070216724
40666,0.039868433
40667,0.039514007
40668,0.050475733
40669,0.108085208
40670,0.422596084
40671,0.431420195
40672,0.277114628
40673,0.272981935
40674,0.094530886
40675,0.140832315
40676,0.269092289
40677,0.118562083
40678,0.085510604
40679,0.055299316
40680,0.503102505
40681,0.272766613
40682,0.049678503
40683,0.515892697
40684,0.274735733
40685,0.071732419
40686,0.109767082
40687,0.065034271
40688,0.054170201
40689,0.013904123
40690,0.028787001
40691,0.049717124
40692,0.072013381
40693,0.08184794
40694,0.116942927
40695,0.540914047
40696,0.676012857
40697,0.266760928
40698,0.27392526
40699,0.617534154
40700,0.095322763
40701,0.016666159
40702,0.058330727
40703,0.071599597
40704,0.113972674
40705,0.260395138
40706,0.057976133
40707,0.02975211
40708,0.046227572
40709,0.131446862
40710,0.041769728
40711,0.091080671
40712,0.029866674
40713,0.046052725
40714,0.01657807
40715,0.01712938
40716,0.008868216
40717,0.028379431
40718,0.098095932
40719,0.053799129
40720,0.069947698
40721,0.261536096
40722,0.113588715
40723,0.397669981
40724,0.823397082
40725,0.648952795
40726,0.277692373
40727,0.121401509
40728,0.05260802
40729,0.016942092
40730,0.045658231
40731,0.094692204
40732,0.997851017
40733,0.042948726
40734,0.019413627
40735,0.062255318
40736,0.040451887
40737,0.26130013
40738,0.035556977
40739,0.052759503
40740,0.018188499
40741,0.048833421
40742,0.023284042
40743,0.070568383
40744,0.10644937
40745,0.554612639
40746,0.425149697
40747,0.39352907
40748,0.970611079
40749,0.269136318
40750,0.289032554
40751,0.151518252
40752,0.029080493
40753,0.051815019
40754,0.063890992
40755,0.039944161
40756,0.044968666
40757,0.443440537
40758,0.092321073
40759,0.265952141
40760,0.042102028
40761,0.108337108
40762,0.111858978
40763,0.138265678
40764,0.147492385
40765,0.056270113
40766,0.023926204
40767,0.038683135
40768,0.109320543
40769,0.999341659
40770,0.389724441
40771,0.723780358
40772,0.394171385
40773,0.175248684
40774,0.105402947
40775,0.075312976
40776,0.040170689
40777,0.005355379
40778,0.027701581
40779,0.005752063
40780,0.045443319
40781,0.122085206
40782,0.094438408
40783,0.062524036
40784,0.16149915
40785,0.024808783
40786,0.067077504
40787,0.274066575
40788,0.050745857
40789,0.106227684
40790,0.166915997
40791,0.04509007
40792,0.003118795
40793,0.100203171
40794,0.117097607
40795,0.085246473
40796,0.11200623
40797,0.11074793
40798,0.084249214
40799,0.055119567
40800,0.113946007
40801,0.101244493
40802,0.054270431
40803,0.008677404
40804,0.094468937
40805,0.0101197
40806,0.098872576
40807,0.036551871
40808,0.12707104
40809,0.043635618
40810,0.071793775
40811,0.04798134
40812,0.155056566
40813,0.281501096
40814,0.64575396
40815,0.102001569
40816,0.032242885
40817,0.062222321
40818,0.019364299
40819,0.06381979
40820,0.133759595
40821,0.010182737
40822,0.031389634
40823,0.02006426
40824,0.011735324
40825,0.029234901
40826,0.074282327
40827,0.063061637
40828,0.45506096
40829,0.013968846
40830,0.018688988
40831,0.057199399
40832,0.071311744
40833,0.073351106
40834,0.29454233
40835,0.28834248
40836,0.011300515
40837,0.261296566
40838,0.030237426
40839,0.016359352
40840,0.066610711
40841,0.25973922
40842,0.043053522
40843,0.156055136
40844,0.028515273
40845,0.104984739
40846,0.073637802
40847,0.050559385
40848,0.020600598
40849,0.028227586
40850,0.074984704
40851,0.172529577
40852,0.02924809
40853,0.017984094
40854,0.021004417
40855,0.05500882
40856,0.074715928
40857,0.259599759
40858,0.066120561
40859,0.261657842
40860,0.088677777
40861,0.026026514
40862,0.045405965
40863,0.030373524
40864,0.283441695
40865,0.019963815
40866,0.277415401
40867,0.018275974
40868,0.068068944
40869,0.039705811
40870,0.008890145
40871,0.485550241
40872,0.678588888
40873,0.113889003
40874,0.087752403
40875,0.010527376
40876,0.071276922
40877,0.04696635
40878,0.055419766
40879,0.088052746
40880,0.073625432
40881,0.093850389
40882,0.997343817
40883,0.081469838
40884,0.017123026
40885,0.072544993
40886,0.079243101
40887,0.018861882
40888,0.050941398
40889,0.1109864
40890,0.313077974
40891,0.057119918
40892,0.135356931
40893,0.076787254
40894,0.021577502
40895,0.079504709
40896,0.026085202
40897,0.021975221
40898,0.060859898
40899,0.047536551
40900,0.028585893
40901,0.058602964
40902,0.005808095
40903,0.264146228
40904,0.034083109
40905,0.042966089
40906,0.015775532
40907,0.035913812
40908,0.064320843
40909,0.097628779
40910,0.019190318
40911,0.050945162
40912,0.999992074
40913,0.064774195
40914,0.068819265
40915,0.052910463
40916,0.044265727
40917,0.046841379
40918,0.046083477
40919,0.01532277
40920,0.01560685
40921,0.269557126
40922,0.029037892
40923,0.005983877
40924,0.008782327
40925,0.085096087
40926,0.017589475
40927,0.116757643
40928,0.051093719
40929,0.052686722
40930,0.278184527
40931,0.022113331
40932,0.016845071
40933,0.018972345
40934,0.052920357
40935,0.035829546
40936,0.108811618
40937,0.070918336
40938,0.011543449
40939,0.015429668
40940,0.052448921
40941,0.118452611
40942,0.09206271
40943,0.081097032
40944,0.0634099
40945,0.022510663
40946,0.050784246
40947,0.018868656
40948,0.052075807
40949,0.127404688
40950,0.124036504
40951,0.008671809
40952,0.027379566
40953,0.056964042
40954,0.056002179
40955,0.099184041
40956,0.015367981
40957,0.12522595
40958,0.286342368
40959,0.015188189
40960,0.023174077
40961,0.019678111
40962,0.022328031
40963,0.064975878
40964,0.027013063
40965,0.043806418
40966,0.014376412
40967,0.055120567
40968,0.076084943
40969,0.028506585
40970,0.044664188
40971,0.008772201
40972,0.03577265
40973,0.064925802
40974,0.266477996
40975,0.045086715
40976,0.048500152
40977,0.057966739
40978,0.065075722
40979,0.022576914
40980,0.010063164
40981,0.074851341
40982,0.016702541
40983,0.095479769
40984,0.006211863
40985,0.141644041
40986,0.017991245
40987,0.040643992
40988,0.010573436
40989,0.008681538
40990,0.027220326
40991,0.074221971
40992,0.066318205
40993,0.16119663
40994,0.02481291
40995,0.055549375
40996,0.028419336
40997,0.030994023
40998,0.300131259
40999,0.257342724
41000,0.089292268
41001,0.046512966
41002,0.027668726
41003,0.042356548
41004,0.059479969
41005,0.028326402
41006,0.035454516
41007,0.041691548
41008,0.136599284
41009,0.04079461
41010,0.07292657
41011,0.156328066
41012,0.146883637
41013,0.022986183
41014,0.042107152
41015,0.163164575
41016,0.181855755
41017,0.109949021
41018,0.098901112
41019,0.066725999
41020,0.015631085
41021,0.128972639
41022,0.030945669
41023,0.812897131
41024,0.133447961
41025,0.281032874
41026,0.048113715
41027,0.037463746
41028,0.0307669
41029,0.015602082
41030,0.110955776
41031,0.555113374
41032,0.503682231
41033,0.039764069
41034,0.09136659
41035,0.02343129
41036,0.138988841
41037,0.170553644
41038,0.044711175
41039,0.055464253
41040,0.055345761
41041,0.109378004
41042,0.287521859
41043,0.12859073
41044,0.168814875
41045,0.605781238
41046,0.255165036
41047,0.50758282
41048,0.051041253
41049,0.114900369
41050,0.039853968
41051,0.037905409
41052,0.063892915
41053,0.108575903
41054,0.096145629
41055,0.083597466
41056,0.031238313
41057,0.050954201
41058,0.083569911
41059,0.258744517
41060,0.04413103
41061,0.024732975
41062,0.056154707
41063,0.05261438
41064,0.040559872
41065,0.061777095
41066,0.169736106
41067,0.186459098
41068,0.039801499
41069,0.015779139
41070,0.139235963
41071,0.119831016
41072,0.079795477
41073,0.458526972
41074,0.463242565
41075,0.078497062
41076,0.051343756
41077,0.019270994
41078,0.046574075
41079,0.063911711
41080,0.106159085
41081,0.164323125
41082,0.454311738
41083,0.039223037
41084,0.047684023
41085,0.02567456
41086,0.025568061
41087,0.038065407
41088,0.152306409
41089,0.053676302
41090,0.064903385
41091,0.045210577
41092,0.127499724
41093,0.511391575
41094,0.123188794
41095,0.0198717
41096,0.024433264
41097,0.045439846
41098,0.059245812
41099,0.101543128
41100,0.152391101
41101,0.109669188
41102,0.090354457
41103,0.05306862
41104,0.037790025
41105,0.030287188
41106,0.024571263
41107,0.034609673
41108,0.110095909
41109,0.060124607
41110,0.082158422
41111,0.02137869
41112,0.052104734
41113,0.026947308
41114,0.017542693
41115,0.020300357
41116,0.024171164
41117,0.054444699
41118,0.026019071
41119,0.075706238
41120,0.495368338
41121,0.421326337
41122,0.049066796
41123,0.045051556
41124,0.100905335
41125,0.050337475
41126,0.018189841
41127,0.062000845
41128,0.017137214
41129,0.020403709
41130,0.265423398
41131,0.023830024
41132,0.020555299
41133,0.028040844
41134,0.070555365
41135,0.062717728
41136,0.124326799
41137,0.266166708
41138,0.264914084
41139,0.065846674
41140,0.054330723
41141,0.020264989
41142,0.048920137
41143,0.044714189
41144,0.391659361
41145,0.042132954
41146,0.572315329
41147,0.124841322
41148,0.109287495
41149,0.044712857
41150,0.036709945
41151,0.056873479
41152,0.018705963
41153,0.016960405
41154,0.075455405
41155,0.045242605
41156,0.075697041
41157,0.069222669
41158,0.092432453
41159,0.122936483
41160,0.477187271
41161,0.075210962
41162,0.028606119
41163,0.070774928
41164,0.015566502
41165,0.047325132
41166,0.108233915
41167,0.056537986
41168,0.111759892
41169,0.055199753
41170,0.085045467
41171,0.053499539
41172,0.05612085
41173,0.018365464
41174,0.137163294
41175,0.048027435
41176,0.023866689
41177,0.01803281
41178,0.041208399
41179,0.058584636
41180,0.066071215
41181,0.117327603
41182,0.078608074
41183,0.270678929
41184,0.113571344
41185,0.256553008
41186,0.006592325
41187,0.066786324
41188,0.054823186
41189,0.048355251
41190,0.069204636
41191,0.026089009
41192,0.023506168
41193,0.052689623
41194,0.048889129
41195,0.031849229
41196,0.062735897
41197,0.005517323
41198,0.06039181
41199,0.034681571
41200,0.090130726
41201,0.0794529
41202,0.10884331
41203,0.523907802
41204,0.098944501
41205,0.106034566
41206,0.062533129
41207,0.070449883
41208,0.077009607
41209,0.077987531
41210,0.05074539
41211,0.008605746
41212,0.275919844
41213,0.071326256
41214,0.066475604
41215,0.056210808
41216,0.078254621
41217,0.027028646
41218,0.045824252
41219,0.15597901
41220,0.064323145
41221,0.047076712
41222,0.095800192
41223,0.819319615
41224,0.078964013
41225,0.018454686
41226,0.099922991
41227,0.052024935
41228,0.145664839
41229,0.27480036
41230,0.067545379
41231,0.023285031
41232,0.052250896
41233,0.055722195
41234,0.113331278
41235,0.125755416
41236,0.044793067
41237,0.290350303
41238,0.072897859
41239,0.048403868
41240,0.019147293
41241,0.019190017
41242,0.044963168
41243,0.066808535
41244,0.016211065
41245,0.114931327
41246,0.094707028
41247,0.159949929
41248,0.074867555
41249,0.033148046
41250,0.106895931
41251,0.121764395
41252,0.266305945
41253,0.055941638
41254,0.040518078
41255,0.007218786
41256,0.05742633
41257,0.517803196
41258,0.2832307
41259,0.478476828
41260,0.108706209
41261,0.009703519
41262,0.013076568
41263,0.045421283
41264,0.052549071
41265,0.411781104
41266,0.276269281
41267,0.101172602
41268,0.09191579
41269,0.106961164
41270,0.106780311
41271,0.112811508
41272,0.17146961
41273,0.268406504
41274,0.075009611
41275,0.048699097
41276,0.11098497
41277,0.04793108
41278,0.16190937
41279,0.834608594
41280,0.071446155
41281,0.531271666
41282,0.040551015
41283,0.15489013
41284,0.01067605
41285,0.05039476
41286,0.075242171
41287,0.019743101
41288,0.05441594
41289,0.510642341
41290,0.064095409
41291,0.085522544
41292,0.115846421
41293,0.12610968
41294,0.17053148
41295,0.273219248
41296,0.147611471
41297,0.023707126
41298,0.264381395
41299,0.104456095
41300,0.10718607
41301,0.964274372
41302,0.473601765
41303,0.306697152
41304,0.020719397
41305,0.260536631
41306,0.069761378
41307,0.026676855
41308,0.054366781
41309,0.027643051
41310,0.064550509
41311,0.076945303
41312,0.072960753
41313,0.105502315
41314,0.071003472
41315,0.116013657
41316,0.11194709
41317,0.027423223
41318,0.089245356
41319,0.397986316
41320,0.016502679
41321,0.060765388
41322,0.981622689
41323,0.983887853
41324,0.506448837
41325,0.073270353
41326,0.484952008
41327,0.074911641
41328,0.049944577
41329,0.054190285
41330,0.053405916
41331,0.060115885
41332,0.009379323
41333,0.401594244
41334,0.018752164
41335,0.045403127
41336,0.110069263
41337,0.097779125
41338,0.049266721
41339,0.053095316
41340,0.147628986
41341,0.074760615
41342,0.027053605
41343,0.139851262
41344,0.088885267
41345,0.095263182
41346,0.989256035
41347,0.904946559
41348,0.538367743
41349,0.079927609
41350,0.022506079
41351,0.00657364
41352,0.533120637
41353,0.063456448
41354,0.274744721
41355,0.051022404
41356,0.084983776
41357,0.016740933
41358,0.085204952
41359,0.105408977
41360,0.100892267
41361,0.16897017
41362,0.514942019
41363,0.524645741
41364,0.106207027
41365,0.119365557
41366,0.077727202
41367,0.059929321
41368,0.097305168
41369,0.049847957
41370,0.028771997
41371,0.025517521
41372,0.12598461
41373,0.139009147
41374,0.057925796
41375,0.081064628
41376,0.020386451
41377,0.962514565
41378,0.997008418
41379,0.98499491
41380,0.042143015
41381,0.134287808
41382,0.51746564
41383,0.014781513
41384,0.01639947
41385,0.067911271
41386,0.087467813
41387,0.051116448
41388,0.427202845
41389,0.998190193
41390,0.077085988
41391,0.107786121
41392,0.071365684
41393,0.090595518
41394,0.062554263
41395,0.112820513
41396,0.098608591
41397,0.029931516
41398,0.102128724
41399,0.095612688
41400,0.114637071
41401,0.053664162
41402,0.272213382
41403,0.262224625
41404,0.105750756
41405,0.066343141
41406,0.103305463
41407,0.055084758
41408,0.284945506
41409,0.036107875
41410,0.050939303
41411,0.04699976
41412,0.016475421
41413,0.015527672
41414,0.061981087
41415,0.053423981
41416,0.270842653
41417,0.731423645
41418,0.143291475
41419,0.127875405
41420,0.096324221
41421,0.115756411
41422,0.099699631
41423,0.626444611
41424,0.078671183
41425,0.031889311
41426,0.124176488
41427,0.139106341
41428,0.258226114
41429,0.461647497
41430,0.274565453
41431,0.106823307
41432,0.999456083
41433,0.122622543
41434,0.019950163
41435,0.112279284
41436,0.143221414
41437,0.019214583
41438,0.054803663
41439,0.575212173
41440,0.066009568
41441,0.038986409
41442,0.04262134
41443,0.056185077
41444,0.109454154
41445,0.431641339
41446,0.270323185
41447,0.273097124
41448,0.288358066
41449,0.094689839
41450,0.120352546
41451,0.269965729
41452,0.019019645
41453,0.11840937
41454,0.079360165
41455,0.038850333
41456,0.509432239
41457,0.268786522
41458,0.047992285
41459,0.316428897
41460,0.44727233
41461,0.08099056
41462,0.106944056
41463,0.071327684
41464,0.015035297
41465,0.033146419
41466,0.04577302
41467,0.0564192
41468,0.082881395
41469,0.119240164
41470,0.50116042
41471,0.710507777
41472,0.473383247
41473,0.153123403
41474,0.57424089
41475,0.059795502
41476,0.017735324
41477,0.055364924
41478,0.065972847
41479,0.130108038
41480,0.253690086
41481,0.053929163
41482,0.023980971
41483,0.055068219
41484,0.130005356
41485,0.041687782
41486,0.101051122
41487,0.021162799
41488,0.017147498
41489,0.047382859
41490,0.01910714
41491,0.017506525
41492,0.007914037
41493,0.02785411
41494,0.089024724
41495,0.054197792
41496,0.079286726
41497,0.270806748
41498,0.12031443
41499,0.38838884
41500,0.822588066
41501,0.63772919
41502,0.186419568
41503,0.094813772
41504,0.048928961
41505,0.099771076
41506,0.014815969
41507,0.02181189
41508,0.996901508
41509,0.055720114
41510,0.058463225
41511,0.045411903
41512,0.258739125
41513,0.041727751
41514,0.016939775
41515,0.049538656
41516,0.015894681
41517,0.028185816
41518,0.075280646
41519,0.108815704
41520,0.53944295
41521,0.45520362
41522,0.262621028
41523,0.982543468
41524,0.266115741
41525,0.297979141
41526,0.146091802
41527,0.043576903
41528,0.024389537
41529,0.050596878
41530,0.048208739
41531,0.055805744
41532,0.041696612
41533,0.452667466
41534,0.096285459
41535,0.392095201
41536,0.04238661
41537,0.111585756
41538,0.116043048
41539,0.138527458
41540,0.13486771
41541,0.053043177
41542,0.03995983
41543,0.094906947
41544,0.998824412
41545,0.411240011
41546,0.658553423
41547,0.389608462
41548,0.154402718
41549,0.109996346
41550,0.056041304
41551,0.039132731
41552,0.0227716
41553,0.008637071
41554,0.060991617
41555,0.116163869
41556,0.104661439
41557,0.052598274
41558,0.156950628
41559,0.055240566
41560,0.294713894
41561,0.058224383
41562,0.009211901
41563,0.092805102
41564,0.149147118
41565,0.045096397
41566,0.003194919
41567,0.26301331
41568,0.112101307
41569,0.074669734
41570,0.105897876
41571,0.091677123
41572,0.067932817
41573,0.052641218
41574,0.122421833
41575,0.106635647
41576,0.051911417
41577,0.007626958
41578,0.119649711
41579,0.007729958
41580,0.118036908
41581,0.037538587
41582,0.112615879
41583,0.049231441
41584,0.063859572
41585,0.00763425
41586,0.06204688
41587,0.142934436
41588,0.274453539
41589,0.629876684
41590,0.083642485
41591,0.013692251
41592,0.030494004
41593,0.064908712
41594,0.016777645
41595,0.063361204
41596,0.114709743
41597,0.015330636
41598,0.029559898
41599,0.015382488
41600,0.00976626
41601,0.028884643
41602,0.070792422
41603,0.059443766
41604,0.477645417
41605,0.01352479
41606,0.015105579
41607,0.0539931
41608,0.064475692
41609,0.078062663
41610,0.484488298
41611,0.281434911
41612,0.007130026
41613,0.269462894
41614,0.031331661
41615,0.015999322
41616,0.066791411
41617,0.150446351
41618,0.035089654
41619,0.171431083
41620,0.016346432
41621,0.020175599
41622,0.022296532
41623,0.129534281
41624,0.075640761
41625,0.04753822
41626,0.018606164
41627,0.02604998
41628,0.075729403
41629,0.259925596
41630,0.029613158
41631,0.008481536
41632,0.021518498
41633,0.019519494
41634,0.077996103
41635,0.277383198
41636,0.068890406
41637,0.269356394
41638,0.072660131
41639,0.017577051
41640,0.048941843
41641,0.041002412
41642,0.033393975
41643,0.390726
41644,0.280114584
41645,0.021099771
41646,0.076540461
41647,0.041357944
41648,0.01111087
41649,0.275843411
41650,0.62340098
41651,0.096399346
41652,0.078469791
41653,0.010966873
41654,0.055270963
41655,0.044439613
41656,0.053083938
41657,0.075344484
41658,0.07281774
41659,0.095846635
41660,0.991839496
41661,0.077345742
41662,0.073854587
41663,0.064775723
41664,0.10935186
41665,0.316746676
41666,0.061091154
41667,0.148450116
41668,0.069122045
41669,0.024443773
41670,0.077230078
41671,0.022883545
41672,0.023175444
41673,0.055851254
41674,0.044916203
41675,0.026496816
41676,0.055045983
41677,0.007013237
41678,0.278799583
41679,0.030703624
41680,0.038553766
41681,0.018502578
41682,0.028688488
41683,0.07809538
41684,0.08080336
41685,0.058370654
41686,0.998473825
41687,0.040651025
41688,0.090495258
41689,0.045704097
41690,0.046374376
41691,0.03997412
41692,0.038780329
41693,0.010851922
41694,0.016510418
41695,0.294672812
41696,0.024570997
41697,0.007774716
41698,0.105751982
41699,0.104400226
41700,0.048796307
41701,0.038711617
41702,0.273118126
41703,0.055988712
41704,0.038065518
41705,0.286131547
41706,0.068080279
41707,0.019357799
41708,0.015859139
41709,0.055091372
41710,0.136877895
41711,0.056985151
41712,0.075516666
41713,0.07209779
41714,0.0500286
41715,0.109307297
41716,0.264692916
41717,0.012408996
41718,0.007582081
41719,0.008988529
41720,0.016680323
41721,0.01520287
41722,0.00848275
41723,0.014560632
41724,0.030688285
41725,0.051190288
41726,0.044703927
41727,0.107969208
41728,0.144139834
41729,0.288769881
41730,0.017029873
41731,0.008792812
41732,0.018912596
41733,0.018472075
41734,0.014717959
41735,0.023600901
41736,0.003906879
41737,0.009890758
41738,0.006981515
41739,0.064265002
41740,0.024563308
41741,0.048970242
41742,0.013217085
41743,0.092958585
41744,0.042858749
41745,0.033301626
41746,0.078122645
41747,0.010101887
41748,0.27538128
41749,0.053622736
41750,0.061904737
41751,0.067091824
41752,0.060231124
41753,0.023607846
41754,0.080557886
41755,0.015317696
41756,0.098837509
41757,0.150319746
41758,0.016618945
41759,0.008120525
41760,0.031793205
41761,0.0300969
41762,0.011146442
41763,0.026398963
41764,0.02269749
41765,0.074013163
41766,0.063449498
41767,0.033019384
41768,0.173064687
41769,0.024721989
41770,0.025739727
41771,0.043827003
41772,0.027493786
41773,0.298847134
41774,0.152402049
41775,0.012050035
41776,0.090120135
41777,0.018662244
